model,channel,support_threshold,n_heldout_cases,n_p_root_families,n_distinct_mapped_s_contexts,candidate_count,percent_rank_improved,percent_rank_worsened,percent_rank_tied,top1_rescues,top1_losses,top1_net,baseline_recall_at_1,baseline_recall_at_5,baseline_recall_at_10,baseline_mrr,baseline_median_rank,baseline_mean_rank,offset_recall_at_1,offset_recall_at_5,offset_recall_at_10,offset_mrr,offset_median_rank,offset_mean_rank,recall_at_1_gain,recall_at_5_gain,recall_at_10_gain,human_interpretation
bge_m3_1024d,cn_def,3,2398,320,177,6039,50.20850708924104,47.956630525437866,1.834862385321101,2,0,2,0.003336113427856547,0.0237698081734779,0.03669724770642202,0.017001961996723193,1163.5,1749.23352793995,0.004170141784820684,0.022101751459549623,0.03502919099249374,0.017390445882232847,1194.0,1726.4720600500416,0.0008340283569641367,-0.0016680567139282752,-0.0016680567139282787,"Across 2,398 held-out members of P families, the correct derived character was rank 1 in 0.33% using S alone and 0.42% after adding r_P."
bge_m3_1024d,cn_def,5,1804,185,164,6039,51.21951219512195,46.84035476718403,1.9401330376940134,2,0,2,0.003880266075388027,0.024390243902439025,0.037694013303769404,0.01720490888705397,1205.5,1765.5593126385809,0.004988913525498891,0.02383592017738359,0.03436807095343681,0.017916907023781993,1175.5,1730.9645232815965,0.0011086474501108643,-0.0005543237250554348,-0.0033259423503325947,
bge_m3_1024d,cn_def,8,1112,86,135,6039,52.42805755395683,45.50359712230216,2.068345323741007,2,0,2,0.002697841726618705,0.024280575539568347,0.03776978417266187,0.016304100830847264,1276.0,1794.7778776978416,0.0044964028776978415,0.02158273381294964,0.03327338129496403,0.017002217825815562,1215.0,1734.1223021582734,0.0017985611510791364,-0.0026978417266187056,-0.0044964028776978415,
bge_m3_1024d,en_def_translated_cn_def,3,2398,320,177,6039,49.9582985821518,48.54045037531276,1.5012510425354462,2,4,-2,0.005838198498748957,0.019599666388657216,0.03419516263552961,0.016484536612875033,1445.0,1949.7718932443704,0.0050041701417848205,0.0158465387823186,0.03252710592160134,0.015228485158177466,1420.0,1937.8073394495414,-0.0008340283569641367,-0.0037531276063386167,-0.0016680567139282718,"Across 2,398 held-out members of P families, the correct derived character was rank 1 in 0.58% using S alone and 0.50% after adding r_P."
bge_m3_1024d,en_def_translated_cn_def,5,1804,185,164,6039,51.108647450110865,47.28381374722838,1.6075388026607538,2,3,-1,0.006097560975609756,0.019401330376940133,0.03547671840354767,0.0166630950050169,1436.5,1971.2439024390244,0.005543237250554324,0.014966740576496674,0.03159645232815964,0.015576921730305797,1423.0,1944.8231707317073,-0.0005543237250554322,-0.004434589800443459,-0.0038802660753880294,
bge_m3_1024d,en_def_translated_cn_def,8,1112,86,135,6039,51.34892086330935,46.76258992805755,1.8884892086330936,0,2,-2,0.006294964028776978,0.01618705035971223,0.03237410071942446,0.015717848722676033,1388.0,1947.431654676259,0.0044964028776978415,0.012589928057553957,0.029676258992805755,0.01441841394301143,1414.0,1906.7275179856115,-0.0017985611510791368,-0.0035971223021582736,-0.0026978417266187056,
bge_m3_1024d,en_gloss_unihan,3,4186,448,211,9152,59.79455327281414,39.46488294314381,0.7405637840420449,18,5,13,0.003105590062111801,0.009077878643096034,0.016244624940277116,0.009492681737951484,1845.0,2729.00955566173,0.006211180124223602,0.027950310559006212,0.04300047778308648,0.020599770426076785,1608.5,2574.9875776397516,0.003105590062111801,0.018872431915910176,0.026755852842809364,"Across 4,186 held-out members of P families, the correct derived character was rank 1 in 0.31% using S alone and 0.62% after adding r_P."
bge_m3_1024d,en_gloss_unihan,5,3577,312,203,9152,60.83310036343305,38.300251607492314,0.8666480290746437,17,4,13,0.0033547665641599105,0.009225608051439753,0.015935141179759575,0.009710961074536817,1852.0,2750.743360357842,0.00698909700866648,0.0273972602739726,0.043052837573385516,0.02110544866526447,1582.0,2577.8353368744756,0.00363433044450657,0.01817165222253285,0.02711769639362594,
bge_m3_1024d,en_gloss_unihan,8,2667,181,190,9152,61.942257217847775,37.232845894263214,0.8248968878890138,14,3,11,0.0026246719160104987,0.008998875140607425,0.015748031496062992,0.009268638690071062,1885.0,2757.6329208848892,0.006749156355455568,0.028871391076115485,0.04461942257217848,0.021838241527852794,1575.0,2588.9377577802775,0.004124484439445069,0.01987251593550806,0.028871391076115485,
bge_m3_1024d,zh_char,3,4763,474,220,11150,68.4232626495906,30.925887045979422,0.650850304429981,7,9,-2,0.003779130799916019,0.014906571488557632,0.02435439848834768,0.011467300210754091,4672.0,4634.63762334663,0.003359227377703128,0.01217719924417384,0.018055847155154313,0.008625168119599578,5609.0,4976.595423052698,-0.00041990342221289107,-0.0027293722443837917,-0.006298551333193368,"Across 4,763 held-out members of P families, the correct derived character was rank 1 in 0.38% using S alone and 0.34% after adding r_P."
bge_m3_1024d,zh_char,5,4181,346,215,11150,68.69170055010763,30.590767758909355,0.7175316909830185,6,7,-1,0.0035876584549150922,0.01530734274097106,0.024874431954077972,0.011567097852518058,4669.0,4622.764171250897,0.0033484812245874193,0.012198038746711314,0.01865582396555848,0.008637013488873965,5612.0,5014.902176512796,-0.00023917723032767287,-0.0031093039942597465,-0.006218607988519493,
bge_m3_1024d,zh_char,8,3313,220,201,11150,68.09538182915786,31.21038333836402,0.6942348324781165,5,7,-2,0.00392393600965892,0.016299426501660125,0.025354663447026863,0.012130520877545454,4381.0,4576.926954421974,0.0033202535466344703,0.011771808028976758,0.017506791427709025,0.008373508471812244,5616.0,5039.729550256565,-0.0006036824630244494,-0.004527618472683367,-0.007847872019317838,
gte_multilingual_base_768d,cn_def,3,2398,320,177,6039,55.04587155963303,42.91075896580484,2.043369474562135,3,2,1,0.005421184320266889,0.024603836530442035,0.040033361134278564,0.020059160165273215,1077.0,1806.6042535446204,0.005838198498748957,0.02335279399499583,0.04420350291909925,0.020544740495949093,956.5,1669.8302752293578,0.00041701417848206794,-0.0012510425354462056,0.004170141784820683,"Across 2,398 held-out members of P families, the correct derived character was rank 1 in 0.54% using S alone and 0.58% after adding r_P."
gte_multilingual_base_768d,cn_def,5,1804,185,164,6039,56.430155210643015,41.29711751662971,2.272727272727273,3,1,2,0.004988913525498891,0.025498891352549888,0.038802660753880266,0.019771932689347915,1075.5,1796.980044345898,0.006097560975609756,0.02328159645232816,0.04379157427937916,0.020530248295192323,952.0,1652.5626385809312,0.0011086474501108652,-0.0022172949002217286,0.004988913525498892,
gte_multilingual_base_768d,cn_def,8,1112,86,135,6039,56.65467625899281,40.73741007194245,2.6079136690647484,1,0,1,0.0035971223021582736,0.026079136690647483,0.04226618705035971,0.01910582100134833,1054.5,1770.5791366906474,0.0044964028776978415,0.024280575539568347,0.044964028776978415,0.019568943877496105,927.0,1639.8003597122301,0.000899280575539568,-0.001798561151079136,0.002697841726618702,
gte_multilingual_base_768d,en_def_translated_cn_def,3,2398,320,177,6039,53.252710592160135,44.91242702251876,1.834862385321101,4,1,3,0.005838198498748957,0.02585487906588824,0.041701417848206836,0.020117733833911466,1061.5,1747.7814845704754,0.007089241034195163,0.02335279399499583,0.03919933277731443,0.02031147247013123,1040.5,1652.2443703085905,0.0012510425354462056,-0.002502085070892411,-0.002502085070892404,"Across 2,398 held-out members of P families, the correct derived character was rank 1 in 0.58% using S alone and 0.71% after adding r_P."
gte_multilingual_base_768d,en_def_translated_cn_def,5,1804,185,164,6039,54.60088691796009,43.62527716186253,1.7738359201773837,4,1,3,0.004988913525498891,0.027161862527716185,0.04379157427937916,0.02015877123412344,1057.0,1757.6064301552105,0.0066518847006651885,0.02383592017738359,0.04212860310421286,0.020487608086787144,1060.0,1651.6862527716187,0.0016629711751662973,-0.0033259423503325947,-0.0016629711751662973,
gte_multilingual_base_768d,en_def_translated_cn_def,8,1112,86,135,6039,55.57553956834532,42.62589928057554,1.7985611510791366,2,0,2,0.0044964028776978415,0.024280575539568347,0.04226618705035971,0.019184962003212017,1037.5,1764.2553956834533,0.006294964028776978,0.022482014388489208,0.04226618705035971,0.019900428947869774,1050.5,1663.4163669064749,0.0017985611510791368,-0.0017985611510791394,0.0,
gte_multilingual_base_768d,en_gloss_unihan,3,4186,448,211,9152,62.44624940277114,36.76540850453894,0.7883420926899188,22,1,21,0.003105590062111801,0.01051122790253225,0.018633540372670808,0.010413438643172011,1299.0,2344.54204491161,0.008122312470138558,0.029144768275203056,0.0451505016722408,0.02289920941815394,1071.0,2137.5437171524127,0.005016722408026757,0.018633540372670808,0.026516961299569992,"Across 4,186 held-out members of P families, the correct derived character was rank 1 in 0.31% using S alone and 0.81% after adding r_P."
gte_multilingual_base_768d,en_gloss_unihan,5,3577,312,203,9152,63.600782778864975,35.58848196812971,0.8107352530053118,20,1,19,0.0033547665641599105,0.011741682974559686,0.019569471624266144,0.010966289827415229,1278.0,2327.6896840928152,0.008666480290746436,0.02907464355605256,0.04584847637685211,0.023470469537808587,1044.0,2108.0746435560527,0.005311713726586526,0.017332960581492873,0.026279004752585967,
gte_multilingual_base_768d,en_gloss_unihan,8,2667,181,190,9152,64.60442444694414,34.72065991751031,0.6749156355455568,19,1,18,0.0026246719160104987,0.011623547056617924,0.02099737532808399,0.010634879926331088,1262.0,2301.509561304837,0.009373828271466067,0.02962129733783277,0.048368953880764905,0.0246444529472873,1048.0,2086.496062992126,0.006749156355455569,0.017997750281214846,0.027371578552680915,
gte_multilingual_base_768d,zh_char,3,4763,474,220,11150,66.53369724963258,31.82867940373714,1.637623346630275,7,2,5,0.0039890825110224645,0.013646861221918959,0.025194205332773462,0.012266507111440837,4418.0,4333.551753096788,0.005038841066554693,0.015326474910770523,0.023514591643921896,0.011571292306740673,5545.0,4722.099727062776,0.0010497585555322283,0.0016796136888515643,-0.001679613688851566,"Across 4,763 held-out members of P families, the correct derived character was rank 1 in 0.40% using S alone and 0.50% after adding r_P."
gte_multilingual_base_768d,zh_char,5,4181,346,215,11150,66.77828270748624,31.547476680220043,1.6742406122937097,6,2,4,0.003826835685242765,0.014589811049988041,0.02654867256637168,0.012534621637382951,4425.0,4313.606553456111,0.004783544606553456,0.015546519971298732,0.023200191341784263,0.011320639294176737,5577.0,4742.2764888782585,0.0009567089213106906,0.0009567089213106915,-0.0033484812245874185,
gte_multilingual_base_768d,zh_char,8,3313,220,201,11150,66.73709628735284,31.482040446725023,1.7808632659221248,5,2,3,0.004829459704195593,0.016903108964684575,0.029278599456685782,0.014234285834618937,4197.0,4284.9070329006945,0.005734983398732267,0.018110473890733475,0.025354663447026863,0.012725230597626515,5601.0,4748.978267431331,0.0009055236945366739,0.0012073649260488997,-0.003923936009658919,
qwen3_0.6b_1024d,cn_def,3,2398,320,177,6039,54.67055879899917,43.57798165137615,1.7514595496246872,4,2,2,0.0050041701417848205,0.021684737281067557,0.03794829024186822,0.018386525519737476,1101.0,1710.207673060884,0.005838198498748957,0.021267723102585488,0.03586321934945788,0.01900452412268645,991.0,1585.4028356964136,0.0008340283569641367,-0.0004170141784820697,-0.0020850708924103414,"Across 2,398 held-out members of P families, the correct derived character was rank 1 in 0.50% using S alone and 0.58% after adding r_P."
qwen3_0.6b_1024d,cn_def,5,1804,185,164,6039,55.09977827050998,42.96008869179601,1.9401330376940134,4,1,3,0.004988913525498891,0.021618625277161862,0.037694013303769404,0.01820261689120889,1082.5,1705.4118625277163,0.0066518847006651885,0.02106430155210643,0.03547671840354767,0.019524798265375686,1030.5,1583.9739467849224,0.0016629711751662973,-0.0005543237250554313,-0.002217294900221732,
qwen3_0.6b_1024d,cn_def,8,1112,86,135,6039,56.38489208633094,41.81654676258993,1.7985611510791366,1,1,0,0.0044964028776978415,0.02158273381294964,0.03866906474820144,0.01798289369980793,1196.5,1725.1339928057555,0.0044964028776978415,0.018884892086330936,0.0368705035971223,0.01808494025368814,1047.5,1590.2005395683452,0.0,-0.0026978417266187056,-0.0017985611510791394,
qwen3_0.6b_1024d,en_def_translated_cn_def,3,2398,320,177,6039,53.085904920767305,44.99582985821518,1.9182652210175146,0,3,-3,0.004170141784820684,0.022935779816513763,0.03878231859883236,0.01782994062080597,1190.5,1793.4595496246873,0.0029190992493744786,0.022518765638031693,0.03878231859883236,0.01682979213447465,1190.5,1736.2572977481234,-0.0012510425354462051,-0.0004170141784820697,0.0,"Across 2,398 held-out members of P families, the correct derived character was rank 1 in 0.42% using S alone and 0.29% after adding r_P."
qwen3_0.6b_1024d,en_def_translated_cn_def,5,1804,185,164,6039,54.767184035476724,43.23725055432372,1.9955654101995564,0,3,-3,0.005543237250554324,0.022727272727272728,0.040465631929046564,0.018689954360874783,1208.0,1817.6873614190688,0.003880266075388027,0.022172949002217297,0.03991130820399113,0.017377221949446027,1216.0,1741.6308203991132,-0.0016629711751662973,-0.0005543237250554313,-0.0005543237250554348,
qwen3_0.6b_1024d,en_def_translated_cn_def,8,1112,86,135,6039,55.93525179856115,41.81654676258993,2.2482014388489207,0,3,-3,0.007194244604316547,0.02068345323741007,0.03776978417266187,0.01890339528599513,1246.5,1858.2553956834533,0.0044964028776978415,0.02068345323741007,0.03776978417266187,0.017332446441588663,1237.5,1758.6564748201438,-0.0026978417266187056,0.0,0.0,
qwen3_0.6b_1024d,en_gloss_unihan,3,4186,448,211,9152,59.14954610606784,40.13377926421405,0.716674629718108,19,5,14,0.003105590062111801,0.009555661729574774,0.015527950310559006,0.010010687294743576,1280.0,2334.246536072623,0.006450071667462972,0.032250358337314856,0.04897276636407071,0.022776914216557753,1217.0,2266.4027711419017,0.003344481605351171,0.02269469660774008,0.033444816053511704,"Across 4,186 held-out members of P families, the correct derived character was rank 1 in 0.31% using S alone and 0.65% after adding r_P."
qwen3_0.6b_1024d,en_gloss_unihan,5,3577,312,203,9152,60.162147050601064,39.138943248532286,0.698909700866648,19,4,15,0.0027956388034665923,0.010064299692479732,0.016214705060106235,0.01008141653767868,1249.0,2317.289348616159,0.00698909700866648,0.033547665641599105,0.05060106234274532,0.023773117756825387,1164.0,2238.67766284596,0.004193458205199888,0.023483365949119372,0.034386357282639085,
qwen3_0.6b_1024d,en_gloss_unihan,8,2667,181,190,9152,61.11736032995876,38.13273340832396,0.7499062617172854,14,3,11,0.0026246719160104987,0.010498687664041995,0.01687289088863892,0.010371558078090447,1246.0,2292.4469441319834,0.006749156355455568,0.03562054743157105,0.05174353205849269,0.024367333623713617,1177.0,2211.1229846269216,0.004124484439445069,0.025121859767529058,0.03487064116985377,
qwen3_0.6b_1024d,zh_char,3,4763,474,220,11150,67.83539785849256,30.883896703758136,1.2807054377493177,13,2,11,0.004828889355448247,0.01637623346630275,0.0258240604660928,0.014348931181792054,1277.0,2345.711946252362,0.007138358177619148,0.023514591643921896,0.03905101826579887,0.020437746069697275,842.0,2000.8545034642032,0.002309468822170901,0.007138358177619146,0.01322695779970607,"Across 4,763 held-out members of P families, the correct derived character was rank 1 in 0.48% using S alone and 0.71% after adding r_P."
qwen3_0.6b_1024d,zh_char,5,4181,346,215,11150,68.38077015068166,30.208084190385076,1.4111456589332696,12,2,10,0.0052618990672088015,0.017699115044247787,0.0272662042573547,0.014986907776180738,1255.0,2318.050466395599,0.00765367137048553,0.024156900263094954,0.03994259746472136,0.02112794417247797,838.0,1964.3405883759865,0.0023917723032767287,0.006457785218847167,0.012676393207366663,
qwen3_0.6b_1024d,zh_char,8,3313,220,201,11150,68.63869604587987,29.821913673407785,1.5393902807123452,9,1,8,0.005131300935707818,0.017506791427709025,0.028071234530636886,0.015145431642865952,1222.0,2293.3468155750074,0.007546030787805615,0.02444913975249019,0.04195593118019922,0.021532359540501003,834.0,1940.024147298521,0.002414729852097797,0.006942348324781165,0.013884696649562333,
qwen3_4b_2560d_int8,cn_def,3,2398,320,177,6039,53.044203502919096,44.28690575479566,2.6688907422852375,5,2,3,0.0050041701417848205,0.02793994995829858,0.04670558798999166,0.021145921551592197,1051.0,1691.802752293578,0.006255212677231026,0.02627189324437031,0.048790658882402,0.0217352451285033,995.0,1597.2944120100083,0.0012510425354462056,-0.0016680567139282718,0.0020850708924103414,"Across 2,398 held-out members of P families, the correct derived character was rank 1 in 0.50% using S alone and 0.63% after adding r_P."
qwen3_4b_2560d_int8,cn_def,5,1804,185,164,6039,52.60532150776053,44.345898004434595,3.048780487804878,3,0,3,0.004988913525498891,0.027161862527716185,0.04767184035476718,0.020875480545381155,1056.0,1679.889689578714,0.0066518847006651885,0.026607538802660754,0.048226164079822616,0.02163785058229233,1005.0,1590.7976718403547,0.0016629711751662973,-0.0005543237250554313,0.0005543237250554348,
qwen3_4b_2560d_int8,cn_def,8,1112,86,135,6039,53.68705035971223,42.89568345323741,3.41726618705036,2,0,2,0.0044964028776978415,0.029676258992805755,0.052158273381294966,0.021981609746400652,1114.5,1717.6205035971223,0.006294964028776978,0.02877697841726619,0.053057553956834536,0.022429692218715276,993.5,1595.946942446043,0.0017985611510791368,-0.0008992805755395662,0.0008992805755395697,
qwen3_4b_2560d_int8,en_def_translated_cn_def,3,2398,320,177,6039,52.835696413678065,44.78732276897415,2.37698081734779,5,3,2,0.0045871559633027525,0.02835696413678065,0.04670558798999166,0.020086956369529993,1205.0,1808.9416180150124,0.005421184320266889,0.027522935779816515,0.04795663052543787,0.020795507575675675,1203.5,1766.7356130108424,0.0008340283569641367,-0.0008340283569641359,0.001251042535446209,"Across 2,398 held-out members of P families, the correct derived character was rank 1 in 0.46% using S alone and 0.54% after adding r_P."
qwen3_4b_2560d_int8,en_def_translated_cn_def,5,1804,185,164,6039,54.490022172949004,43.23725055432372,2.272727272727273,4,3,1,0.004988913525498891,0.027161862527716185,0.046008869179600884,0.01982418828664793,1190.0,1810.3752771618626,0.005543237250554324,0.026607538802660754,0.04767184035476718,0.020630388227253053,1192.0,1761.1635254988914,0.000554323725055433,-0.0005543237250554313,0.0016629711751662973,
qwen3_4b_2560d_int8,en_def_translated_cn_def,8,1112,86,135,6039,55.03597122302158,42.62589928057554,2.338129496402878,3,2,1,0.00539568345323741,0.02877697841726619,0.047661870503597124,0.020685762268350213,1186.0,1863.7742805755395,0.006294964028776978,0.02787769784172662,0.048561151079136694,0.021174475453920538,1172.0,1792.7904676258993,0.000899280575539568,-0.0008992805755395697,0.0008992805755395697,
qwen3_4b_2560d_int8,en_gloss_unihan,3,4186,448,211,9152,59.19732441471572,39.512661251791684,1.2900143334925944,17,5,12,0.006211180124223602,0.019827998088867656,0.02866698518872432,0.017245555915943733,970.0,2136.7651696129956,0.009077878643096034,0.03153368370759675,0.053989488772097464,0.026349580840319492,938.5,2041.6063067367415,0.002866698518872432,0.011705685618729096,0.025322503583373145,"Across 4,186 held-out members of P families, the correct derived character was rank 1 in 0.62% using S alone and 0.91% after adding r_P."
qwen3_4b_2560d_int8,en_gloss_unihan,5,3577,312,203,9152,60.10623427453174,38.551859099804304,1.3419066256639642,15,4,11,0.0061504053676265024,0.019849035504612804,0.02907464355605256,0.01743676383773983,938.0,2132.9756779424097,0.009225608051439753,0.03270897400055913,0.05703103159071848,0.027041442773636803,871.0,2026.5146771037182,0.003075202683813251,0.012859938495946327,0.027956388034665918,
qwen3_4b_2560d_int8,en_gloss_unihan,8,2667,181,190,9152,61.19235095613048,37.30783652043495,1.4998125234345707,10,4,6,0.006749156355455568,0.021747281589801274,0.03262092238470191,0.01848616803437647,969.0,2163.607424071991,0.008998875140607425,0.03524559430071241,0.05924259467566554,0.02742300185574601,900.0,2046.3520809898762,0.002249718785151857,0.013498312710911137,0.026621672290963627,
qwen3_4b_2560d_int8,zh_char,3,4763,474,220,11150,69.87192945622508,28.406466512702078,1.721604031072853,27,5,22,0.006928406466512702,0.025614108754986355,0.044089859332353556,0.02234055357462157,526.0,1831.0401007768214,0.011547344110854504,0.042410245643501994,0.07453285744278816,0.03509346321582081,313.0,1572.6099097207643,0.004618937644341801,0.01679613688851564,0.030442998110434605,"Across 4,763 held-out members of P families, the correct derived character was rank 1 in 0.69% using S alone and 1.15% after adding r_P."
qwen3_4b_2560d_int8,zh_char,5,4181,346,215,11150,69.887586701746,28.390337239894762,1.7220760583592443,25,4,21,0.006936139679502512,0.02654867256637168,0.04687873714422387,0.02284148833713117,532.0,1823.29921071514,0.01195886151638364,0.04329107868930878,0.07534082755321693,0.03566993569542949,313.0,1568.0210475962688,0.005022721836881129,0.0167424061229371,0.028462090408993057,
qwen3_4b_2560d_int8,zh_char,8,3313,220,201,11150,69.99698158768489,28.191971023241774,1.8110473890733476,19,4,15,0.006036824630244492,0.028071234530636886,0.04829459704195593,0.022591193394912296,550.0,1825.7736190763658,0.01056444310292786,0.043766978569272565,0.07425294295200724,0.03437332612932502,326.0,1588.789616661636,0.004527618472683369,0.01569574403863568,0.025958345910051306,
