model,channel,support_threshold,matched_n,candidate_count,p_side_baseline_recall_at_1,p_side_offset_recall_at_1,p_side_recall_at_1_gain,p_side_baseline_recall_at_5,p_side_offset_recall_at_5,p_side_recall_at_5_gain,p_side_baseline_recall_at_10,p_side_offset_recall_at_10,p_side_recall_at_10_gain,p_side_baseline_mrr,p_side_offset_mrr,p_side_baseline_median_rank,p_side_offset_median_rank,p_side_baseline_mean_rank,p_side_offset_mean_rank,p_side_percent_rank_improved,p_side_top1_rescues,p_side_top1_losses,s_side_baseline_recall_at_1,s_side_offset_recall_at_1,s_side_recall_at_1_gain,s_side_baseline_recall_at_5,s_side_offset_recall_at_5,s_side_recall_at_5_gain,s_side_baseline_recall_at_10,s_side_offset_recall_at_10,s_side_recall_at_10_gain,s_side_baseline_mrr,s_side_offset_mrr,s_side_baseline_median_rank,s_side_offset_median_rank,s_side_baseline_mean_rank,s_side_offset_mean_rank,s_side_percent_rank_improved,s_side_top1_rescues,s_side_top1_losses
bge_m3_1024d,cn_def,3,1933,6039,0.0031039834454216243,0.0036213140196585617,0.0005173305742369374,0.020693222969477496,0.01965856182100362,-0.0010346611484738748,0.03362648732540093,0.03207449560269012,-0.0015519917227108104,0.015551223039794117,0.01596536340538781,1150.0,1206.0,1750.6735644076564,1732.788411795137,50.54319710294879,1,0,0.0036213140196585617,0.0036213140196585617,0.0,0.008794619762027936,0.012933264355923435,0.004138644593895499,0.011381272633212623,0.02224521469218831,0.010863942058975687,0.007465846291505715,0.013420480795570802,2640.0,999.0,2751.2198654940507,1537.6228660113813,85.35954474909467,3,3
bge_m3_1024d,cn_def,5,1505,6039,0.0033222591362126247,0.003986710963455149,0.0006644518272425244,0.021926910299003323,0.021926910299003323,0.0,0.03521594684385382,0.03189368770764119,-0.0033222591362126255,0.01574406689889325,0.016511864139612604,1177.0,1179.0,1765.1621262458473,1732.3588039867109,51.561461794019934,1,0,0.00132890365448505,0.0026578073089701,0.00132890365448505,0.006644518272425249,0.0106312292358804,0.00398671096345515,0.009966777408637873,0.019933554817275746,0.009966777408637873,0.004921710265160731,0.011831548903534305,2679.0,1059.0,2787.622591362126,1562.3049833887044,85.64784053156146,3,1
bge_m3_1024d,cn_def,8,944,6039,0.0031779661016949155,0.00423728813559322,0.0010593220338983049,0.0211864406779661,0.019067796610169493,-0.002118644067796608,0.03283898305084746,0.03072033898305085,-0.0021186440677966115,0.015022530087280786,0.01573466918504317,1299.5,1237.5,1807.8273305084747,1747.4205508474577,52.86016949152542,1,0,0.00211864406779661,0.0031779661016949155,0.0010593220338983053,0.007415254237288136,0.012711864406779662,0.005296610169491526,0.009533898305084746,0.0211864406779661,0.011652542372881354,0.005433500710400031,0.012883549493674939,2711.0,1073.5,2800.9099576271187,1570.2139830508474,85.38135593220339,2,1
bge_m3_1024d,en_def_translated_cn_def,3,1933,6039,0.005690636316606311,0.0046559751681324365,-0.0010346611484738748,0.016554578375581996,0.012415933781686497,-0.004138644593895499,0.031039834454216243,0.028970512157268494,-0.0020693222969477496,0.01520962041251941,0.014062869961400062,1451.0,1429.0,1957.9658561821004,1948.6482152095189,50.439730988101395,2,4,0.002586652871184687,0.0031039834454216243,0.0005173305742369374,0.006725297465080186,0.00982928091050181,0.0031039834454216243,0.008277289187790998,0.01810657009829281,0.009829280910501812,0.00571161422308629,0.010452647625023268,2741.0,1208.0,2803.5012933264356,1772.0744956026901,83.13502327987584,2,1
bge_m3_1024d,en_def_translated_cn_def,5,1505,6039,0.005980066445182724,0.0053156146179402,-0.0006644518272425244,0.01727574750830565,0.011960132890365448,-0.0053156146179402005,0.03255813953488372,0.02724252491694352,-0.005315614617940199,0.015515859012812081,0.014574691350532869,1442.0,1434.0,1978.5521594684385,1956.2325581395348,51.29568106312292,2,3,0.000664451827242525,0.00132890365448505,0.000664451827242525,0.0053156146179402,0.007973421926910298,0.0026578073089700985,0.006644518272425249,0.015946843853820596,0.009302325581395347,0.0036055311849665242,0.008479170000557755,2758.0,1225.0,2850.091029900332,1801.5581395348838,82.92358803986711,1,0
bge_m3_1024d,en_def_translated_cn_def,8,944,6039,0.006355932203389831,0.00423728813559322,-0.0021186440677966106,0.013771186440677966,0.009533898305084746,-0.0042372881355932195,0.028601694915254237,0.024364406779661018,-0.0042372881355932195,0.014529289122230995,0.013108054888066437,1391.0,1419.5,1965.7754237288136,1920.7966101694915,51.90677966101694,0,2,0.001059322033898305,0.001059322033898305,0.0,0.006355932203389831,0.00847457627118644,0.0021186440677966097,0.007415254237288136,0.014830508474576272,0.007415254237288136,0.004019820224291314,0.008261344507524205,2756.5,1261.0,2862.387711864407,1801.9237288135594,82.20338983050848,0,0
bge_m3_1024d,en_gloss_unihan,3,3636,9152,0.0019251925192519251,0.0049504950495049506,0.003025302530253025,0.007425742574257425,0.02392739273927393,0.016501650165016504,0.013751375137513752,0.03905390539053905,0.0253025302530253,0.007856214866348729,0.018066140409598565,1892.0,1657.0,2773.371287128713,2623.136688668867,59.79097909790979,15,4,0.003025302530253025,0.0049504950495049506,0.0019251925192519254,0.006600660066006601,0.015676567656765675,0.009075907590759075,0.012376237623762377,0.02392739273927393,0.011551155115511552,0.0062779322278978655,0.01271737242654141,4174.0,1824.0,4234.753575357536,2663.1845434543457,87.1012101210121,7,0
bge_m3_1024d,en_gloss_unihan,5,3142,9152,0.0022278803309993636,0.0054105665181413114,0.003182686187141948,0.007956715467854869,0.0241884150222788,0.016231699554423933,0.014003819223424571,0.039783577339274345,0.025779758115849774,0.008252824009779978,0.018757548517692235,1888.0,1612.0,2786.830362826225,2620.3570973901974,60.821133036282625,14,4,0.0022278803309993636,0.004137492043284532,0.0019096117122851682,0.005092297899427116,0.014003819223424571,0.008911521323997456,0.010184595798854232,0.02196053469127944,0.011775938892425208,0.004994328113599282,0.011338578382302532,4228.5,1863.5,4284.592934436664,2697.169000636537,87.11012094207511,6,0
bge_m3_1024d,en_gloss_unihan,8,2377,9152,0.002103491796381994,0.005889777029869584,0.00378628523348759,0.008413967185527976,0.026083298275136727,0.01766933108960875,0.014724442574673959,0.041649137568363484,0.026924694993689526,0.008409575238216569,0.02009036179766975,1898.0,1592.0,2786.615902397981,2618.919646613378,61.92679848548591,12,3,0.002524190155658393,0.004206983592763988,0.0016827934371055953,0.005048380311316786,0.015145140933950358,0.010096760622633573,0.009676062263357174,0.020614219604543543,0.01093815734118637,0.005004072414802236,0.011534482634590925,4233.0,1891.0,4308.944888514935,2704.6785864535127,87.00042069835928,4,0
bge_m3_1024d,zh_char,3,4166,11150,0.0028804608737397984,0.003360537686029765,0.0004800768122899665,0.013682189150264042,0.011041766682669226,-0.002640422467594815,0.023043686989918388,0.01728276524243879,-0.005760921747479598,0.010369831109718619,0.008236513925547959,4687.0,5610.0,4648.119779164666,4988.816130580893,68.4829572731637,6,4,0.009121459433509362,0.010081613058089293,0.0009601536245799312,0.015602496399423908,0.017522803648583773,0.001920307249159866,0.02256361017762842,0.02112337974075852,-0.0014402304368698986,0.013766153182296076,0.014332880379599277,5024.5,5616.0,4973.741478636582,5034.181949111858,73.95583293326933,7,3
bge_m3_1024d,zh_char,5,3682,11150,0.0027159152634437804,0.0032590983161325366,0.0005431830526887562,0.014122759369907659,0.010863661053775122,-0.003259098316132537,0.023628462791960892,0.017653449212384573,-0.005975013579576319,0.010496840289192457,0.0081055349255267,4688.0,5613.0,4645.483161325366,5032.6575230852795,68.8212927756654,5,3,0.008690928843020097,0.00977729494839761,0.0010863661053775123,0.013851167843563281,0.016567083107007063,0.0027159152634437817,0.021184139054861488,0.020369364475828353,-0.0008147745790331347,0.012804791055258865,0.013616544573055727,5042.0,5621.5,4987.103204780011,5055.190385659967,74.25312330255296,6,2
bge_m3_1024d,zh_char,8,2957,11150,0.003043625295908015,0.0033818058843422386,0.00033818058843422365,0.015556307067974298,0.010821778829895164,-0.0047345282380791345,0.02434900236726412,0.01657084883327697,-0.007778153533987149,0.01121590205114898,0.007970706084996242,4552.0,5619.0,4602.365911396686,5054.958741968211,68.21102468718296,4,3,0.009130875887724045,0.010145417653026716,0.001014541765302671,0.013865404125803178,0.016909029421711193,0.0030436252959080146,0.021305377071356105,0.020629015894487658,-0.0006763611768684473,0.013110342284352523,0.014063000605111002,5116.0,5629.0,5032.263780858979,5085.850185999324,74.12918498478187,5,2
gte_multilingual_base_768d,cn_def,3,1933,6039,0.005173305742369374,0.005690636316606311,0.0005173305742369374,0.02379720641489912,0.02224521469218831,-0.0015519917227108104,0.03569580962234868,0.04086911536471805,0.00517330574236937,0.019050899636348317,0.019792175727957228,1058.0,953.0,1815.3678220382824,1675.823590274185,56.07863424728401,3,2,0.0031039834454216243,0.0036213140196585617,0.0005173305742369374,0.008794619762027936,0.012933264355923435,0.004138644593895499,0.011381272633212623,0.02017589239524056,0.008794619762027937,0.007288334826478967,0.013258720704836427,2574.0,870.0,2745.3217796171753,1563.3698913605795,84.89394723228143,2,1
gte_multilingual_base_768d,cn_def,5,1505,6039,0.004651162790697674,0.005980066445182724,0.0013289036544850497,0.02458471760797342,0.022591362126245847,-0.0019933554817275732,0.035880398671096346,0.03986710963455149,0.0039867109634551465,0.018988617646209405,0.02008897280381302,1048.0,950.0,1797.3906976744186,1653.5687707641196,57.3421926910299,3,1,0.0026578073089701,0.0033222591362126247,0.0006644518272425248,0.005980066445182724,0.011960132890365448,0.005980066445182724,0.008637873754152824,0.019933554817275746,0.011295681063122922,0.005757373554246728,0.012364322786386986,2571.0,945.0,2757.9594684385384,1584.3362126245847,85.3156146179402,2,1
gte_multilingual_base_768d,cn_def,8,944,6039,0.00423728813559322,0.005296610169491525,0.0010593220338983049,0.024364406779661018,0.023305084745762712,-0.0010593220338983057,0.037076271186440676,0.03919491525423729,0.0021186440677966115,0.01840021168261146,0.01937918426067022,1026.5,927.0,1778.9830508474577,1647.0783898305085,57.521186440677965,1,0,0.0031779661016949155,0.0031779661016949155,0.0,0.007415254237288136,0.014830508474576272,0.007415254237288136,0.00847457627118644,0.020127118644067795,0.011652542372881354,0.006328554938080965,0.012598745104378434,2621.0,949.5,2766.736228813559,1603.531779661017,84.53389830508475,1,1
gte_multilingual_base_768d,en_def_translated_cn_def,3,1933,6039,0.0046559751681324365,0.005690636316606311,0.0010346611484738748,0.020693222969477496,0.018623900672529746,-0.0020693222969477496,0.03776513191929643,0.03414381789963787,-0.00362131401965856,0.01782425581696897,0.017757198815315477,1045.0,1039.0,1760.1034661148474,1661.6083807553027,53.698913605794104,3,1,0.002586652871184687,0.0036213140196585617,0.0010346611484738748,0.008794619762027936,0.015519917227108122,0.006725297465080186,0.015519917227108122,0.02431453698913606,0.008794619762027937,0.007005414514109428,0.013461668528491679,2699.0,909.0,2800.260217278841,1531.587170201759,83.80755302638386,3,1
gte_multilingual_base_768d,en_def_translated_cn_def,5,1505,6039,0.003986710963455149,0.0053156146179402,0.0013289036544850506,0.022591362126245847,0.019933554817275746,-0.002657807308970101,0.03920265780730897,0.037209302325581395,-0.0019933554817275767,0.01826928096998417,0.018351254612952794,1045.0,1059.0,1763.317607973422,1653.8372093023256,54.81727574750831,3,1,0.00132890365448505,0.0033222591362126247,0.001993355481727575,0.007308970099667774,0.014617940199335547,0.007308970099667774,0.011960132890365448,0.022591362126245847,0.0106312292358804,0.005490453786963572,0.012641197080119416,2668.0,909.0,2809.4544850498337,1541.9388704318937,83.9202657807309,3,0
gte_multilingual_base_768d,en_def_translated_cn_def,8,944,6039,0.0031779661016949155,0.00423728813559322,0.0010593220338983049,0.018008474576271187,0.01694915254237288,-0.0010593220338983057,0.036016949152542374,0.037076271186440676,0.0010593220338983023,0.016516077517162962,0.016842271970074027,994.0,1036.0,1766.8082627118645,1652.656779661017,56.46186440677966,1,0,0.0,0.00211864406779661,0.00211864406779661,0.00847457627118644,0.015889830508474576,0.007415254237288135,0.012711864406779662,0.026483050847457626,0.013771186440677964,0.0048845609334968645,0.012978111532766895,2631.0,869.0,2787.8866525423728,1519.6239406779662,83.58050847457628,2,0
gte_multilingual_base_768d,en_gloss_unihan,3,3636,9152,0.0013751375137513752,0.005775577557755775,0.0044004400440044,0.007975797579757976,0.0242024202420242,0.016226622662266224,0.01595159515951595,0.039603960396039604,0.023652365236523653,0.008288370495321471,0.019289466946049074,1298.5,1100.5,2362.7329482948294,2166.6427392739274,62.348734873487345,16,0,0.004125412541254125,0.005775577557755775,0.0016501650165016502,0.0088008800880088,0.016226622662266228,0.007425742574257427,0.0121012101210121,0.02585258525852585,0.01375137513751375,0.007889357968106707,0.014435097957001835,4165.0,1229.0,4268.755775577558,2124.4961496149617,87.78877887788778,7,1
gte_multilingual_base_768d,en_gloss_unihan,5,3142,9152,0.001591343093570974,0.00668364099299809,0.005092297899427116,0.009229789942711649,0.024506683640993,0.01527689369828135,0.016549968173138127,0.04073838319541693,0.0241884150222788,0.008813487902546211,0.020260282723265976,1279.0,1077.5,2347.0738383195417,2135.1645448758754,63.430935709739025,16,0,0.002864417568427753,0.003500954805856143,0.0006365372374283898,0.007001909611712286,0.013685550604710375,0.006683640992998089,0.009548058561425843,0.023551877784850413,0.01400381922342457,0.006219809103622096,0.012093692023803478,4236.0,1250.5,4319.991088478676,2146.9223424570337,88.0649267982177,3,1
gte_multilingual_base_768d,en_gloss_unihan,8,2377,9152,0.0012620950778291964,0.007572570466975179,0.006310475389145982,0.009676062263357174,0.02524190155658393,0.015565839293226755,0.01851072780816155,0.04291123264619268,0.024400504838031134,0.008942371400080484,0.02168730680768079,1262.0,1077.0,2315.403449726546,2102.474547749264,64.32477913336137,15,0,0.002524190155658393,0.002524190155658393,0.0,0.006731173748422381,0.014724442574673959,0.007993268826251577,0.008834665544804375,0.02187631468237274,0.013041649137568364,0.005644935672474592,0.011559262186056938,4274.0,1229.0,4354.77324358435,2152.916281026504,88.17837610433318,1,1
gte_multilingual_base_768d,zh_char,3,4166,11150,0.0031204992798847817,0.004800768122899664,0.0016802688430148822,0.012962073931829092,0.015122419587133942,0.0021603456553048496,0.024963994239078253,0.023763802208353335,-0.0012001920307249184,0.011590581725010903,0.011524003805447307,4471.5,5551.0,4335.779404704753,4718.646903504561,66.92270763322131,7,0,0.006240998559769563,0.006961113778204513,0.0007201152184349493,0.014642342774843975,0.015362457993278924,0.0007201152184349493,0.018482957273163705,0.019203072491598656,0.000720115218434951,0.010785340978036156,0.011566174728633163,5122.5,5633.0,5018.266442630821,4970.058089294287,72.01152184349496,5,2
gte_multilingual_base_768d,zh_char,5,3682,11150,0.0029875067897881585,0.004617055947854427,0.0016295491580662685,0.013851167843563281,0.015209125475285171,0.00135795763172189,0.026344378055404672,0.023356871265616513,-0.0029875067897881594,0.011810776901960593,0.011262600584488015,4561.5,5590.0,4322.010320478001,4744.161053775122,66.9473112438892,6,0,0.006789788158609452,0.007876154263986964,0.0010863661053775123,0.014665942422596416,0.015752308527973928,0.0010863661053775123,0.018739815317762087,0.019011406844106463,0.0002715915263443759,0.011057502227621302,0.01208962769044221,5207.0,5633.0,5063.965507876154,4982.882400869093,72.37914177077676,5,1
gte_multilingual_base_768d,zh_char,8,2957,11150,0.0037199864727764627,0.005410889414947582,0.001690902942171119,0.016232668244842745,0.01758539059857964,0.0013527223537368946,0.029759891782211702,0.02536354413256679,-0.004396347649644913,0.013336886694899854,0.012485629941170263,4418.0,5605.0,4303.785931687521,4755.985458234697,66.7568481569158,5,0,0.006763611768684477,0.007778153533987149,0.0010145417653026718,0.015218126479540075,0.01657084883327697,0.0013527223537368963,0.019614474129184985,0.020290835306053433,0.0006763611768684473,0.011297734802595546,0.012461237565782633,5193.0,5633.0,5059.043625295908,4972.427122083192,72.8102806898884,4,1
qwen3_0.6b_1024d,cn_def,3,1933,6039,0.004138644593895499,0.005690636316606311,0.0015519917227108122,0.01965856182100362,0.019141231246766685,-0.0005173305742369357,0.03362648732540093,0.03207449560269012,-0.0015519917227108104,0.0167242550511221,0.017809616455547985,1114.0,1005.0,1719.1215726849457,1592.1976202793585,55.04397309881014,3,0,0.0036213140196585617,0.005173305742369374,0.0015519917227108122,0.008794619762027936,0.016554578375581996,0.007759958613554061,0.01189860320744956,0.02586652871184687,0.01396792550439731,0.007536298931711864,0.015020459939703346,2883.0,797.0,2831.1929643041904,1393.3859286083807,85.980341438179,3,0
qwen3_0.6b_1024d,cn_def,5,1505,6039,0.004651162790697674,0.006644518272425249,0.001993355481727575,0.019933554817275746,0.019269102990033222,-0.0006644518272425244,0.03388704318936877,0.03189368770764119,-0.0019933554817275767,0.0171342431702872,0.018560857832259543,1058.0,1024.0,1691.3787375415282,1573.7455149501661,55.14950166112956,3,0,0.0026578073089701,0.004651162790697674,0.0019933554817275745,0.006644518272425249,0.014617940199335547,0.007973421926910298,0.009966777408637873,0.023255813953488372,0.013289036544850499,0.0057357579936078915,0.013612062571299996,2893.0,809.0,2829.8976744186048,1399.1009966777408,86.04651162790698,3,0
qwen3_0.6b_1024d,cn_def,8,944,6039,0.00423728813559322,0.005296610169491525,0.0010593220338983049,0.019067796610169493,0.01694915254237288,-0.0021186440677966115,0.03283898305084746,0.03177966101694915,-0.0010593220338983092,0.01667473609116629,0.017447343982998686,1177.0,1044.5,1708.219279661017,1575.9014830508474,56.99152542372882,1,0,0.00211864406779661,0.00423728813559322,0.00211864406779661,0.007415254237288136,0.015889830508474576,0.008474576271186439,0.01059322033898305,0.025423728813559324,0.014830508474576273,0.0056876112641573145,0.013892163709070378,2807.5,828.0,2805.384533898305,1393.2489406779662,85.48728813559322,2,0
qwen3_0.6b_1024d,en_def_translated_cn_def,3,1933,6039,0.004138644593895499,0.0031039834454216243,-0.0010346611484738748,0.02017589239524056,0.02017589239524056,0.0,0.0346611484738748,0.03517847904811174,0.0005173305742369391,0.016362771525258907,0.015927365998459803,1197.0,1196.0,1806.4883600620797,1749.44076564925,53.54371443352303,0,2,0.0010346611484738748,0.002586652871184687,0.0015519917227108122,0.0046559751681324365,0.012933264355923435,0.008277289187790998,0.00982928091050181,0.020693222969477496,0.010863942058975685,0.004690981990078004,0.012005723202446259,2818.0,1007.0,2856.802897051216,1596.591826176927,84.22141748577342,3,0
qwen3_0.6b_1024d,en_def_translated_cn_def,5,1505,6039,0.0053156146179402,0.003986710963455149,-0.0013289036544850506,0.020598006644518274,0.019269102990033222,-0.0013289036544850523,0.036544850498338874,0.035880398671096346,-0.0006644518272425279,0.017376598203493507,0.016371815268248772,1197.0,1210.0,1813.5647840531562,1742.3760797342193,54.81727574750831,0,2,0.000664451827242525,0.0019933554817275745,0.0013289036544850497,0.003986710963455149,0.011960132890365448,0.0079734219269103,0.009302325581395349,0.019933554817275746,0.010631229235880398,0.003952710756731693,0.011239961942837684,2867.0,1027.0,2904.138870431894,1636.9554817275748,84.65116279069768,2,0
qwen3_0.6b_1024d,en_def_translated_cn_def,8,944,6039,0.006355932203389831,0.00423728813559322,-0.0021186440677966106,0.01694915254237288,0.014830508474576272,-0.0021186440677966097,0.03177966101694915,0.029661016949152543,-0.002118644067796608,0.01668920825460056,0.015284525102294137,1227.0,1216.0,1852.449152542373,1745.8336864406779,56.355932203389834,0,2,0.001059322033898305,0.0031779661016949155,0.0021186440677966106,0.005296610169491525,0.012711864406779662,0.007415254237288137,0.00847457627118644,0.020127118644067795,0.011652542372881354,0.004261413583490663,0.012572017350074818,2887.5,1081.5,2920.2648305084745,1636.1239406779662,84.63983050847457,2,0
qwen3_0.6b_1024d,en_gloss_unihan,3,3636,9152,0.0022002200220022,0.005225522552255226,0.0030253025302530256,0.00825082508250825,0.02942794279427943,0.02117711771177118,0.013201320132013201,0.04455445544554455,0.03135313531353135,0.008685489326552514,0.020553568152768837,1262.0,1227.0,2317.7447744774477,2257.4986248624864,59.35093509350935,15,4,0.0035753575357535755,0.004675467546754675,0.0011001100110010998,0.007150715071507151,0.014026402640264026,0.006875687568756875,0.009625962596259627,0.026402640264026403,0.016776677667766776,0.006512649945298504,0.013728041328594572,4251.0,1196.5,4238.172442244225,2118.319306930693,87.34873487348734,5,1
qwen3_0.6b_1024d,en_gloss_unihan,5,3142,9152,0.0022278803309993636,0.005728835136855506,0.0035009548058561424,0.008911521323997454,0.030872056015276893,0.02196053469127944,0.014003819223424571,0.04614894971355824,0.03214513049013367,0.009023128290309379,0.021609360668321444,1244.5,1169.0,2303.504455760662,2224.4697644812222,60.56651814131126,15,4,0.002546148949713558,0.0038192234245703373,0.0012730744748567792,0.005728835136855506,0.012412476129853597,0.006683640992998091,0.0076384468491406746,0.023870146403564607,0.016231699554423933,0.005059310430660227,0.01240784513435611,4289.0,1200.5,4281.693825588797,2137.8790579248885,87.77848504137492,4,0
qwen3_0.6b_1024d,en_gloss_unihan,8,2377,9152,0.002524190155658393,0.005469078670593185,0.002944888514934792,0.010096760622633571,0.032393773664282706,0.022297013041649133,0.015986537652503154,0.04711821623895667,0.031131678586453517,0.009840604822261177,0.02203685174358589,1237.0,1166.0,2272.6095919225913,2192.373159444678,61.5061001262095,10,3,0.002524190155658393,0.0037862852334875894,0.0012620950778291966,0.005889777029869584,0.013041649137568364,0.00715187210769878,0.007572570466975179,0.023559108119478336,0.015986537652503158,0.0049278185364357305,0.012535846601116167,4368.0,1227.0,4326.267984854859,2177.0521665965503,87.42111905763568,3,0
qwen3_0.6b_1024d,zh_char,3,4166,11150,0.0043206913106096975,0.00672107537205953,0.0024003840614498324,0.015122419587133942,0.022323571771483437,0.007201152184349495,0.024243879020643302,0.037926068170907344,0.013682189150264042,0.01362842014067446,0.01974819504014383,1244.5,837.0,2326.2995679308688,1989.7813250120018,67.81084973595776,12,2,0.0043206913106096975,0.009601536245799328,0.00528084493518963,0.010081613058089293,0.022323571771483437,0.012241958713394143,0.012481997119539127,0.03888622179548728,0.026404224675948152,0.008409027954960405,0.021174063847559748,3998.5,971.5,4464.522083533366,1989.7808449351896,88.11809889582332,24,2
qwen3_0.6b_1024d,zh_char,5,3682,11150,0.004617055947854427,0.007061379684953829,0.0024443237370994023,0.016023900054318304,0.022542096686583378,0.006518196632265074,0.025258011950027158,0.038294405214557306,0.013036393264530148,0.014001339063673183,0.020167914831509273,1228.5,834.5,2298.61515480717,1954.4231395980446,68.35958718087996,11,2,0.0035306898424769147,0.008962520369364476,0.005431830526887562,0.009505703422053232,0.022270505160239002,0.01276480173818577,0.012221618685497012,0.03612167300380228,0.023900054318305268,0.0075816809292938575,0.020577355145568157,4008.0,953.0,4457.773492667029,1982.7824551873982,88.26724606192286,22,2
qwen3_0.6b_1024d,zh_char,8,2957,11150,0.00439634764964491,0.007101792357118702,0.0027054447074737918,0.015556307067974298,0.022658099425093,0.007101792357118702,0.02603990530943524,0.039567128846804196,0.013527223537368956,0.014126490823086256,0.020562416785718164,1182.0,823.0,2277.528238079134,1937.4971254649984,68.51538721677376,9,1,0.0033818058843422386,0.00879269529928982,0.005410889414947582,0.009807237064592493,0.022658099425093,0.012850862360500507,0.013189042948934731,0.036185322962461956,0.022996280013527225,0.007485719421396955,0.020483140507839205,3949.0,971.0,4441.5437943862025,1984.2472100101454,87.99458911058505,18,2
qwen3_4b_2560d_int8,cn_def,3,1933,6039,0.005690636316606311,0.006207966890843249,0.0005173305742369374,0.024831867563372995,0.02379720641489912,-0.0010346611484738748,0.04190377651319193,0.04604242110708743,0.004138644593895499,0.020281344500574602,0.020808251966102573,1039.0,1006.0,1688.2276254526641,1597.4428349715467,53.388515261251946,3,2,0.002586652871184687,0.0031039834454216243,0.0005173305742369374,0.00982928091050181,0.01758923952405587,0.007759958613554061,0.01396792550439731,0.026901189860320744,0.012933264355923435,0.007570519319523045,0.015387965691491966,2734.0,843.0,2795.4573202276256,1377.6063114330057,85.51474392136575,2,1
qwen3_4b_2560d_int8,cn_def,5,1505,6039,0.0053156146179402,0.007308970099667774,0.001993355481727574,0.023920265780730896,0.02458471760797342,0.0006644518272425244,0.0425249169435216,0.045182724252491695,0.0026578073089700976,0.02001828590852686,0.021380423736579748,1020.0,971.0,1660.8691029900333,1573.6365448504982,53.156146179402,3,0,0.00132890365448505,0.0026578073089701,0.00132890365448505,0.007308970099667774,0.015282392026578074,0.0079734219269103,0.0106312292358804,0.023920265780730896,0.013289036544850497,0.00565967825925565,0.014191120488065702,2787.0,813.0,2809.830564784053,1367.0079734219269,85.98006644518273,2,0
qwen3_4b_2560d_int8,cn_def,8,944,6039,0.005296610169491525,0.007415254237288136,0.0021186440677966106,0.025423728813559324,0.025423728813559324,0.0,0.045550847457627115,0.048728813559322036,0.0031779661016949207,0.021174266476292183,0.02222219337399745,1061.5,960.5,1686.5444915254238,1566.2913135593221,54.8728813559322,2,0,0.001059322033898305,0.00211864406779661,0.001059322033898305,0.00847457627118644,0.014830508474576272,0.006355932203389831,0.01059322033898305,0.025423728813559324,0.014830508474576273,0.005887138598085063,0.013764526493972853,2806.0,825.0,2813.5667372881358,1351.6165254237287,86.22881355932203,1,0
qwen3_4b_2560d_int8,en_def_translated_cn_def,3,1933,6039,0.0046559751681324365,0.005173305742369374,0.0005173305742369374,0.024831867563372995,0.02379720641489912,-0.0010346611484738748,0.04086911536471805,0.0429384376616658,0.0020693222969477496,0.01828639241753469,0.019371304974088944,1197.0,1199.0,1812.0310398344543,1769.4743921365753,53.388515261251946,4,3,0.0020693222969477496,0.0020693222969477496,0.0,0.006725297465080186,0.012415933781686497,0.005690636316606311,0.012933264355923435,0.025349198137609934,0.012415933781686499,0.005852691889397822,0.011595995036019085,2714.0,1031.0,2800.2886704604243,1641.3528194516296,84.94568028970512,0,0
qwen3_4b_2560d_int8,en_def_translated_cn_def,5,1505,6039,0.0053156146179402,0.0053156146179402,0.0,0.02524916943521595,0.023920265780730896,-0.0013289036544850523,0.04119601328903655,0.04318936877076412,0.0019933554817275698,0.018810188316282832,0.019478175178908243,1162.0,1186.0,1807.654485049834,1761.4584717607972,54.684385382059794,3,3,0.00132890365448505,0.00132890365448505,0.0,0.006644518272425249,0.011960132890365448,0.005315614617940199,0.0106312292358804,0.02458471760797342,0.013953488372093021,0.004936307661790927,0.010794001868907997,2740.0,1027.0,2836.3740863787375,1659.8890365448506,84.98338870431894,0,0
qwen3_4b_2560d_int8,en_def_translated_cn_def,8,944,6039,0.005296610169491525,0.005296610169491525,0.0,0.024364406779661018,0.022245762711864406,-0.0021186440677966115,0.0413135593220339,0.04343220338983051,0.0021186440677966115,0.01864646868020351,0.018738221217733296,1181.0,1154.5,1867.9819915254238,1787.5338983050847,55.720338983050844,2,2,0.00211864406779661,0.00211864406779661,0.0,0.006355932203389831,0.012711864406779662,0.006355932203389831,0.01059322033898305,0.029661016949152543,0.019067796610169493,0.005440874120395109,0.01177246141497518,2746.5,1023.5,2859.3866525423728,1671.4343220338983,85.16949152542372,0,0
qwen3_4b_2560d_int8,en_gloss_unihan,3,3636,9152,0.004675467546754675,0.0063256325632563256,0.0016501650165016502,0.015126512651265127,0.026127612761276127,0.011001100110011,0.023377337733773377,0.04785478547854786,0.02447744774477448,0.01437525925426816,0.02250965408819821,962.5,942.0,2121.7362486248626,2040.413091309131,59.13091309130913,11,5,0.004675467546754675,0.007150715071507151,0.0024752475247524757,0.010176017601760175,0.016776677667766776,0.006600660066006601,0.015126512651265127,0.028877887788778877,0.01375137513751375,0.008630892289361486,0.016256270438019884,4217.0,1223.5,4221.390264026402,2133.038503850385,86.90869086908691,10,1
qwen3_4b_2560d_int8,en_gloss_unihan,5,3142,9152,0.005092297899427116,0.00732017823042648,0.002227880330999364,0.015913430935709738,0.028007638446849142,0.012094207511139404,0.024506683640993,0.051559516231699555,0.027052832590706555,0.0151250142557763,0.023946435183886186,932.0,868.5,2114.1756842775303,2014.957670273711,60.18459579885423,11,4,0.003182686187141948,0.0054105665181413114,0.0022278803309993636,0.007956715467854869,0.014322087842138766,0.006365372374283897,0.0120942075111394,0.027052832590706555,0.014958625079567155,0.00689666625583019,0.01444255267167981,4257.5,1226.0,4265.630171865054,2153.2654360280076,87.20560152768937,8,1
qwen3_4b_2560d_int8,en_gloss_unihan,8,2377,9152,0.005889777029869584,0.007572570466975179,0.001682793437105595,0.01809002944888515,0.030710980227177113,0.012620950778291964,0.02818679007151872,0.05384938998737905,0.02566259991586033,0.01649489024923009,0.024714691550290033,968.0,902.0,2144.1863693731593,2029.0904501472444,61.37989061842659,8,4,0.002944888514934792,0.005469078670593185,0.002524190155658393,0.008834665544804375,0.015565839293226757,0.006731173748422381,0.012200252419015565,0.027345393352965923,0.015145140933950358,0.0067130807026462855,0.014727947061446919,4328.0,1269.0,4314.052587294909,2176.9886411442994,86.95835086243163,6,0
qwen3_4b_2560d_int8,zh_char,3,4166,11150,0.005760921747479597,0.010321651464234277,0.00456072971675468,0.02256361017762842,0.040326452232357174,0.017762842054728754,0.0400864138262122,0.07129140662506,0.031204992798847808,0.02042326424449582,0.03317800398911664,517.5,309.0,1793.4131060969755,1549.0681709073451,69.80316850696111,24,5,0.007681228996639462,0.02256361017762842,0.014882381180988958,0.019923187710033607,0.059049447911665866,0.03912626020163226,0.0256841094575132,0.08809409505520883,0.06240998559769563,0.014859330465432355,0.04703549464898646,3466.0,375.0,4147.204752760442,1550.198511761882,89.8943831012962,64,2
qwen3_4b_2560d_int8,zh_char,5,3682,11150,0.005975013579576317,0.010863661053775122,0.004888647474198805,0.023900054318305268,0.041281912004345465,0.017381857686040197,0.043183052688756114,0.07251493753394894,0.029331884845192828,0.021209256706580394,0.033960233527680926,520.5,309.0,1783.0719717544812,1540.01412275937,69.85334057577404,22,4,0.006789788158609452,0.020640956002172733,0.013851167843563281,0.019011406844106463,0.057034220532319393,0.038022813688212934,0.024171645844649647,0.08582292232482347,0.06165127648017382,0.013756498785810695,0.04545653902389681,3540.0,372.5,4196.143943508962,1569.3030961434004,89.86963606735469,52,1
qwen3_4b_2560d_int8,zh_char,8,2957,11150,0.005072708826513358,0.009130875887724045,0.004058167061210687,0.025025363544132567,0.040581670612106865,0.015556307067974298,0.043963476496449105,0.07067974298275279,0.02671626648630368,0.020751936156729663,0.03207495436967884,535.0,323.0,1789.4379438620224,1570.8055461616502,69.76665539398039,16,4,0.006425431180250254,0.021643557659790327,0.015218126479540073,0.019952654717619207,0.05884342238755495,0.038890767669935745,0.025701724721001015,0.08691241122759553,0.06121068650659452,0.013956835483691879,0.04659076819709716,3531.0,378.0,4176.538045316199,1594.1934392965843,89.44876564085222,46,1
