model,relation_class,matched_edges,mean_offset_cosine_a,mean_offset_cosine_b,mean_residual_anchor_cosine_a,mean_residual_anchor_cosine_b,channel_a,channel_b,subset_id,mean_offset_cosine_c,mean_residual_anchor_cosine_c,channel_c
bge_m3_1024d,㫃,7,0.20585206363882333,0.19745165003197532,0.445256199155535,0.46163395047187805,cn_def,en_def_translated_cn_def,cn_def__INTERSECT__en_def_translated_cn_def,,,
bge_m3_1024d,亻,138,0.04388641893182057,0.04049575642810836,0.5469838596772456,0.5476511818343315,cn_def,en_def_translated_cn_def,cn_def__INTERSECT__en_def_translated_cn_def,,,
bge_m3_1024d,冫,6,0.194646301989754,0.21238381477693713,0.489088515440623,0.45939988891283673,cn_def,en_def_translated_cn_def,cn_def__INTERSECT__en_def_translated_cn_def,,,
bge_m3_1024d,刂,20,0.19819229664281007,0.19534975877031682,0.533703263103962,0.5306980684399605,cn_def,en_def_translated_cn_def,cn_def__INTERSECT__en_def_translated_cn_def,,,
bge_m3_1024d,力,16,0.1432521847018506,0.13822227844502774,0.5230239611119032,0.535275787115097,cn_def,en_def_translated_cn_def,cn_def__INTERSECT__en_def_translated_cn_def,,,
bge_m3_1024d,匚,5,0.1046833090484142,0.15369636267423625,0.49496414661407473,0.5093657851219178,cn_def,en_def_translated_cn_def,cn_def__INTERSECT__en_def_translated_cn_def,,,
bge_m3_1024d,口,122,0.23317912492336185,0.19050274519097118,0.537794890462375,0.5309785164770533,cn_def,en_def_translated_cn_def,cn_def__INTERSECT__en_def_translated_cn_def,,,
bge_m3_1024d,囗,10,0.12618222925812006,0.07893634606152769,0.5069863945245743,0.49507459402084353,cn_def,en_def_translated_cn_def,cn_def__INTERSECT__en_def_translated_cn_def,,,
bge_m3_1024d,土,66,0.1805317632741097,0.163594034246423,0.5390772268627629,0.5532067092982206,cn_def,en_def_translated_cn_def,cn_def__INTERSECT__en_def_translated_cn_def,,,
bge_m3_1024d,大,4,0.1083838008344173,0.11447128653526302,0.5850671827793121,0.527342863380909,cn_def,en_def_translated_cn_def,cn_def__INTERSECT__en_def_translated_cn_def,,,
bge_m3_1024d,女,69,0.18026606128483577,0.16407184545760567,0.5274541771066361,0.5347270067187323,cn_def,en_def_translated_cn_def,cn_def__INTERSECT__en_def_translated_cn_def,,,
bge_m3_1024d,子,6,0.21925505599938333,0.2485975424448649,0.4645768900712331,0.5132941255966822,cn_def,en_def_translated_cn_def,cn_def__INTERSECT__en_def_translated_cn_def,,,
bge_m3_1024d,宀,20,0.16569471743423486,0.09310064972378314,0.5018530905246734,0.498969666659832,cn_def,en_def_translated_cn_def,cn_def__INTERSECT__en_def_translated_cn_def,,,
bge_m3_1024d,尸,7,0.02840716285364967,0.03552776362214769,0.436412445136479,0.4549277807985033,cn_def,en_def_translated_cn_def,cn_def__INTERSECT__en_def_translated_cn_def,,,
bge_m3_1024d,山,38,0.24374673285178447,0.22629409521131924,0.5441538895431318,0.5546697652653644,cn_def,en_def_translated_cn_def,cn_def__INTERSECT__en_def_translated_cn_def,,,
bge_m3_1024d,巾,22,0.1930744180625135,0.130661053286696,0.5090706673535433,0.5297778817740354,cn_def,en_def_translated_cn_def,cn_def__INTERSECT__en_def_translated_cn_def,,,
bge_m3_1024d,广,25,0.14367988448590036,0.12610246792435645,0.5266441822052002,0.5327136993408204,cn_def,en_def_translated_cn_def,cn_def__INTERSECT__en_def_translated_cn_def,,,
bge_m3_1024d,弓,9,0.06616925334350927,0.08568748593744302,0.4644426968362596,0.4854048192501068,cn_def,en_def_translated_cn_def,cn_def__INTERSECT__en_def_translated_cn_def,,,
bge_m3_1024d,彡,6,0.07627734572937091,0.0306645908082525,0.5608242352803549,0.5988897283871969,cn_def,en_def_translated_cn_def,cn_def__INTERSECT__en_def_translated_cn_def,,,
bge_m3_1024d,彳,14,0.13014809507876632,0.09492119082382744,0.5203570787395749,0.5260891616344452,cn_def,en_def_translated_cn_def,cn_def__INTERSECT__en_def_translated_cn_def,,,
bge_m3_1024d,心,46,0.19839521185697417,0.21119637997901958,0.5570886413688245,0.5523176484781763,cn_def,en_def_translated_cn_def,cn_def__INTERSECT__en_def_translated_cn_def,,,
bge_m3_1024d,忄,80,0.24909020261839027,0.2483276430983096,0.5431879419833422,0.5528138566762208,cn_def,en_def_translated_cn_def,cn_def__INTERSECT__en_def_translated_cn_def,,,
bge_m3_1024d,戈,6,0.10386823707570629,0.08498875393221772,0.4777279545863469,0.4591304808855057,cn_def,en_def_translated_cn_def,cn_def__INTERSECT__en_def_translated_cn_def,,,
bge_m3_1024d,手,7,0.20190945693424767,0.1496022998222283,0.5025333549295153,0.5122470302241189,cn_def,en_def_translated_cn_def,cn_def__INTERSECT__en_def_translated_cn_def,,,
bge_m3_1024d,扌,145,0.22793706127538763,0.21678281083767267,0.5536838870624016,0.5603540348595586,cn_def,en_def_translated_cn_def,cn_def__INTERSECT__en_def_translated_cn_def,,,
bge_m3_1024d,攵,14,0.0846152006914573,0.10483111617421466,0.509564955319677,0.5160680157797677,cn_def,en_def_translated_cn_def,cn_def__INTERSECT__en_def_translated_cn_def,,,
bge_m3_1024d,斗,5,-0.011629699356853962,0.009632675722241402,0.4283709943294525,0.45535101890563967,cn_def,en_def_translated_cn_def,cn_def__INTERSECT__en_def_translated_cn_def,,,
bge_m3_1024d,斤,4,0.13124617561697952,0.005595608148723851,0.5032559037208557,0.48448435217142105,cn_def,en_def_translated_cn_def,cn_def__INTERSECT__en_def_translated_cn_def,,,
bge_m3_1024d,日,45,0.2169947268441319,0.21940052616927355,0.5755747894446055,0.5703428261809879,cn_def,en_def_translated_cn_def,cn_def__INTERSECT__en_def_translated_cn_def,,,
bge_m3_1024d,月,4,0.2728829942643642,0.3116770386695861,0.4896746948361397,0.5293887406587601,cn_def,en_def_translated_cn_def,cn_def__INTERSECT__en_def_translated_cn_def,,,
bge_m3_1024d,木,146,0.2567362862843255,0.21107162066658777,0.5231519425160265,0.5356869332186164,cn_def,en_def_translated_cn_def,cn_def__INTERSECT__en_def_translated_cn_def,,,
bge_m3_1024d,林,4,-0.11386451125144956,-0.046010480728000375,0.39280260354280466,0.4273184835910797,cn_def,en_def_translated_cn_def,cn_def__INTERSECT__en_def_translated_cn_def,,,
bge_m3_1024d,欠,14,0.08171550636844972,0.08849112995501074,0.5390209598200661,0.5438539747680936,cn_def,en_def_translated_cn_def,cn_def__INTERSECT__en_def_translated_cn_def,,,
bge_m3_1024d,歹,11,0.2594965168020942,0.23783567920327184,0.5454323806545951,0.5457096641713922,cn_def,en_def_translated_cn_def,cn_def__INTERSECT__en_def_translated_cn_def,,,
bge_m3_1024d,毛,5,0.14854345768690105,0.10088721737265587,0.4739071846008301,0.4857063353061676,cn_def,en_def_translated_cn_def,cn_def__INTERSECT__en_def_translated_cn_def,,,
bge_m3_1024d,水,4,0.047038773074746104,0.048708597663789925,0.44543385505676264,0.4783297330141067,cn_def,en_def_translated_cn_def,cn_def__INTERSECT__en_def_translated_cn_def,,,
bge_m3_1024d,氵,198,0.2360703312330926,0.22655453450620322,0.53718835010071,0.5424727696661997,cn_def,en_def_translated_cn_def,cn_def__INTERSECT__en_def_translated_cn_def,,,
bge_m3_1024d,火,36,0.23822010360244242,0.23199471412226552,0.5711438813143306,0.5859742959340414,cn_def,en_def_translated_cn_def,cn_def__INTERSECT__en_def_translated_cn_def,,,
bge_m3_1024d,牜,10,0.05486527420580386,0.0615264542400837,0.44336103796958926,0.4253173768520355,cn_def,en_def_translated_cn_def,cn_def__INTERSECT__en_def_translated_cn_def,,,
bge_m3_1024d,犬,4,0.0026293634437024246,-0.14611639082431788,0.5272425562143326,0.5418544262647629,cn_def,en_def_translated_cn_def,cn_def__INTERSECT__en_def_translated_cn_def,,,
bge_m3_1024d,犭,28,0.13796031045993523,0.1520466528766389,0.5047588582549777,0.5244648264987128,cn_def,en_def_translated_cn_def,cn_def__INTERSECT__en_def_translated_cn_def,,,
bge_m3_1024d,王,46,0.27612703029349767,0.28074545126266615,0.5374040914618451,0.5573061115067938,cn_def,en_def_translated_cn_def,cn_def__INTERSECT__en_def_translated_cn_def,,,
bge_m3_1024d,瓦,4,0.36993398517370224,0.3756379261612892,0.5645583868026733,0.5569753050804138,cn_def,en_def_translated_cn_def,cn_def__INTERSECT__en_def_translated_cn_def,,,
bge_m3_1024d,田,10,0.1452243538573384,0.1262725744396448,0.5065075546503067,0.520415621995926,cn_def,en_def_translated_cn_def,cn_def__INTERSECT__en_def_translated_cn_def,,,
bge_m3_1024d,疒,48,0.30616144797143835,0.2692869847329954,0.5380281905333201,0.5306917950510979,cn_def,en_def_translated_cn_def,cn_def__INTERSECT__en_def_translated_cn_def,,,
bge_m3_1024d,白,7,0.18461356524910247,0.19510644408208982,0.49356476749692646,0.47844476784978596,cn_def,en_def_translated_cn_def,cn_def__INTERSECT__en_def_translated_cn_def,,,
bge_m3_1024d,皿,9,0.2742427620622847,0.2943924466768901,0.5306339429484473,0.5485931601789262,cn_def,en_def_translated_cn_def,cn_def__INTERSECT__en_def_translated_cn_def,,,
bge_m3_1024d,目,32,0.30583461094647646,0.27149718708824366,0.5449077589437366,0.5646869130432606,cn_def,en_def_translated_cn_def,cn_def__INTERSECT__en_def_translated_cn_def,,,
bge_m3_1024d,矢,4,0.03584006428718562,0.0371107752434909,0.463549256324768,0.4749879091978073,cn_def,en_def_translated_cn_def,cn_def__INTERSECT__en_def_translated_cn_def,,,
bge_m3_1024d,石,40,0.22031699419021603,0.1683698553824797,0.5231906473636627,0.5277937173843383,cn_def,en_def_translated_cn_def,cn_def__INTERSECT__en_def_translated_cn_def,,,
bge_m3_1024d,示,5,0.04700081944465634,0.07276623770594595,0.47203853726387024,0.48410928845405576,cn_def,en_def_translated_cn_def,cn_def__INTERSECT__en_def_translated_cn_def,,,
bge_m3_1024d,礻,20,0.21937754969112574,0.2093455911846831,0.5692152425646781,0.5789266183972359,cn_def,en_def_translated_cn_def,cn_def__INTERSECT__en_def_translated_cn_def,,,
bge_m3_1024d,禾,25,0.14407960724085567,0.12890155620872976,0.5206794595718384,0.5216984391212464,cn_def,en_def_translated_cn_def,cn_def__INTERSECT__en_def_translated_cn_def,,,
bge_m3_1024d,穴,17,0.09771054917398618,0.06461121755487775,0.5029344681431266,0.5579003937104169,cn_def,en_def_translated_cn_def,cn_def__INTERSECT__en_def_translated_cn_def,,,
bge_m3_1024d,立,4,0.05231522093527015,0.12353796325623985,0.5069119334220886,0.437906377017498,cn_def,en_def_translated_cn_def,cn_def__INTERSECT__en_def_translated_cn_def,,,
bge_m3_1024d,竹,63,0.2720295973861265,0.2569524733024457,0.5380802963461194,0.5359262852441697,cn_def,en_def_translated_cn_def,cn_def__INTERSECT__en_def_translated_cn_def,,,
bge_m3_1024d,米,17,0.24104457480065958,0.18947821647367055,0.4668172843316022,0.4707371951902614,cn_def,en_def_translated_cn_def,cn_def__INTERSECT__en_def_translated_cn_def,,,
bge_m3_1024d,糸,99,0.21500979166365028,0.19306497681283888,0.5425130204118863,0.546350812370127,cn_def,en_def_translated_cn_def,cn_def__INTERSECT__en_def_translated_cn_def,,,
bge_m3_1024d,羽,14,0.09295044367068582,0.08334061064358267,0.5248248747416905,0.5251889228820801,cn_def,en_def_translated_cn_def,cn_def__INTERSECT__en_def_translated_cn_def,,,
bge_m3_1024d,耒,6,0.07895262974003951,0.11132475019743043,0.4301413247982661,0.4637100597222646,cn_def,en_def_translated_cn_def,cn_def__INTERSECT__en_def_translated_cn_def,,,
bge_m3_1024d,耳,6,0.07819111738353969,0.10778719543789822,0.4174070358276367,0.4234763632218042,cn_def,en_def_translated_cn_def,cn_def__INTERSECT__en_def_translated_cn_def,,,
bge_m3_1024d,肉,73,0.2556545521732267,0.24289474120899424,0.5229450464248657,0.5379668461949858,cn_def,en_def_translated_cn_def,cn_def__INTERSECT__en_def_translated_cn_def,,,
bge_m3_1024d,舟,12,0.32080425011614955,0.30187333996097243,0.533153290549914,0.5549376979470253,cn_def,en_def_translated_cn_def,cn_def__INTERSECT__en_def_translated_cn_def,,,
bge_m3_1024d,艹,161,0.27605919907251314,0.2566209376806983,0.5316857982496297,0.5326384442933598,cn_def,en_def_translated_cn_def,cn_def__INTERSECT__en_def_translated_cn_def,,,
bge_m3_1024d,虫,79,0.35051164262091056,0.33059986633590505,0.5295974676367603,0.5425886247731462,cn_def,en_def_translated_cn_def,cn_def__INTERSECT__en_def_translated_cn_def,,,
bge_m3_1024d,行,5,0.03417057059705258,-0.0432099739089608,0.38206853866577145,0.34326630234718325,cn_def,en_def_translated_cn_def,cn_def__INTERSECT__en_def_translated_cn_def,,,
bge_m3_1024d,衣,11,0.1666666723110459,0.17549243230711326,0.49914551052180206,0.5005812726237557,cn_def,en_def_translated_cn_def,cn_def__INTERSECT__en_def_translated_cn_def,,,
bge_m3_1024d,衤,34,0.2752325047245797,0.2499299055951483,0.529627799987793,0.5266021753058714,cn_def,en_def_translated_cn_def,cn_def__INTERSECT__en_def_translated_cn_def,,,
bge_m3_1024d,見,4,0.15268483571708194,0.028070437256246774,0.541508212685585,0.49786923080682755,cn_def,en_def_translated_cn_def,cn_def__INTERSECT__en_def_translated_cn_def,,,
bge_m3_1024d,言,98,0.1787242674629907,0.14681338189093737,0.5581193575445487,0.5521803656402899,cn_def,en_def_translated_cn_def,cn_def__INTERSECT__en_def_translated_cn_def,,,
bge_m3_1024d,豸,7,0.3829521345240729,0.3864877053669521,0.5450252337115151,0.5699936747550964,cn_def,en_def_translated_cn_def,cn_def__INTERSECT__en_def_translated_cn_def,,,
bge_m3_1024d,貝,30,0.20245996837814645,0.19257115035628275,0.5589889109134674,0.5714521080255508,cn_def,en_def_translated_cn_def,cn_def__INTERSECT__en_def_translated_cn_def,,,
bge_m3_1024d,走,8,0.07266706670634447,0.06390368286520243,0.4942578636109829,0.48942718654870987,cn_def,en_def_translated_cn_def,cn_def__INTERSECT__en_def_translated_cn_def,,,
bge_m3_1024d,車,25,0.24602810628712174,0.2055830841511488,0.5372580206394195,0.5390443885326386,cn_def,en_def_translated_cn_def,cn_def__INTERSECT__en_def_translated_cn_def,,,
bge_m3_1024d,辶,52,0.18545636993188122,0.17820266154236514,0.5254552668103805,0.5374076813459396,cn_def,en_def_translated_cn_def,cn_def__INTERSECT__en_def_translated_cn_def,,,
bge_m3_1024d,酉,20,0.18653951003216204,0.16365498667582867,0.4901735052466393,0.501184444129467,cn_def,en_def_translated_cn_def,cn_def__INTERSECT__en_def_translated_cn_def,,,
bge_m3_1024d,釒,88,0.25643382110865787,0.2204699585722251,0.5348295227370479,0.5330082147636197,cn_def,en_def_translated_cn_def,cn_def__INTERSECT__en_def_translated_cn_def,,,
bge_m3_1024d,門,20,0.126908222399652,0.0685411538928747,0.5224162265658379,0.5292735114693642,cn_def,en_def_translated_cn_def,cn_def__INTERSECT__en_def_translated_cn_def,,,
bge_m3_1024d,阝,49,0.15481897874982378,0.1317057791831238,0.5222168911476525,0.5279291278245498,cn_def,en_def_translated_cn_def,cn_def__INTERSECT__en_def_translated_cn_def,,,
bge_m3_1024d,隹,11,0.02948020601814442,0.052462485703555,0.4938650510527871,0.5247690162875436,cn_def,en_def_translated_cn_def,cn_def__INTERSECT__en_def_translated_cn_def,,,
bge_m3_1024d,雨,22,0.24776289366524323,0.26814826391637325,0.5299154967069626,0.5166932208971544,cn_def,en_def_translated_cn_def,cn_def__INTERSECT__en_def_translated_cn_def,,,
bge_m3_1024d,革,13,0.15917666994321805,0.1674641008273913,0.5126018203221835,0.5421596582119281,cn_def,en_def_translated_cn_def,cn_def__INTERSECT__en_def_translated_cn_def,,,
bge_m3_1024d,頁,28,0.10591470722907355,0.09125944559595413,0.5072905272245407,0.5042677170463971,cn_def,en_def_translated_cn_def,cn_def__INTERSECT__en_def_translated_cn_def,,,
bge_m3_1024d,風,4,0.20288055762648577,0.06527447164990006,0.4298692494630813,0.3705625832080841,cn_def,en_def_translated_cn_def,cn_def__INTERSECT__en_def_translated_cn_def,,,
bge_m3_1024d,食,4,0.0178062175400555,-0.0152515643276274,0.44166892021894455,0.4527442008256912,cn_def,en_def_translated_cn_def,cn_def__INTERSECT__en_def_translated_cn_def,,,
bge_m3_1024d,飠,22,0.23360575252974572,0.21589202272959732,0.5396795028989966,0.5517120307142084,cn_def,en_def_translated_cn_def,cn_def__INTERSECT__en_def_translated_cn_def,,,
bge_m3_1024d,馬,35,0.24548167437314983,0.22406055276681267,0.515047676222665,0.5314862549304962,cn_def,en_def_translated_cn_def,cn_def__INTERSECT__en_def_translated_cn_def,,,
bge_m3_1024d,骨,6,0.3039761756857236,0.2747309679786364,0.4664858827988307,0.4750599314769109,cn_def,en_def_translated_cn_def,cn_def__INTERSECT__en_def_translated_cn_def,,,
bge_m3_1024d,髟,11,0.20262045176191765,0.169943523847244,0.4834754900498824,0.45687942884185095,cn_def,en_def_translated_cn_def,cn_def__INTERSECT__en_def_translated_cn_def,,,
bge_m3_1024d,鬼,9,0.16029512219958833,0.16162737210591632,0.4464588628874885,0.49845757749345565,cn_def,en_def_translated_cn_def,cn_def__INTERSECT__en_def_translated_cn_def,,,
bge_m3_1024d,魚,20,0.45554171577095987,0.4475173108279705,0.5590200200676918,0.567634953558445,cn_def,en_def_translated_cn_def,cn_def__INTERSECT__en_def_translated_cn_def,,,
bge_m3_1024d,鳥,27,0.43689411464664674,0.39318871360134194,0.5444261255087676,0.5407916693775742,cn_def,en_def_translated_cn_def,cn_def__INTERSECT__en_def_translated_cn_def,,,
bge_m3_1024d,鹿,4,0.2389135453850031,0.17372000962495798,0.4304821118712425,0.4460978433489799,cn_def,en_def_translated_cn_def,cn_def__INTERSECT__en_def_translated_cn_def,,,
bge_m3_1024d,黑,10,0.1665496481582522,0.14342407584190367,0.5283367097377777,0.5248732626438141,cn_def,en_def_translated_cn_def,cn_def__INTERSECT__en_def_translated_cn_def,,,
bge_m3_1024d,齒,8,0.25407327618449926,0.22503523202612996,0.4953555017709732,0.43216032534837723,cn_def,en_def_translated_cn_def,cn_def__INTERSECT__en_def_translated_cn_def,,,
bge_m3_1024d,𧾷,48,0.26275369889723754,0.22521441233887643,0.5155114388714234,0.5229192568610112,cn_def,en_def_translated_cn_def,cn_def__INTERSECT__en_def_translated_cn_def,,,
gte_multilingual_base_768d,㫃,7,0.21790622919797895,0.2152808175555297,0.5584132756505694,0.5027175843715668,cn_def,en_def_translated_cn_def,cn_def__INTERSECT__en_def_translated_cn_def,,,
gte_multilingual_base_768d,亻,138,0.06048688613742157,0.040734459300174546,0.6023282724014227,0.560960264093634,cn_def,en_def_translated_cn_def,cn_def__INTERSECT__en_def_translated_cn_def,,,
gte_multilingual_base_768d,冫,6,0.20152949417630828,0.254578772932291,0.5287888298432032,0.5294248362382253,cn_def,en_def_translated_cn_def,cn_def__INTERSECT__en_def_translated_cn_def,,,
gte_multilingual_base_768d,刂,20,0.24471635688096285,0.23510344224050642,0.574155130982399,0.5634650498628616,cn_def,en_def_translated_cn_def,cn_def__INTERSECT__en_def_translated_cn_def,,,
gte_multilingual_base_768d,力,16,0.13213319564238188,0.11657036666292694,0.5929243192076683,0.5392278842628002,cn_def,en_def_translated_cn_def,cn_def__INTERSECT__en_def_translated_cn_def,,,
gte_multilingual_base_768d,匚,5,0.039428434707224395,0.05433764085173608,0.4661312699317932,0.5202869832515716,cn_def,en_def_translated_cn_def,cn_def__INTERSECT__en_def_translated_cn_def,,,
gte_multilingual_base_768d,口,122,0.2425310035984291,0.20590455820936646,0.5812241821015467,0.5518844860499023,cn_def,en_def_translated_cn_def,cn_def__INTERSECT__en_def_translated_cn_def,,,
gte_multilingual_base_768d,囗,10,0.15169867873191828,0.15988125707954165,0.5326960474252701,0.49555106163024903,cn_def,en_def_translated_cn_def,cn_def__INTERSECT__en_def_translated_cn_def,,,
gte_multilingual_base_768d,土,66,0.20736280459007528,0.17568719255822624,0.5935905255151518,0.5681010272466775,cn_def,en_def_translated_cn_def,cn_def__INTERSECT__en_def_translated_cn_def,,,
gte_multilingual_base_768d,大,4,0.04733739490620788,0.09415577165782447,0.588783010840416,0.5171409174799919,cn_def,en_def_translated_cn_def,cn_def__INTERSECT__en_def_translated_cn_def,,,
gte_multilingual_base_768d,女,69,0.18088468586675063,0.15095013770126345,0.5862532335778942,0.5361960582111193,cn_def,en_def_translated_cn_def,cn_def__INTERSECT__en_def_translated_cn_def,,,
gte_multilingual_base_768d,子,6,0.11096699846287565,0.20621984917670486,0.4790688455104828,0.4967660903930664,cn_def,en_def_translated_cn_def,cn_def__INTERSECT__en_def_translated_cn_def,,,
gte_multilingual_base_768d,宀,20,0.15886234715580938,0.12111135497689245,0.5336584866046905,0.529319129884243,cn_def,en_def_translated_cn_def,cn_def__INTERSECT__en_def_translated_cn_def,,,
gte_multilingual_base_768d,尸,7,0.06424433072762827,0.033945529588631194,0.5284627505711147,0.4937927339758192,cn_def,en_def_translated_cn_def,cn_def__INTERSECT__en_def_translated_cn_def,,,
gte_multilingual_base_768d,山,38,0.26753888401742043,0.27588626311013575,0.580628973873038,0.5753097424381658,cn_def,en_def_translated_cn_def,cn_def__INTERSECT__en_def_translated_cn_def,,,
gte_multilingual_base_768d,巾,22,0.18663271948356516,0.18077844889326525,0.5768079215830023,0.5536440976641395,cn_def,en_def_translated_cn_def,cn_def__INTERSECT__en_def_translated_cn_def,,,
gte_multilingual_base_768d,广,25,0.16405912272632117,0.15267340652644631,0.5886353385448456,0.5524926722049713,cn_def,en_def_translated_cn_def,cn_def__INTERSECT__en_def_translated_cn_def,,,
gte_multilingual_base_768d,弓,9,0.10414178793629009,0.15046797899736294,0.5501444505320655,0.5345367358790504,cn_def,en_def_translated_cn_def,cn_def__INTERSECT__en_def_translated_cn_def,,,
gte_multilingual_base_768d,彡,6,0.11228214638928573,0.0210762396454811,0.5922658940156301,0.5655418634414673,cn_def,en_def_translated_cn_def,cn_def__INTERSECT__en_def_translated_cn_def,,,
gte_multilingual_base_768d,彳,14,0.11141896247863767,0.09396542395864212,0.5598182337624686,0.5325531576360975,cn_def,en_def_translated_cn_def,cn_def__INTERSECT__en_def_translated_cn_def,,,
gte_multilingual_base_768d,心,46,0.1743861366184833,0.16710257137437226,0.5836901139953862,0.5458898829377216,cn_def,en_def_translated_cn_def,cn_def__INTERSECT__en_def_translated_cn_def,,,
gte_multilingual_base_768d,忄,80,0.24178334984462704,0.21374837842304256,0.5898204144090414,0.5567531276494264,cn_def,en_def_translated_cn_def,cn_def__INTERSECT__en_def_translated_cn_def,,,
gte_multilingual_base_768d,戈,6,0.06163767290612062,0.0987134159853061,0.5634256601333618,0.5088849812746048,cn_def,en_def_translated_cn_def,cn_def__INTERSECT__en_def_translated_cn_def,,,
gte_multilingual_base_768d,手,7,0.15759813572679243,0.21748929577214374,0.5481907895633152,0.5155014182840075,cn_def,en_def_translated_cn_def,cn_def__INTERSECT__en_def_translated_cn_def,,,
gte_multilingual_base_768d,扌,145,0.2134100958062657,0.19541151138536372,0.5947280797465094,0.5598007759143566,cn_def,en_def_translated_cn_def,cn_def__INTERSECT__en_def_translated_cn_def,,,
gte_multilingual_base_768d,攵,14,0.09555344775851281,0.1088314764201641,0.5796043170349938,0.5452739702803748,cn_def,en_def_translated_cn_def,cn_def__INTERSECT__en_def_translated_cn_def,,,
gte_multilingual_base_768d,斗,5,0.07122403122484681,-0.01891139224171638,0.5365075767040253,0.4543987214565277,cn_def,en_def_translated_cn_def,cn_def__INTERSECT__en_def_translated_cn_def,,,
gte_multilingual_base_768d,斤,4,0.05134074413217602,-0.04288063198328015,0.49216369539499283,0.5086820721626282,cn_def,en_def_translated_cn_def,cn_def__INTERSECT__en_def_translated_cn_def,,,
gte_multilingual_base_768d,日,45,0.2085325827201207,0.20009566740029383,0.6080490933524237,0.5862793465455373,cn_def,en_def_translated_cn_def,cn_def__INTERSECT__en_def_translated_cn_def,,,
gte_multilingual_base_768d,月,4,0.2430217210203409,0.2372159762308001,0.5329127535223961,0.4862007647752762,cn_def,en_def_translated_cn_def,cn_def__INTERSECT__en_def_translated_cn_def,,,
gte_multilingual_base_768d,木,146,0.23309608775331345,0.2128236921159678,0.5859130629121441,0.5536687910965045,cn_def,en_def_translated_cn_def,cn_def__INTERSECT__en_def_translated_cn_def,,,
gte_multilingual_base_768d,林,4,-0.023775602690875523,-0.058573252521455246,0.4781087189912796,0.4644712209701538,cn_def,en_def_translated_cn_def,cn_def__INTERSECT__en_def_translated_cn_def,,,
gte_multilingual_base_768d,欠,14,0.08448531318988116,0.06333892027448328,0.5895768169845853,0.5468804431813103,cn_def,en_def_translated_cn_def,cn_def__INTERSECT__en_def_translated_cn_def,,,
gte_multilingual_base_768d,歹,11,0.22157244121825148,0.18137481105937195,0.5677418166940863,0.5537611733783375,cn_def,en_def_translated_cn_def,cn_def__INTERSECT__en_def_translated_cn_def,,,
gte_multilingual_base_768d,毛,5,0.16158448047935958,0.14309573024511335,0.6078490018844604,0.518647062778473,cn_def,en_def_translated_cn_def,cn_def__INTERSECT__en_def_translated_cn_def,,,
gte_multilingual_base_768d,水,4,0.0274189608171582,0.07396552152931685,0.47119902074337006,0.4628865346312523,cn_def,en_def_translated_cn_def,cn_def__INTERSECT__en_def_translated_cn_def,,,
gte_multilingual_base_768d,氵,198,0.2530822924201875,0.2296944785336352,0.577799809701515,0.5519744029851875,cn_def,en_def_translated_cn_def,cn_def__INTERSECT__en_def_translated_cn_def,,,
gte_multilingual_base_768d,火,36,0.251287692045379,0.2084762549234761,0.6361835168467628,0.5760833993554115,cn_def,en_def_translated_cn_def,cn_def__INTERSECT__en_def_translated_cn_def,,,
gte_multilingual_base_768d,牜,10,0.11829119157046078,0.08739291001111267,0.5393865555524826,0.5093635052442551,cn_def,en_def_translated_cn_def,cn_def__INTERSECT__en_def_translated_cn_def,,,
gte_multilingual_base_768d,犬,4,0.07765067042782903,-0.07174243032932275,0.6131562367081642,0.5805657207965851,cn_def,en_def_translated_cn_def,cn_def__INTERSECT__en_def_translated_cn_def,,,
gte_multilingual_base_768d,犭,28,0.14966482825444213,0.17601227125019897,0.5753568410873413,0.5384125879832676,cn_def,en_def_translated_cn_def,cn_def__INTERSECT__en_def_translated_cn_def,,,
gte_multilingual_base_768d,王,46,0.2953008505536,0.2866953857566999,0.6018898221461669,0.5695409878440525,cn_def,en_def_translated_cn_def,cn_def__INTERSECT__en_def_translated_cn_def,,,
gte_multilingual_base_768d,瓦,4,0.3862854614853859,0.4082586243748665,0.627063512802124,0.5704767853021622,cn_def,en_def_translated_cn_def,cn_def__INTERSECT__en_def_translated_cn_def,,,
gte_multilingual_base_768d,田,10,0.17663459926843644,0.1618975847959518,0.5848984658718109,0.5484053671360016,cn_def,en_def_translated_cn_def,cn_def__INTERSECT__en_def_translated_cn_def,,,
gte_multilingual_base_768d,疒,48,0.28061925293877715,0.2597722809296101,0.5968382284045219,0.5415873844176531,cn_def,en_def_translated_cn_def,cn_def__INTERSECT__en_def_translated_cn_def,,,
gte_multilingual_base_768d,白,7,0.24969249538012914,0.13540698268583842,0.6066005315099444,0.4844307473727635,cn_def,en_def_translated_cn_def,cn_def__INTERSECT__en_def_translated_cn_def,,,
gte_multilingual_base_768d,皿,9,0.28956935554742813,0.30292557966378,0.5964005125893487,0.5641264220078787,cn_def,en_def_translated_cn_def,cn_def__INTERSECT__en_def_translated_cn_def,,,
gte_multilingual_base_768d,目,32,0.33022705279290676,0.2804415636346675,0.5933540081605315,0.5632367804646492,cn_def,en_def_translated_cn_def,cn_def__INTERSECT__en_def_translated_cn_def,,,
gte_multilingual_base_768d,矢,4,0.0969376591965556,0.0046715922653674784,0.49210329353809357,0.4732033908367157,cn_def,en_def_translated_cn_def,cn_def__INTERSECT__en_def_translated_cn_def,,,
gte_multilingual_base_768d,石,40,0.23364636506885286,0.1934674344025552,0.6028106451034546,0.543224959820509,cn_def,en_def_translated_cn_def,cn_def__INTERSECT__en_def_translated_cn_def,,,
gte_multilingual_base_768d,示,5,0.06969426069408655,0.02905980385839938,0.5814394950866699,0.46134790778160095,cn_def,en_def_translated_cn_def,cn_def__INTERSECT__en_def_translated_cn_def,,,
gte_multilingual_base_768d,礻,20,0.22188498247414823,0.2112116696313023,0.5741010263562203,0.5733194753527642,cn_def,en_def_translated_cn_def,cn_def__INTERSECT__en_def_translated_cn_def,,,
gte_multilingual_base_768d,禾,25,0.11378239402547477,0.11207414031028748,0.5796096050739288,0.5374494230747223,cn_def,en_def_translated_cn_def,cn_def__INTERSECT__en_def_translated_cn_def,,,
gte_multilingual_base_768d,穴,17,0.10799693031346093,0.08160507306456563,0.5471372604370117,0.5509457693380468,cn_def,en_def_translated_cn_def,cn_def__INTERSECT__en_def_translated_cn_def,,,
gte_multilingual_base_768d,立,4,0.0010882779024541265,0.16524136718362564,0.5497578531503677,0.4880272075533867,cn_def,en_def_translated_cn_def,cn_def__INTERSECT__en_def_translated_cn_def,,,
gte_multilingual_base_768d,竹,63,0.25567482719345697,0.26148279785873396,0.5834976387402367,0.5620593012325348,cn_def,en_def_translated_cn_def,cn_def__INTERSECT__en_def_translated_cn_def,,,
gte_multilingual_base_768d,米,17,0.27439579915474444,0.22518908232450482,0.5591716433272642,0.5390423220746657,cn_def,en_def_translated_cn_def,cn_def__INTERSECT__en_def_translated_cn_def,,,
gte_multilingual_base_768d,糸,99,0.22998698305037588,0.2137464004371202,0.5985292945847367,0.5574365986718072,cn_def,en_def_translated_cn_def,cn_def__INTERSECT__en_def_translated_cn_def,,,
gte_multilingual_base_768d,羽,14,0.12415258486622145,0.10756925719657111,0.5697034171649388,0.5382196392331805,cn_def,en_def_translated_cn_def,cn_def__INTERSECT__en_def_translated_cn_def,,,
gte_multilingual_base_768d,耒,6,0.043053942422072077,0.12764613578716913,0.4775933424631755,0.4941690464814504,cn_def,en_def_translated_cn_def,cn_def__INTERSECT__en_def_translated_cn_def,,,
gte_multilingual_base_768d,耳,6,0.02952500618994235,0.05926748823064067,0.4687355359395345,0.44672336677710217,cn_def,en_def_translated_cn_def,cn_def__INTERSECT__en_def_translated_cn_def,,,
gte_multilingual_base_768d,肉,73,0.24709189917943244,0.24820660026616428,0.582389529845486,0.5535700896831408,cn_def,en_def_translated_cn_def,cn_def__INTERSECT__en_def_translated_cn_def,,,
gte_multilingual_base_768d,舟,12,0.3263411093503236,0.3436434331039588,0.582335501909256,0.5619343270858129,cn_def,en_def_translated_cn_def,cn_def__INTERSECT__en_def_translated_cn_def,,,
gte_multilingual_base_768d,艹,161,0.25186761928525586,0.262734578847191,0.580092294801096,0.5520809263176059,cn_def,en_def_translated_cn_def,cn_def__INTERSECT__en_def_translated_cn_def,,,
gte_multilingual_base_768d,虫,79,0.3263420120848319,0.3165747318181056,0.5978349292580085,0.5564913021612771,cn_def,en_def_translated_cn_def,cn_def__INTERSECT__en_def_translated_cn_def,,,
gte_multilingual_base_768d,行,5,0.0137399673461914,-0.00521535873413086,0.46069623827934264,0.39697388410568235,cn_def,en_def_translated_cn_def,cn_def__INTERSECT__en_def_translated_cn_def,,,
gte_multilingual_base_768d,衣,11,0.18887553364038467,0.17629037865183567,0.5342050194740295,0.5463614084503867,cn_def,en_def_translated_cn_def,cn_def__INTERSECT__en_def_translated_cn_def,,,
gte_multilingual_base_768d,衤,34,0.2919087413260165,0.2687982319142012,0.6064844376900617,0.5594245765139075,cn_def,en_def_translated_cn_def,cn_def__INTERSECT__en_def_translated_cn_def,,,
gte_multilingual_base_768d,見,4,0.147753027966246,0.093657961115241,0.5974481180310249,0.4965912848711014,cn_def,en_def_translated_cn_def,cn_def__INTERSECT__en_def_translated_cn_def,,,
gte_multilingual_base_768d,言,98,0.1710257163290314,0.14546004393404083,0.5992315232145543,0.550055311650646,cn_def,en_def_translated_cn_def,cn_def__INTERSECT__en_def_translated_cn_def,,,
gte_multilingual_base_768d,豸,7,0.41978976130485535,0.41251468871320995,0.5627752031598773,0.5534509760992867,cn_def,en_def_translated_cn_def,cn_def__INTERSECT__en_def_translated_cn_def,,,
gte_multilingual_base_768d,貝,30,0.2169453451099495,0.20624944760153688,0.5835560590028763,0.5511400322119395,cn_def,en_def_translated_cn_def,cn_def__INTERSECT__en_def_translated_cn_def,,,
gte_multilingual_base_768d,走,8,0.06707541737705466,0.023567707277834415,0.5065511912107468,0.5003704465925694,cn_def,en_def_translated_cn_def,cn_def__INTERSECT__en_def_translated_cn_def,,,
gte_multilingual_base_768d,車,25,0.23488205254077912,0.22870449341833587,0.5826574289798736,0.5530322968959809,cn_def,en_def_translated_cn_def,cn_def__INTERSECT__en_def_translated_cn_def,,,
gte_multilingual_base_768d,辶,52,0.20124903819165552,0.15575966144052258,0.5783602251456335,0.5389665623123829,cn_def,en_def_translated_cn_def,cn_def__INTERSECT__en_def_translated_cn_def,,,
gte_multilingual_base_768d,酉,20,0.20145866628736253,0.16575735546648498,0.5678836956620217,0.5109147012233735,cn_def,en_def_translated_cn_def,cn_def__INTERSECT__en_def_translated_cn_def,,,
gte_multilingual_base_768d,釒,88,0.23092160344293167,0.21713970669291233,0.6007354232397947,0.55104719881307,cn_def,en_def_translated_cn_def,cn_def__INTERSECT__en_def_translated_cn_def,,,
gte_multilingual_base_768d,門,20,0.12911484781652688,0.11295203212648626,0.577034692466259,0.5509078159928322,cn_def,en_def_translated_cn_def,cn_def__INTERSECT__en_def_translated_cn_def,,,
gte_multilingual_base_768d,阝,49,0.13951220283550875,0.15579284986062925,0.5608373856057927,0.5377194613826518,cn_def,en_def_translated_cn_def,cn_def__INTERSECT__en_def_translated_cn_def,,,
gte_multilingual_base_768d,隹,11,0.03739979151975025,0.07525627475909208,0.5493521771647714,0.5342476693066683,cn_def,en_def_translated_cn_def,cn_def__INTERSECT__en_def_translated_cn_def,,,
gte_multilingual_base_768d,雨,22,0.29534134658222844,0.285205957733772,0.5905832946300507,0.5478276949037205,cn_def,en_def_translated_cn_def,cn_def__INTERSECT__en_def_translated_cn_def,,,
gte_multilingual_base_768d,革,13,0.22015674727467388,0.18408249669636673,0.5711801648139954,0.5412997282468356,cn_def,en_def_translated_cn_def,cn_def__INTERSECT__en_def_translated_cn_def,,,
gte_multilingual_base_768d,頁,28,0.10779208591806567,0.0883848736328738,0.5649937902178083,0.5263097786477634,cn_def,en_def_translated_cn_def,cn_def__INTERSECT__en_def_translated_cn_def,,,
gte_multilingual_base_768d,風,4,0.31097522377967834,0.20138552226126188,0.5268611311912537,0.4553968086838722,cn_def,en_def_translated_cn_def,cn_def__INTERSECT__en_def_translated_cn_def,,,
gte_multilingual_base_768d,食,4,0.08529991842806339,0.03571044281125067,0.5090034455060959,0.43152210861444473,cn_def,en_def_translated_cn_def,cn_def__INTERSECT__en_def_translated_cn_def,,,
gte_multilingual_base_768d,飠,22,0.22658866965635252,0.20378251593898639,0.6036324175921354,0.5576138848608191,cn_def,en_def_translated_cn_def,cn_def__INTERSECT__en_def_translated_cn_def,,,
gte_multilingual_base_768d,馬,35,0.24201961968626295,0.23540656851338485,0.5822173510278974,0.553341394662857,cn_def,en_def_translated_cn_def,cn_def__INTERSECT__en_def_translated_cn_def,,,
gte_multilingual_base_768d,骨,6,0.39710597197214753,0.4280288467804591,0.6154190599918365,0.5925465623537699,cn_def,en_def_translated_cn_def,cn_def__INTERSECT__en_def_translated_cn_def,,,
gte_multilingual_base_768d,髟,11,0.13645019788633694,0.16484709558161822,0.5765099417079579,0.49982057918201794,cn_def,en_def_translated_cn_def,cn_def__INTERSECT__en_def_translated_cn_def,,,
gte_multilingual_base_768d,鬼,9,0.17601184298594794,0.1802771397762828,0.5534342990981208,0.5487436983320448,cn_def,en_def_translated_cn_def,cn_def__INTERSECT__en_def_translated_cn_def,,,
gte_multilingual_base_768d,魚,20,0.4172903480939567,0.40130858663469554,0.5885132372379303,0.5606189668178558,cn_def,en_def_translated_cn_def,cn_def__INTERSECT__en_def_translated_cn_def,,,
gte_multilingual_base_768d,鳥,27,0.42625476392330947,0.3961196365179839,0.6053432954682244,0.5574205628147831,cn_def,en_def_translated_cn_def,cn_def__INTERSECT__en_def_translated_cn_def,,,
gte_multilingual_base_768d,鹿,4,0.2615015245974064,0.25783076137304306,0.4864931106567383,0.5021593272686005,cn_def,en_def_translated_cn_def,cn_def__INTERSECT__en_def_translated_cn_def,,,
gte_multilingual_base_768d,黑,10,0.11029434408992526,0.14610410574823615,0.5947251677513122,0.5457703322172165,cn_def,en_def_translated_cn_def,cn_def__INTERSECT__en_def_translated_cn_def,,,
gte_multilingual_base_768d,齒,8,0.23104655090719461,0.22646022355183953,0.5402244403958321,0.5096815004944801,cn_def,en_def_translated_cn_def,cn_def__INTERSECT__en_def_translated_cn_def,,,
gte_multilingual_base_768d,𧾷,48,0.254622167830045,0.21869876800337804,0.6007523039976755,0.538078940163056,cn_def,en_def_translated_cn_def,cn_def__INTERSECT__en_def_translated_cn_def,,,
qwen3_0.6b_1024d,㫃,7,0.2516195912446294,0.2395208877112184,0.39670472059931067,0.41266780240195133,cn_def,en_def_translated_cn_def,cn_def__INTERSECT__en_def_translated_cn_def,,,
qwen3_0.6b_1024d,亻,138,0.04525439155396019,0.04249883181604461,0.44137501543846686,0.46010784556468326,cn_def,en_def_translated_cn_def,cn_def__INTERSECT__en_def_translated_cn_def,,,
qwen3_0.6b_1024d,冫,6,0.24422591179609296,0.22302797685066855,0.3714592009782791,0.34015910824139906,cn_def,en_def_translated_cn_def,cn_def__INTERSECT__en_def_translated_cn_def,,,
qwen3_0.6b_1024d,刂,20,0.2482183057814836,0.25636203214526176,0.4434922203421593,0.4566809728741646,cn_def,en_def_translated_cn_def,cn_def__INTERSECT__en_def_translated_cn_def,,,
qwen3_0.6b_1024d,力,16,0.11867949459701774,0.1368585412856191,0.42557442374527454,0.45337953977286816,cn_def,en_def_translated_cn_def,cn_def__INTERSECT__en_def_translated_cn_def,,,
qwen3_0.6b_1024d,匚,5,0.11392315924167631,0.1423457264900207,0.3856922566890716,0.42271170020103455,cn_def,en_def_translated_cn_def,cn_def__INTERSECT__en_def_translated_cn_def,,,
qwen3_0.6b_1024d,口,122,0.2442675462435381,0.20899800663875015,0.4295546640871001,0.43873563543206356,cn_def,en_def_translated_cn_def,cn_def__INTERSECT__en_def_translated_cn_def,,,
qwen3_0.6b_1024d,囗,10,0.13803448304533955,0.11751174107193944,0.3654228955507278,0.40788509547710416,cn_def,en_def_translated_cn_def,cn_def__INTERSECT__en_def_translated_cn_def,,,
qwen3_0.6b_1024d,土,66,0.19138749113137069,0.158913494539306,0.4552376586379427,0.4727734246037223,cn_def,en_def_translated_cn_def,cn_def__INTERSECT__en_def_translated_cn_def,,,
qwen3_0.6b_1024d,大,4,0.007410897873342048,0.09435436781495807,0.4493018835783005,0.49292145669460297,cn_def,en_def_translated_cn_def,cn_def__INTERSECT__en_def_translated_cn_def,,,
qwen3_0.6b_1024d,女,69,0.18607825156895144,0.18340606893669217,0.403787723917892,0.41336041084234265,cn_def,en_def_translated_cn_def,cn_def__INTERSECT__en_def_translated_cn_def,,,
qwen3_0.6b_1024d,子,6,0.1904102172702551,0.1933847963809967,0.31108007331689197,0.33389849464098614,cn_def,en_def_translated_cn_def,cn_def__INTERSECT__en_def_translated_cn_def,,,
qwen3_0.6b_1024d,宀,20,0.10515709174796936,0.08810201715677975,0.3835267551243305,0.4208176665008068,cn_def,en_def_translated_cn_def,cn_def__INTERSECT__en_def_translated_cn_def,,,
qwen3_0.6b_1024d,尸,7,0.025556087759988643,0.030324757764382,0.3485670728342874,0.365116149187088,cn_def,en_def_translated_cn_def,cn_def__INTERSECT__en_def_translated_cn_def,,,
qwen3_0.6b_1024d,山,38,0.2606383145688788,0.26845461257586356,0.46400344685504313,0.4882583249556391,cn_def,en_def_translated_cn_def,cn_def__INTERSECT__en_def_translated_cn_def,,,
qwen3_0.6b_1024d,巾,22,0.2682645214213566,0.19373297708278353,0.41906302354552527,0.44801096482710406,cn_def,en_def_translated_cn_def,cn_def__INTERSECT__en_def_translated_cn_def,,,
qwen3_0.6b_1024d,广,25,0.14191646900027988,0.13332485195249316,0.4191738712787628,0.4252704131603241,cn_def,en_def_translated_cn_def,cn_def__INTERSECT__en_def_translated_cn_def,,,
qwen3_0.6b_1024d,弓,9,0.13546291945709119,0.10962565972780186,0.3748035828272502,0.3749629722701179,cn_def,en_def_translated_cn_def,cn_def__INTERSECT__en_def_translated_cn_def,,,
qwen3_0.6b_1024d,彡,6,0.10950447246432303,0.11506018290917075,0.44022125005722046,0.5376035968462626,cn_def,en_def_translated_cn_def,cn_def__INTERSECT__en_def_translated_cn_def,,,
qwen3_0.6b_1024d,彳,14,0.14071152306028772,0.11736379457371572,0.4662736505270004,0.46357496082782745,cn_def,en_def_translated_cn_def,cn_def__INTERSECT__en_def_translated_cn_def,,,
qwen3_0.6b_1024d,心,46,0.20057554692839794,0.19344171889774173,0.42223432206589245,0.45453186203604157,cn_def,en_def_translated_cn_def,cn_def__INTERSECT__en_def_translated_cn_def,,,
qwen3_0.6b_1024d,忄,80,0.2662238311488181,0.24459391045384105,0.42303440514951945,0.4523018471896648,cn_def,en_def_translated_cn_def,cn_def__INTERSECT__en_def_translated_cn_def,,,
qwen3_0.6b_1024d,戈,6,0.15163410330812133,0.17278310346106684,0.4018726895252864,0.36026552816232044,cn_def,en_def_translated_cn_def,cn_def__INTERSECT__en_def_translated_cn_def,,,
qwen3_0.6b_1024d,手,7,0.1575911130223955,0.17950616271368092,0.421123063990048,0.4109728974955423,cn_def,en_def_translated_cn_def,cn_def__INTERSECT__en_def_translated_cn_def,,,
qwen3_0.6b_1024d,扌,145,0.22181749966894754,0.21404555288368254,0.44889722939195303,0.4706054882756595,cn_def,en_def_translated_cn_def,cn_def__INTERSECT__en_def_translated_cn_def,,,
qwen3_0.6b_1024d,攵,14,0.12264196468251086,0.0965664515803967,0.4283528540815626,0.45862772847924915,cn_def,en_def_translated_cn_def,cn_def__INTERSECT__en_def_translated_cn_def,,,
qwen3_0.6b_1024d,斗,5,0.059507325291633585,0.07665992304682728,0.4211697578430176,0.34202441573143005,cn_def,en_def_translated_cn_def,cn_def__INTERSECT__en_def_translated_cn_def,,,
qwen3_0.6b_1024d,斤,4,0.0958748620469123,0.06398312072269617,0.42181339859962463,0.40820514410734177,cn_def,en_def_translated_cn_def,cn_def__INTERSECT__en_def_translated_cn_def,,,
qwen3_0.6b_1024d,日,45,0.22399200660487012,0.1972603455599811,0.45454176399442886,0.4779747641748852,cn_def,en_def_translated_cn_def,cn_def__INTERSECT__en_def_translated_cn_def,,,
qwen3_0.6b_1024d,月,4,0.23914023488759995,0.23219640739262098,0.4108926206827163,0.43229926377534866,cn_def,en_def_translated_cn_def,cn_def__INTERSECT__en_def_translated_cn_def,,,
qwen3_0.6b_1024d,木,146,0.27505251769716405,0.24159723321256568,0.40933798906737806,0.42466966496550873,cn_def,en_def_translated_cn_def,cn_def__INTERSECT__en_def_translated_cn_def,,,
qwen3_0.6b_1024d,林,4,-0.05880105029791591,0.0026348689571022432,0.324039563536644,0.353862926363945,cn_def,en_def_translated_cn_def,cn_def__INTERSECT__en_def_translated_cn_def,,,
qwen3_0.6b_1024d,欠,14,0.05337830839146459,0.007969687692821028,0.44701329725129263,0.4074114454644067,cn_def,en_def_translated_cn_def,cn_def__INTERSECT__en_def_translated_cn_def,,,
qwen3_0.6b_1024d,歹,11,0.20958423885432156,0.15372695943171324,0.4062251800840551,0.4285017373886975,cn_def,en_def_translated_cn_def,cn_def__INTERSECT__en_def_translated_cn_def,,,
qwen3_0.6b_1024d,毛,5,0.19738264908082784,0.13825287595391272,0.4430889129638672,0.42246363759040834,cn_def,en_def_translated_cn_def,cn_def__INTERSECT__en_def_translated_cn_def,,,
qwen3_0.6b_1024d,水,4,0.030048171989619725,0.07791809272021052,0.3221977725625038,0.3854611702263355,cn_def,en_def_translated_cn_def,cn_def__INTERSECT__en_def_translated_cn_def,,,
qwen3_0.6b_1024d,氵,198,0.22294839702998143,0.23134810991368884,0.4257033227971106,0.44877407082704585,cn_def,en_def_translated_cn_def,cn_def__INTERSECT__en_def_translated_cn_def,,,
qwen3_0.6b_1024d,火,36,0.24824859424390727,0.2377487196483546,0.47564949178033405,0.47656047923697364,cn_def,en_def_translated_cn_def,cn_def__INTERSECT__en_def_translated_cn_def,,,
qwen3_0.6b_1024d,牜,10,0.10049359202384948,0.12790459506213664,0.35794527530670167,0.39766120612621303,cn_def,en_def_translated_cn_def,cn_def__INTERSECT__en_def_translated_cn_def,,,
qwen3_0.6b_1024d,犬,4,0.09388073254376647,-0.05229599296581,0.4574904516339302,0.5077615678310394,cn_def,en_def_translated_cn_def,cn_def__INTERSECT__en_def_translated_cn_def,,,
qwen3_0.6b_1024d,犭,28,0.1894245990053085,0.19967030710540712,0.3753143548965454,0.4058592420603548,cn_def,en_def_translated_cn_def,cn_def__INTERSECT__en_def_translated_cn_def,,,
qwen3_0.6b_1024d,王,46,0.28497786896870186,0.2995381897477352,0.46074492711087933,0.47756285544322885,cn_def,en_def_translated_cn_def,cn_def__INTERSECT__en_def_translated_cn_def,,,
qwen3_0.6b_1024d,瓦,4,0.404385220259428,0.4642772972583771,0.5131035819649696,0.46846623718738556,cn_def,en_def_translated_cn_def,cn_def__INTERSECT__en_def_translated_cn_def,,,
qwen3_0.6b_1024d,田,10,0.1609544428065419,0.15981685742735857,0.4476882189512253,0.4356103718280792,cn_def,en_def_translated_cn_def,cn_def__INTERSECT__en_def_translated_cn_def,,,
qwen3_0.6b_1024d,疒,48,0.3132989853232478,0.29153173455658055,0.4240760765969753,0.44417713209986687,cn_def,en_def_translated_cn_def,cn_def__INTERSECT__en_def_translated_cn_def,,,
qwen3_0.6b_1024d,白,7,0.20955654393349374,0.1949246855718749,0.3748421434845243,0.3778349075998579,cn_def,en_def_translated_cn_def,cn_def__INTERSECT__en_def_translated_cn_def,,,
qwen3_0.6b_1024d,皿,9,0.27933700424101615,0.3207572682036294,0.43597918086581755,0.45893346269925434,cn_def,en_def_translated_cn_def,cn_def__INTERSECT__en_def_translated_cn_def,,,
qwen3_0.6b_1024d,目,32,0.30875835940241814,0.25628730410244316,0.4528770325705409,0.46956974640488625,cn_def,en_def_translated_cn_def,cn_def__INTERSECT__en_def_translated_cn_def,,,
qwen3_0.6b_1024d,矢,4,0.057139359414577484,0.06446431425865738,0.3379930555820465,0.33707647025585175,cn_def,en_def_translated_cn_def,cn_def__INTERSECT__en_def_translated_cn_def,,,
qwen3_0.6b_1024d,石,40,0.21741565337870267,0.17380069857463237,0.4283071331679821,0.4416792746633291,cn_def,en_def_translated_cn_def,cn_def__INTERSECT__en_def_translated_cn_def,,,
qwen3_0.6b_1024d,示,5,0.0136280883103609,0.04706702604889866,0.31611196994781493,0.41984649896621706,cn_def,en_def_translated_cn_def,cn_def__INTERSECT__en_def_translated_cn_def,,,
qwen3_0.6b_1024d,礻,20,0.23878562096506353,0.21940155867487188,0.4609066143631935,0.49041480422019956,cn_def,en_def_translated_cn_def,cn_def__INTERSECT__en_def_translated_cn_def,,,
qwen3_0.6b_1024d,禾,25,0.16902883902192112,0.12580522172152994,0.44158109903335574,0.47203608870506286,cn_def,en_def_translated_cn_def,cn_def__INTERSECT__en_def_translated_cn_def,,,
qwen3_0.6b_1024d,穴,17,0.10364293422111691,0.06362303823013514,0.41002923425506144,0.45602962024071636,cn_def,en_def_translated_cn_def,cn_def__INTERSECT__en_def_translated_cn_def,,,
qwen3_0.6b_1024d,立,4,-0.0467396611347794,0.054673799779266105,0.35778092592954636,0.3200792595744133,cn_def,en_def_translated_cn_def,cn_def__INTERSECT__en_def_translated_cn_def,,,
qwen3_0.6b_1024d,竹,63,0.2944242009922626,0.2650772142150099,0.43560691154192366,0.4545551841221159,cn_def,en_def_translated_cn_def,cn_def__INTERSECT__en_def_translated_cn_def,,,
qwen3_0.6b_1024d,米,17,0.2530692544053582,0.20708325351862344,0.39739979628254385,0.4235234979320975,cn_def,en_def_translated_cn_def,cn_def__INTERSECT__en_def_translated_cn_def,,,
qwen3_0.6b_1024d,糸,99,0.2580536029423879,0.22569538754495705,0.4509661450530543,0.48026922525781574,cn_def,en_def_translated_cn_def,cn_def__INTERSECT__en_def_translated_cn_def,,,
qwen3_0.6b_1024d,羽,14,0.10219220098640235,0.09953721772347175,0.4246811121702194,0.45957913994789124,cn_def,en_def_translated_cn_def,cn_def__INTERSECT__en_def_translated_cn_def,,,
qwen3_0.6b_1024d,耒,6,0.11635168517629306,0.1357396820870538,0.27692374090353644,0.4087733527024587,cn_def,en_def_translated_cn_def,cn_def__INTERSECT__en_def_translated_cn_def,,,
qwen3_0.6b_1024d,耳,6,0.18709556758403775,0.11020017291108763,0.3907910784085591,0.36690834164619446,cn_def,en_def_translated_cn_def,cn_def__INTERSECT__en_def_translated_cn_def,,,
qwen3_0.6b_1024d,肉,73,0.24453879623635577,0.25177693301939386,0.41350592489111915,0.43955854234630115,cn_def,en_def_translated_cn_def,cn_def__INTERSECT__en_def_translated_cn_def,,,
qwen3_0.6b_1024d,舟,12,0.37991412604848546,0.3719772252564629,0.4876022736231486,0.5009979779521624,cn_def,en_def_translated_cn_def,cn_def__INTERSECT__en_def_translated_cn_def,,,
qwen3_0.6b_1024d,艹,161,0.3004150473692032,0.3001685115676489,0.41591089806571513,0.41973371396523823,cn_def,en_def_translated_cn_def,cn_def__INTERSECT__en_def_translated_cn_def,,,
qwen3_0.6b_1024d,虫,79,0.38608370226206656,0.3778208551244645,0.43432982322535935,0.4337089906764936,cn_def,en_def_translated_cn_def,cn_def__INTERSECT__en_def_translated_cn_def,,,
qwen3_0.6b_1024d,行,5,0.0018225172534585012,-0.05883910320699211,0.21786093264818188,0.23927278369665145,cn_def,en_def_translated_cn_def,cn_def__INTERSECT__en_def_translated_cn_def,,,
qwen3_0.6b_1024d,衣,11,0.2385424541478807,0.2027159972031685,0.4011421501636505,0.43334146250378003,cn_def,en_def_translated_cn_def,cn_def__INTERSECT__en_def_translated_cn_def,,,
qwen3_0.6b_1024d,衤,34,0.29046867897405343,0.2690756338484147,0.45754265609909506,0.4576246580656837,cn_def,en_def_translated_cn_def,cn_def__INTERSECT__en_def_translated_cn_def,,,
qwen3_0.6b_1024d,見,4,0.08571082912385461,0.08450639620423313,0.43808820098638535,0.4686252698302269,cn_def,en_def_translated_cn_def,cn_def__INTERSECT__en_def_translated_cn_def,,,
qwen3_0.6b_1024d,言,98,0.17689486287952377,0.16391829426913537,0.44060129200925635,0.4671219705927129,cn_def,en_def_translated_cn_def,cn_def__INTERSECT__en_def_translated_cn_def,,,
qwen3_0.6b_1024d,豸,7,0.4416436957461493,0.4706248960324696,0.38419407180377413,0.3654290735721588,cn_def,en_def_translated_cn_def,cn_def__INTERSECT__en_def_translated_cn_def,,,
qwen3_0.6b_1024d,貝,30,0.22646953963364164,0.19998540682718155,0.4344835142294566,0.45372290511926017,cn_def,en_def_translated_cn_def,cn_def__INTERSECT__en_def_translated_cn_def,,,
qwen3_0.6b_1024d,走,8,0.04294105712324378,0.04898360464721917,0.35952891409397125,0.4202737230807543,cn_def,en_def_translated_cn_def,cn_def__INTERSECT__en_def_translated_cn_def,,,
qwen3_0.6b_1024d,車,25,0.23026508681476113,0.20804547011852262,0.43788094878196715,0.478661013841629,cn_def,en_def_translated_cn_def,cn_def__INTERSECT__en_def_translated_cn_def,,,
qwen3_0.6b_1024d,辶,52,0.2052450372586743,0.16449711348216692,0.42265977051395637,0.4528645764176662,cn_def,en_def_translated_cn_def,cn_def__INTERSECT__en_def_translated_cn_def,,,
qwen3_0.6b_1024d,酉,20,0.17788838916458186,0.1425458232872188,0.3966430388391018,0.4187410205602646,cn_def,en_def_translated_cn_def,cn_def__INTERSECT__en_def_translated_cn_def,,,
qwen3_0.6b_1024d,釒,88,0.268413230035962,0.24010790483391078,0.43064324083653366,0.45568219132044097,cn_def,en_def_translated_cn_def,cn_def__INTERSECT__en_def_translated_cn_def,,,
qwen3_0.6b_1024d,門,20,0.10758184585720296,0.10752972182817755,0.4291036084294319,0.4497245341539383,cn_def,en_def_translated_cn_def,cn_def__INTERSECT__en_def_translated_cn_def,,,
qwen3_0.6b_1024d,阝,49,0.1515263783536395,0.13619420135735855,0.41641173040380286,0.457259792758494,cn_def,en_def_translated_cn_def,cn_def__INTERSECT__en_def_translated_cn_def,,,
qwen3_0.6b_1024d,隹,11,0.07292481257834216,0.11142525720325382,0.42516764998435974,0.4521875787865032,cn_def,en_def_translated_cn_def,cn_def__INTERSECT__en_def_translated_cn_def,,,
qwen3_0.6b_1024d,雨,22,0.3025326955724846,0.33064218263395806,0.43823770636861975,0.4525792883201079,cn_def,en_def_translated_cn_def,cn_def__INTERSECT__en_def_translated_cn_def,,,
qwen3_0.6b_1024d,革,13,0.21067566438936267,0.16655539262753266,0.4218655962210435,0.42694424092769623,cn_def,en_def_translated_cn_def,cn_def__INTERSECT__en_def_translated_cn_def,,,
qwen3_0.6b_1024d,頁,28,0.11975124302054088,0.10208807867352983,0.4063751058919089,0.43770333911691395,cn_def,en_def_translated_cn_def,cn_def__INTERSECT__en_def_translated_cn_def,,,
qwen3_0.6b_1024d,風,4,0.19706082157790655,0.18458154704421756,0.31335053965449333,0.33434145152568817,cn_def,en_def_translated_cn_def,cn_def__INTERSECT__en_def_translated_cn_def,,,
qwen3_0.6b_1024d,食,4,-0.026062003918923448,0.05472278920933603,0.2769134268164634,0.31727910786867136,cn_def,en_def_translated_cn_def,cn_def__INTERSECT__en_def_translated_cn_def,,,
qwen3_0.6b_1024d,飠,22,0.2524804143891246,0.2424515039152042,0.44247961857102136,0.42983422767032275,cn_def,en_def_translated_cn_def,cn_def__INTERSECT__en_def_translated_cn_def,,,
qwen3_0.6b_1024d,馬,35,0.22320879623293877,0.26054467867527686,0.42217929618699207,0.43647556134632653,cn_def,en_def_translated_cn_def,cn_def__INTERSECT__en_def_translated_cn_def,,,
qwen3_0.6b_1024d,骨,6,0.3045858989159266,0.38136034707228345,0.4314442922671636,0.43441738933324814,cn_def,en_def_translated_cn_def,cn_def__INTERSECT__en_def_translated_cn_def,,,
qwen3_0.6b_1024d,髟,11,0.22916584851389582,0.20624733716249466,0.36526125127618964,0.3732532222162593,cn_def,en_def_translated_cn_def,cn_def__INTERSECT__en_def_translated_cn_def,,,
qwen3_0.6b_1024d,鬼,9,0.18630960500902594,0.2116671270794338,0.36227709054946894,0.39743301769097644,cn_def,en_def_translated_cn_def,cn_def__INTERSECT__en_def_translated_cn_def,,,
qwen3_0.6b_1024d,魚,20,0.49313889890909196,0.4929758748039603,0.42681985050439836,0.41528195068240165,cn_def,en_def_translated_cn_def,cn_def__INTERSECT__en_def_translated_cn_def,,,
qwen3_0.6b_1024d,鳥,27,0.4925256139702267,0.4968132213861854,0.44916162225935197,0.44789928749755575,cn_def,en_def_translated_cn_def,cn_def__INTERSECT__en_def_translated_cn_def,,,
qwen3_0.6b_1024d,鹿,4,0.3040497973561287,0.3708527982234955,0.35347043350338936,0.4275562986731529,cn_def,en_def_translated_cn_def,cn_def__INTERSECT__en_def_translated_cn_def,,,
qwen3_0.6b_1024d,黑,10,0.09379175454378127,0.1325089870020747,0.416707307100296,0.4745724320411682,cn_def,en_def_translated_cn_def,cn_def__INTERSECT__en_def_translated_cn_def,,,
qwen3_0.6b_1024d,齒,8,0.19136698637157676,0.2220364180393517,0.3680205829441547,0.3917940743267536,cn_def,en_def_translated_cn_def,cn_def__INTERSECT__en_def_translated_cn_def,,,
qwen3_0.6b_1024d,𧾷,48,0.2871295510946462,0.23450529283339464,0.44854841629664105,0.43078348971903324,cn_def,en_def_translated_cn_def,cn_def__INTERSECT__en_def_translated_cn_def,,,
qwen3_4b_2560d_int8,㫃,7,0.2111993027584893,0.2231778523751667,0.3754607949938093,0.3550877060209002,cn_def,en_def_translated_cn_def,cn_def__INTERSECT__en_def_translated_cn_def,,,
qwen3_4b_2560d_int8,亻,138,0.04164143881180147,0.030607466437462434,0.44191703481086786,0.46452026252729306,cn_def,en_def_translated_cn_def,cn_def__INTERSECT__en_def_translated_cn_def,,,
qwen3_4b_2560d_int8,冫,6,0.20142066975434617,0.22846990451216695,0.36104000608126324,0.38832229375839233,cn_def,en_def_translated_cn_def,cn_def__INTERSECT__en_def_translated_cn_def,,,
qwen3_4b_2560d_int8,刂,20,0.23140560784377157,0.20467126974835992,0.41768272817134855,0.4716898113489151,cn_def,en_def_translated_cn_def,cn_def__INTERSECT__en_def_translated_cn_def,,,
qwen3_4b_2560d_int8,力,16,0.17154084017965937,0.152303762268275,0.42411525920033455,0.43209058605134487,cn_def,en_def_translated_cn_def,cn_def__INTERSECT__en_def_translated_cn_def,,,
qwen3_4b_2560d_int8,匚,5,0.09870600048452612,0.08155348449945447,0.3731047809123993,0.42848439812660216,cn_def,en_def_translated_cn_def,cn_def__INTERSECT__en_def_translated_cn_def,,,
qwen3_4b_2560d_int8,口,122,0.2200411259498233,0.19514710977520852,0.4276778308338806,0.44492718809452214,cn_def,en_def_translated_cn_def,cn_def__INTERSECT__en_def_translated_cn_def,,,
qwen3_4b_2560d_int8,囗,10,0.1587224297225475,0.11035671904683111,0.37323435544967654,0.40258119702339173,cn_def,en_def_translated_cn_def,cn_def__INTERSECT__en_def_translated_cn_def,,,
qwen3_4b_2560d_int8,土,66,0.19917739312531368,0.17230196970966502,0.44460597092455084,0.4727458224603624,cn_def,en_def_translated_cn_def,cn_def__INTERSECT__en_def_translated_cn_def,,,
qwen3_4b_2560d_int8,大,4,0.036074421252124025,0.0443377860356122,0.4495261237025261,0.3861040100455284,cn_def,en_def_translated_cn_def,cn_def__INTERSECT__en_def_translated_cn_def,,,
qwen3_4b_2560d_int8,女,69,0.16488573769701345,0.14629227534422407,0.4306851953699969,0.4387000501155853,cn_def,en_def_translated_cn_def,cn_def__INTERSECT__en_def_translated_cn_def,,,
qwen3_4b_2560d_int8,子,6,0.14772270992398262,0.2077380640742679,0.32279191414515174,0.37343912323315936,cn_def,en_def_translated_cn_def,cn_def__INTERSECT__en_def_translated_cn_def,,,
qwen3_4b_2560d_int8,宀,20,0.12996773549821222,0.07854999685660002,0.3826917842030525,0.40034745410084727,cn_def,en_def_translated_cn_def,cn_def__INTERSECT__en_def_translated_cn_def,,,
qwen3_4b_2560d_int8,尸,7,0.0211474008059927,-0.007712129636534613,0.34170214193207876,0.3354355139391763,cn_def,en_def_translated_cn_def,cn_def__INTERSECT__en_def_translated_cn_def,,,
qwen3_4b_2560d_int8,山,38,0.25705947870952317,0.2582795431371778,0.455806796488009,0.4891328023452508,cn_def,en_def_translated_cn_def,cn_def__INTERSECT__en_def_translated_cn_def,,,
qwen3_4b_2560d_int8,巾,22,0.24041865427385672,0.18932828561148857,0.4105544130910527,0.4487445489926772,cn_def,en_def_translated_cn_def,cn_def__INTERSECT__en_def_translated_cn_def,,,
qwen3_4b_2560d_int8,广,25,0.1323411662690341,0.12007248580455779,0.413846755027771,0.41828174352645875,cn_def,en_def_translated_cn_def,cn_def__INTERSECT__en_def_translated_cn_def,,,
qwen3_4b_2560d_int8,弓,9,0.0795262138255768,0.09405456814501018,0.3404226236873203,0.3583003183205922,cn_def,en_def_translated_cn_def,cn_def__INTERSECT__en_def_translated_cn_def,,,
qwen3_4b_2560d_int8,彡,6,0.01628257147967815,0.017118547732631332,0.4576680064201355,0.5130402743816376,cn_def,en_def_translated_cn_def,cn_def__INTERSECT__en_def_translated_cn_def,,,
qwen3_4b_2560d_int8,彳,14,0.19521948908056527,0.12369860788541179,0.44012060122830526,0.43376295268535614,cn_def,en_def_translated_cn_def,cn_def__INTERSECT__en_def_translated_cn_def,,,
qwen3_4b_2560d_int8,心,46,0.1757780931404103,0.1739700005501104,0.43780933968398883,0.44564144442910736,cn_def,en_def_translated_cn_def,cn_def__INTERSECT__en_def_translated_cn_def,,,
qwen3_4b_2560d_int8,忄,80,0.249319271557033,0.23008903623558577,0.44623080398887394,0.45694971904158593,cn_def,en_def_translated_cn_def,cn_def__INTERSECT__en_def_translated_cn_def,,,
qwen3_4b_2560d_int8,戈,6,0.06752980624636011,0.09621726845701532,0.39276763796806335,0.35396244873603183,cn_def,en_def_translated_cn_def,cn_def__INTERSECT__en_def_translated_cn_def,,,
qwen3_4b_2560d_int8,手,7,0.16228205923523223,0.1742834076285362,0.4134718562875475,0.4257524907588959,cn_def,en_def_translated_cn_def,cn_def__INTERSECT__en_def_translated_cn_def,,,
qwen3_4b_2560d_int8,扌,145,0.23801688732386658,0.19604484522394064,0.44412616409104444,0.45930210680797184,cn_def,en_def_translated_cn_def,cn_def__INTERSECT__en_def_translated_cn_def,,,
qwen3_4b_2560d_int8,攵,14,0.10351039921598772,0.1166062039722289,0.4129329047032765,0.4588608720472881,cn_def,en_def_translated_cn_def,cn_def__INTERSECT__en_def_translated_cn_def,,,
qwen3_4b_2560d_int8,斗,5,-0.0018226816318929015,0.06858141906559465,0.4059986412525177,0.3407258063554764,cn_def,en_def_translated_cn_def,cn_def__INTERSECT__en_def_translated_cn_def,,,
qwen3_4b_2560d_int8,斤,4,0.07184369955211875,0.05488073918968438,0.3565641418099403,0.3874322772026062,cn_def,en_def_translated_cn_def,cn_def__INTERSECT__en_def_translated_cn_def,,,
qwen3_4b_2560d_int8,日,45,0.19738676905528535,0.18314781799498528,0.4574997517797682,0.4847225672668881,cn_def,en_def_translated_cn_def,cn_def__INTERSECT__en_def_translated_cn_def,,,
qwen3_4b_2560d_int8,月,4,0.2382857054471969,0.2379870619624853,0.4018972665071487,0.38803465664386744,cn_def,en_def_translated_cn_def,cn_def__INTERSECT__en_def_translated_cn_def,,,
qwen3_4b_2560d_int8,木,146,0.2382617851094126,0.21837739434016687,0.42778770145896355,0.4462138728736198,cn_def,en_def_translated_cn_def,cn_def__INTERSECT__en_def_translated_cn_def,,,
qwen3_4b_2560d_int8,林,4,-0.0442927494877949,0.007593464106321349,0.30286651477217674,0.34396379441022873,cn_def,en_def_translated_cn_def,cn_def__INTERSECT__en_def_translated_cn_def,,,
qwen3_4b_2560d_int8,欠,14,0.04234158314232312,0.04981610671217951,0.4576199757201331,0.42879893098558697,cn_def,en_def_translated_cn_def,cn_def__INTERSECT__en_def_translated_cn_def,,,
qwen3_4b_2560d_int8,歹,11,0.1977767625992948,0.19009494239633734,0.4066610742699016,0.41361692683263257,cn_def,en_def_translated_cn_def,cn_def__INTERSECT__en_def_translated_cn_def,,,
qwen3_4b_2560d_int8,毛,5,0.18488662838935846,0.11150407046079633,0.4288456678390503,0.4089767336845398,cn_def,en_def_translated_cn_def,cn_def__INTERSECT__en_def_translated_cn_def,,,
qwen3_4b_2560d_int8,水,4,0.10004526982083915,0.10332419257611034,0.40066346526145935,0.41048068553209305,cn_def,en_def_translated_cn_def,cn_def__INTERSECT__en_def_translated_cn_def,,,
qwen3_4b_2560d_int8,氵,198,0.2135834872929586,0.23138131983248947,0.42495192760469935,0.44590623684302727,cn_def,en_def_translated_cn_def,cn_def__INTERSECT__en_def_translated_cn_def,,,
qwen3_4b_2560d_int8,火,36,0.22656934232347536,0.18391712837749055,0.4614844433963299,0.46093718252248234,cn_def,en_def_translated_cn_def,cn_def__INTERSECT__en_def_translated_cn_def,,,
qwen3_4b_2560d_int8,牜,10,0.08960237652063369,0.08717911429703235,0.3688802659511566,0.36262510716915125,cn_def,en_def_translated_cn_def,cn_def__INTERSECT__en_def_translated_cn_def,,,
qwen3_4b_2560d_int8,犬,4,0.04935346147976812,-0.0223947842605412,0.43973492085933685,0.5371820777654648,cn_def,en_def_translated_cn_def,cn_def__INTERSECT__en_def_translated_cn_def,,,
qwen3_4b_2560d_int8,犭,28,0.146666840733295,0.15791113954037425,0.39585420915058683,0.41227761868919643,cn_def,en_def_translated_cn_def,cn_def__INTERSECT__en_def_translated_cn_def,,,
qwen3_4b_2560d_int8,王,46,0.2762918607736735,0.2777442650302596,0.4385279368447221,0.46782865764006326,cn_def,en_def_translated_cn_def,cn_def__INTERSECT__en_def_translated_cn_def,,,
qwen3_4b_2560d_int8,瓦,4,0.34192440286278725,0.4673185721039772,0.46642163395881653,0.532942421734333,cn_def,en_def_translated_cn_def,cn_def__INTERSECT__en_def_translated_cn_def,,,
qwen3_4b_2560d_int8,田,10,0.19571549748070532,0.12358594648540015,0.4407282412052155,0.43070524632930757,cn_def,en_def_translated_cn_def,cn_def__INTERSECT__en_def_translated_cn_def,,,
qwen3_4b_2560d_int8,疒,48,0.27238830210020143,0.2642514282973328,0.4250143188983202,0.43731238568822545,cn_def,en_def_translated_cn_def,cn_def__INTERSECT__en_def_translated_cn_def,,,
qwen3_4b_2560d_int8,白,7,0.214992989386831,0.20748842826911382,0.3862675598689488,0.3438725450209209,cn_def,en_def_translated_cn_def,cn_def__INTERSECT__en_def_translated_cn_def,,,
qwen3_4b_2560d_int8,皿,9,0.2511808404492007,0.26251178565952515,0.4272400339444478,0.4321733911832173,cn_def,en_def_translated_cn_def,cn_def__INTERSECT__en_def_translated_cn_def,,,
qwen3_4b_2560d_int8,目,32,0.3159141852229368,0.26276287925429637,0.43949808180332184,0.4517425922676921,cn_def,en_def_translated_cn_def,cn_def__INTERSECT__en_def_translated_cn_def,,,
qwen3_4b_2560d_int8,矢,4,0.06581763736903667,0.025993884541094324,0.31573615223169327,0.37520624697208405,cn_def,en_def_translated_cn_def,cn_def__INTERSECT__en_def_translated_cn_def,,,
qwen3_4b_2560d_int8,石,40,0.21722291402984406,0.19163629834074525,0.4249782353639603,0.43496712781488894,cn_def,en_def_translated_cn_def,cn_def__INTERSECT__en_def_translated_cn_def,,,
qwen3_4b_2560d_int8,示,5,-0.021365709230303738,0.011626273673027723,0.32211241126060486,0.35450751781463624,cn_def,en_def_translated_cn_def,cn_def__INTERSECT__en_def_translated_cn_def,,,
qwen3_4b_2560d_int8,礻,20,0.21509271226823326,0.22019854472018774,0.46585331708192823,0.4880972847342491,cn_def,en_def_translated_cn_def,cn_def__INTERSECT__en_def_translated_cn_def,,,
qwen3_4b_2560d_int8,禾,25,0.11892784062772987,0.11423597481101751,0.4462938392162323,0.46487277626991275,cn_def,en_def_translated_cn_def,cn_def__INTERSECT__en_def_translated_cn_def,,,
qwen3_4b_2560d_int8,穴,17,0.10964215316754927,0.034594922545639895,0.3949949934202082,0.450559807174346,cn_def,en_def_translated_cn_def,cn_def__INTERSECT__en_def_translated_cn_def,,,
qwen3_4b_2560d_int8,立,4,-0.023264729999937075,0.0051819125656038505,0.36964207887649536,0.36103082448244095,cn_def,en_def_translated_cn_def,cn_def__INTERSECT__en_def_translated_cn_def,,,
qwen3_4b_2560d_int8,竹,63,0.280410936693587,0.26155535308348515,0.44421266421439154,0.44417762756347656,cn_def,en_def_translated_cn_def,cn_def__INTERSECT__en_def_translated_cn_def,,,
qwen3_4b_2560d_int8,米,17,0.23689931888571558,0.21756289948654522,0.3882719883147408,0.4217948703204884,cn_def,en_def_translated_cn_def,cn_def__INTERSECT__en_def_translated_cn_def,,,
qwen3_4b_2560d_int8,糸,99,0.22560016851345394,0.19947646196103755,0.4474525307164048,0.4652277622560058,cn_def,en_def_translated_cn_def,cn_def__INTERSECT__en_def_translated_cn_def,,,
qwen3_4b_2560d_int8,羽,14,0.09998700192331203,0.09154086167524966,0.38885532319545746,0.4222193424190794,cn_def,en_def_translated_cn_def,cn_def__INTERSECT__en_def_translated_cn_def,,,
qwen3_4b_2560d_int8,耒,6,0.07388780079782008,0.09519664136072,0.34148230652014416,0.4027217576901118,cn_def,en_def_translated_cn_def,cn_def__INTERSECT__en_def_translated_cn_def,,,
qwen3_4b_2560d_int8,耳,6,0.17969455507894352,0.15114920710523919,0.33283431331316626,0.34814332922299696,cn_def,en_def_translated_cn_def,cn_def__INTERSECT__en_def_translated_cn_def,,,
qwen3_4b_2560d_int8,肉,73,0.24761501317588638,0.2396064727018549,0.4303014788725605,0.4477571561320187,cn_def,en_def_translated_cn_def,cn_def__INTERSECT__en_def_translated_cn_def,,,
qwen3_4b_2560d_int8,舟,12,0.3299354662497838,0.33216976746916765,0.4140881473819415,0.49884606649478275,cn_def,en_def_translated_cn_def,cn_def__INTERSECT__en_def_translated_cn_def,,,
qwen3_4b_2560d_int8,艹,161,0.2691111901994817,0.260512581780576,0.4291470459899547,0.43480168736499286,cn_def,en_def_translated_cn_def,cn_def__INTERSECT__en_def_translated_cn_def,,,
qwen3_4b_2560d_int8,虫,79,0.3377837549211292,0.319765348694747,0.4327866355829601,0.4388459441782553,cn_def,en_def_translated_cn_def,cn_def__INTERSECT__en_def_translated_cn_def,,,
qwen3_4b_2560d_int8,行,5,0.02282497696578502,-0.02264622328802942,0.27197782397270204,0.222446958720684,cn_def,en_def_translated_cn_def,cn_def__INTERSECT__en_def_translated_cn_def,,,
qwen3_4b_2560d_int8,衣,11,0.18640066420828755,0.1621857681734995,0.3819580078125,0.43526120348410174,cn_def,en_def_translated_cn_def,cn_def__INTERSECT__en_def_translated_cn_def,,,
qwen3_4b_2560d_int8,衤,34,0.2642325238489052,0.2600113949464524,0.4351711878005196,0.45271068592281904,cn_def,en_def_translated_cn_def,cn_def__INTERSECT__en_def_translated_cn_def,,,
qwen3_4b_2560d_int8,見,4,0.10088217281736431,0.07955724047496912,0.41174888610839844,0.37498255074024195,cn_def,en_def_translated_cn_def,cn_def__INTERSECT__en_def_translated_cn_def,,,
qwen3_4b_2560d_int8,言,98,0.1757960374970749,0.14769604111242352,0.4468463835667591,0.45393980279260754,cn_def,en_def_translated_cn_def,cn_def__INTERSECT__en_def_translated_cn_def,,,
qwen3_4b_2560d_int8,豸,7,0.38529603821890696,0.3712771875517708,0.42106170313698904,0.4163431865828378,cn_def,en_def_translated_cn_def,cn_def__INTERSECT__en_def_translated_cn_def,,,
qwen3_4b_2560d_int8,貝,30,0.18068461321915186,0.15970588234874106,0.4524883915980657,0.4437910556793213,cn_def,en_def_translated_cn_def,cn_def__INTERSECT__en_def_translated_cn_def,,,
qwen3_4b_2560d_int8,走,8,0.05350871291011572,0.0562805659137666,0.38080273009836674,0.43105803057551384,cn_def,en_def_translated_cn_def,cn_def__INTERSECT__en_def_translated_cn_def,,,
qwen3_4b_2560d_int8,車,25,0.2305664647556841,0.20500447683036327,0.4351415598392487,0.48096164703369143,cn_def,en_def_translated_cn_def,cn_def__INTERSECT__en_def_translated_cn_def,,,
qwen3_4b_2560d_int8,辶,52,0.19159086467698214,0.1503069139479731,0.40983176403320754,0.43171879935723084,cn_def,en_def_translated_cn_def,cn_def__INTERSECT__en_def_translated_cn_def,,,
qwen3_4b_2560d_int8,酉,20,0.17812565453350543,0.15521042314358052,0.4062122404575348,0.42333358377218244,cn_def,en_def_translated_cn_def,cn_def__INTERSECT__en_def_translated_cn_def,,,
qwen3_4b_2560d_int8,釒,88,0.24138376322066915,0.22518356775716789,0.43809170004996384,0.4550462288951332,cn_def,en_def_translated_cn_def,cn_def__INTERSECT__en_def_translated_cn_def,,,
qwen3_4b_2560d_int8,門,20,0.1279338620603084,0.11447416464798148,0.43432985097169874,0.4412457585334778,cn_def,en_def_translated_cn_def,cn_def__INTERSECT__en_def_translated_cn_def,,,
qwen3_4b_2560d_int8,阝,49,0.14906776898863666,0.12009959176125726,0.40824485737450267,0.44452980251944796,cn_def,en_def_translated_cn_def,cn_def__INTERSECT__en_def_translated_cn_def,,,
qwen3_4b_2560d_int8,隹,11,0.0590840931981802,0.09563433836129578,0.4376360923051834,0.4537420056082986,cn_def,en_def_translated_cn_def,cn_def__INTERSECT__en_def_translated_cn_def,,,
qwen3_4b_2560d_int8,雨,22,0.25282449385320593,0.272888048467311,0.427924863316796,0.4442253343083642,cn_def,en_def_translated_cn_def,cn_def__INTERSECT__en_def_translated_cn_def,,,
qwen3_4b_2560d_int8,革,13,0.21398253695896033,0.18063457346019834,0.44700313302186817,0.4627214796268023,cn_def,en_def_translated_cn_def,cn_def__INTERSECT__en_def_translated_cn_def,,,
qwen3_4b_2560d_int8,頁,28,0.12975067088180886,0.09062201363433683,0.3971437221126897,0.41267157452447073,cn_def,en_def_translated_cn_def,cn_def__INTERSECT__en_def_translated_cn_def,,,
qwen3_4b_2560d_int8,風,4,0.20979937911033628,0.13631402142345903,0.35443510860204697,0.3437655717134475,cn_def,en_def_translated_cn_def,cn_def__INTERSECT__en_def_translated_cn_def,,,
qwen3_4b_2560d_int8,食,4,0.038038092199713006,0.05800593132153153,0.34378495812416077,0.32724747061729426,cn_def,en_def_translated_cn_def,cn_def__INTERSECT__en_def_translated_cn_def,,,
qwen3_4b_2560d_int8,飠,22,0.2063265874643217,0.2143751103430986,0.4369221600619229,0.4540928290648894,cn_def,en_def_translated_cn_def,cn_def__INTERSECT__en_def_translated_cn_def,,,
qwen3_4b_2560d_int8,馬,35,0.22813174059348446,0.21746143326163286,0.42401183673313686,0.448728380884443,cn_def,en_def_translated_cn_def,cn_def__INTERSECT__en_def_translated_cn_def,,,
qwen3_4b_2560d_int8,骨,6,0.30084683001041407,0.32737768938144046,0.40649161239465076,0.402901254594326,cn_def,en_def_translated_cn_def,cn_def__INTERSECT__en_def_translated_cn_def,,,
qwen3_4b_2560d_int8,髟,11,0.20163852348923683,0.16588347913189366,0.37764813141389325,0.4070197723128579,cn_def,en_def_translated_cn_def,cn_def__INTERSECT__en_def_translated_cn_def,,,
qwen3_4b_2560d_int8,鬼,9,0.18994464787344134,0.18588095194556645,0.3813183142079247,0.4411153495311737,cn_def,en_def_translated_cn_def,cn_def__INTERSECT__en_def_translated_cn_def,,,
qwen3_4b_2560d_int8,魚,20,0.43209654912352563,0.4161564588546753,0.444856821000576,0.45028255879879,cn_def,en_def_translated_cn_def,cn_def__INTERSECT__en_def_translated_cn_def,,,
qwen3_4b_2560d_int8,鳥,27,0.4249888009702166,0.38431475032120943,0.44761191805203754,0.44206269140596743,cn_def,en_def_translated_cn_def,cn_def__INTERSECT__en_def_translated_cn_def,,,
qwen3_4b_2560d_int8,鹿,4,0.23577339574694628,0.2720876708626747,0.36776018142700195,0.37802441790699953,cn_def,en_def_translated_cn_def,cn_def__INTERSECT__en_def_translated_cn_def,,,
qwen3_4b_2560d_int8,黑,10,0.15471437303349375,0.14332430101931093,0.43503611981868745,0.4717706948518753,cn_def,en_def_translated_cn_def,cn_def__INTERSECT__en_def_translated_cn_def,,,
qwen3_4b_2560d_int8,齒,8,0.21313983760774133,0.19814991508610544,0.3913877923041582,0.3952187541872263,cn_def,en_def_translated_cn_def,cn_def__INTERSECT__en_def_translated_cn_def,,,
qwen3_4b_2560d_int8,𧾷,48,0.2702684723772108,0.2124336642057945,0.43870399457712966,0.41428559583922225,cn_def,en_def_translated_cn_def,cn_def__INTERSECT__en_def_translated_cn_def,,,
