model,relation_class,channels,mean_offset_consistency,mean_forward_mrr,mean_inverse_mrr
bge_m3_1024d,⺝,1,,,
bge_m3_1024d,㐬,4,,,
bge_m3_1024d,㐭,2,,,
bge_m3_1024d,㐺,1,,,
bge_m3_1024d,㔾,4,,,
bge_m3_1024d,㗊,2,,,
bge_m3_1024d,㝱,4,,,
bge_m3_1024d,㣺,4,,,
bge_m3_1024d,㫃,4,0.2583491938408709,0.005057181401129,0.005550753657382425
bge_m3_1024d,㹜,4,,,
bge_m3_1024d,㾜,4,,,
bge_m3_1024d,䀠,4,,,
bge_m3_1024d,䖵,4,-0.0524905828293413,0.0007146708764405501,0.0011925404505193
bge_m3_1024d,一,4,,,
bge_m3_1024d,丂,2,,,
bge_m3_1024d,与,2,,,
bge_m3_1024d,丠,1,,,
bge_m3_1024d,丮,1,,,
bge_m3_1024d,乑,4,,,
bge_m3_1024d,乙,4,,,
bge_m3_1024d,二,4,,,
bge_m3_1024d,云,2,,,
bge_m3_1024d,京,4,,,
bge_m3_1024d,人,4,,,
bge_m3_1024d,亻,4,0.08480824668971051,0.0275677622750202,0.05215336881027593
bge_m3_1024d,儿,4,,,
bge_m3_1024d,光,4,,,
bge_m3_1024d,兮,4,,,
bge_m3_1024d,共,4,,,
bge_m3_1024d,冂,4,,,
bge_m3_1024d,冃,4,,,
bge_m3_1024d,冖,4,,,
bge_m3_1024d,冥,1,,,
bge_m3_1024d,冫,4,0.18034322366404984,0.0021112384345883,0.0027107142976803
bge_m3_1024d,几,4,,,
bge_m3_1024d,刀,4,,,
bge_m3_1024d,刂,4,0.1927543030345063,0.01982113084970695,0.010426976078062875
bge_m3_1024d,力,4,0.13537541976098585,0.006961499665119025,0.0127786653445834
bge_m3_1024d,勹,4,,,
bge_m3_1024d,匕,4,,,
bge_m3_1024d,匚,4,0.13318572717253116,0.00230742978047595,0.0034217561614139002
bge_m3_1024d,匸,4,,,
bge_m3_1024d,十,4,,,
bge_m3_1024d,卂,4,,,
bge_m3_1024d,午,2,,,
bge_m3_1024d,半,4,,,
bge_m3_1024d,卜,4,,,
bge_m3_1024d,卩,4,,,
bge_m3_1024d,卵,4,,,
bge_m3_1024d,厂,4,-0.1203492575635512,0.0009521408963048,0.0464197290099431
bge_m3_1024d,厶,4,,,
bge_m3_1024d,去,2,,,
bge_m3_1024d,又,4,,,
bge_m3_1024d,口,4,0.20478999666583136,0.014143309914851375,0.026491180597610724
bge_m3_1024d,可,2,,,
bge_m3_1024d,吅,2,,,
bge_m3_1024d,向,4,,,
bge_m3_1024d,喜,4,,,
bge_m3_1024d,囗,4,0.1289567437319254,0.008390849550506575,0.007165726565327926
bge_m3_1024d,土,4,0.1727371899911102,0.026493429344193048,0.03858634019130205
bge_m3_1024d,士,1,,,
bge_m3_1024d,壬,4,,,
bge_m3_1024d,壴,4,,,
bge_m3_1024d,夂,4,,,
bge_m3_1024d,夊,1,,,
bge_m3_1024d,夕,4,,,
bge_m3_1024d,多,4,,,
bge_m3_1024d,大,4,0.10118835186585781,0.0648007502950177,0.064868952213696
bge_m3_1024d,夨,1,,,
bge_m3_1024d,夭,4,,,
bge_m3_1024d,夰,1,,,
bge_m3_1024d,夸,4,,,
bge_m3_1024d,奢,1,,,
bge_m3_1024d,女,4,0.1937965484501799,0.0078268342083847,0.02308005061257455
bge_m3_1024d,子,4,0.1332827568403445,0.02895273565814305,0.004078822954549325
bge_m3_1024d,學,4,,,
bge_m3_1024d,宀,4,0.09825166269034888,0.0021050298360778,0.01298397739003195
bge_m3_1024d,寸,4,,,
bge_m3_1024d,尢,4,,,
bge_m3_1024d,尸,4,0.03358215664158615,0.0034476447778846496,0.02975203971212022
bge_m3_1024d,尺,4,,,
bge_m3_1024d,履,4,,,
bge_m3_1024d,山,4,0.22589355646553316,0.022945256593810477,0.022968648472844674
bge_m3_1024d,屾,1,,,
bge_m3_1024d,工,4,,,
bge_m3_1024d,巫,2,,,
bge_m3_1024d,巾,4,0.1945967823655034,0.00366465847173825,0.017117172950323722
bge_m3_1024d,幺,4,,,
bge_m3_1024d,广,4,0.13734544591567965,0.028321262016821953,0.03683295007026352
bge_m3_1024d,庚,4,,,
bge_m3_1024d,廾,4,,,
bge_m3_1024d,弓,4,0.0986081738518471,0.000724120607453,0.0046419921278212746
bge_m3_1024d,彡,4,0.017282754881307448,0.011745612832428925,0.00967359300647215
bge_m3_1024d,彣,2,,,
bge_m3_1024d,彳,4,0.12604730409948578,0.017329469934818924,0.0399882497750872
bge_m3_1024d,微,4,,,
bge_m3_1024d,心,4,0.20489501237157937,0.024069649961116574,0.042195810749785
bge_m3_1024d,忄,4,0.2449467874620901,0.011892648408717375,0.0209578618186605
bge_m3_1024d,恣,4,,,
bge_m3_1024d,戈,4,0.10404600655998691,0.0017805560322497749,0.0041701798951512
bge_m3_1024d,戊,4,,,
bge_m3_1024d,戶,4,0.13456259702797974,0.00062871113215175,0.0071034342243065
bge_m3_1024d,手,4,0.19425294629542067,0.0048568038640932,0.007836917974451876
bge_m3_1024d,扌,4,0.20538522028496323,0.0178467264869412,0.0319764374385403
bge_m3_1024d,支,2,,,
bge_m3_1024d,攴,4,0.3959719451144338,0.0005753708942497,0.001476107102407
bge_m3_1024d,攵,4,0.0863010391590353,0.010637950970871874,0.028161482456867754
bge_m3_1024d,敕,4,,,
bge_m3_1024d,文,4,,,
bge_m3_1024d,斗,4,-0.0038070885464548754,0.000791529722408625,0.0035844966481922503
bge_m3_1024d,斤,4,0.07496090114582328,0.002273833909176825,0.0093135017115526
bge_m3_1024d,日,4,0.19847017407311315,0.031269294859494576,0.05027062878243587
bge_m3_1024d,旨,4,,,
bge_m3_1024d,是,4,,,
bge_m3_1024d,曰,4,,,
bge_m3_1024d,月,4,0.22082726136432027,0.01929507736366085,0.004760716266838674
bge_m3_1024d,木,4,0.2317599172030759,0.01177995751344085,0.0214119129003049
bge_m3_1024d,東,2,,,
bge_m3_1024d,林,4,-0.011693607216390477,0.04205911577816137,0.044013485911444425
bge_m3_1024d,欠,4,0.11500538601451327,0.021317353427177752,0.05152355277448417
bge_m3_1024d,止,4,,,
bge_m3_1024d,步,4,,,
bge_m3_1024d,歹,4,0.22686558155897962,0.0151313033023374,0.01839104003156445
bge_m3_1024d,死,4,,,
bge_m3_1024d,殳,4,,,
bge_m3_1024d,比,4,,,
bge_m3_1024d,毛,4,0.1358339896684305,0.0063500858986794,0.00673322860452795
bge_m3_1024d,民,4,,,
bge_m3_1024d,气,4,,,
bge_m3_1024d,水,4,0.07126234297174955,0.00026613773993374996,0.002724114496707
bge_m3_1024d,氵,4,0.22552595532186778,0.01394653960590815,0.0249136517603291
bge_m3_1024d,火,4,0.22145849383022218,0.05695169985745783,0.06834608129811717
bge_m3_1024d,灬,4,,,
bge_m3_1024d,炎,1,,,
bge_m3_1024d,爪,4,,,
bge_m3_1024d,爭,4,,,
bge_m3_1024d,父,4,,,
bge_m3_1024d,爿,4,,,
bge_m3_1024d,片,4,,,
bge_m3_1024d,牛,4,,,
bge_m3_1024d,牜,4,0.10643815649322247,0.005117650418209725,0.0051632680476288
bge_m3_1024d,犬,4,-0.06018094348255543,0.01777892170543265,0.07602825992797864
bge_m3_1024d,犭,4,0.1576835695987053,0.0020147775088572998,0.009971763702846526
bge_m3_1024d,玄,2,,,
bge_m3_1024d,玉,4,,,
bge_m3_1024d,王,4,0.27924866716847363,0.016149889684179325,0.020405682810473474
bge_m3_1024d,瓜,4,,,
bge_m3_1024d,瓦,4,0.3662208369370181,0.009273448571624375,0.006477119360968075
bge_m3_1024d,田,4,0.1408721039143319,0.009551116293489025,0.028499712744981125
bge_m3_1024d,申,2,,,
bge_m3_1024d,男,4,,,
bge_m3_1024d,甾,1,,,
bge_m3_1024d,畢,4,,,
bge_m3_1024d,疒,4,0.2824560957556646,0.013000392608505525,0.023336553618837973
bge_m3_1024d,癶,4,,,
bge_m3_1024d,白,4,0.16716022124247887,0.009419469270211926,0.0029672771582403496
bge_m3_1024d,皮,4,0.0895771719515323,0.002999675574935,0.003078219526732
bge_m3_1024d,皿,4,0.1883488024396803,0.041620266786177695,0.02730039552138745
bge_m3_1024d,目,4,0.27465224733637883,0.0225030004319031,0.013509911217297275
bge_m3_1024d,盾,1,,,
bge_m3_1024d,矛,4,,,
bge_m3_1024d,矢,4,0.057213792926631826,0.00048151179931645,0.005402795615053375
bge_m3_1024d,石,4,0.20387923275312758,0.007841413290505224,0.012993913396989475
bge_m3_1024d,示,4,0.0804751254850998,0.0008156237433233499,0.016888134789689202
bge_m3_1024d,礻,4,0.21307911086437253,0.019472714696244876,0.038710381076654574
bge_m3_1024d,禾,4,0.17352808315453713,0.006211193983440875,0.011448875450340224
bge_m3_1024d,穴,4,0.12936359173121142,0.018759913089830577,0.022213983893987647
bge_m3_1024d,立,4,0.009314679781839752,0.0009278496608724,0.003216157964192775
bge_m3_1024d,竹,4,0.2614493123140274,0.01788781639534865,0.0212206418617915
bge_m3_1024d,箕,4,,,
bge_m3_1024d,米,4,0.22521647438294062,0.013725248442818302,0.009084600749205175
bge_m3_1024d,糸,4,0.21380406570615734,0.009884704349952825,0.019537735570367
bge_m3_1024d,縣,4,,,
bge_m3_1024d,缶,4,-0.0662541389465332,0.000703853881839,0.0029764447167711
bge_m3_1024d,网,4,,,
bge_m3_1024d,罒,2,0.20836261957883834,0.0005430248489897999,0.0021412666808309
bge_m3_1024d,羊,4,0.16409039269201453,0.00544717260807795,0.0199892359323768
bge_m3_1024d,羽,4,0.1507348937623098,0.0060329620160333745,0.010571279220978
bge_m3_1024d,習,4,,,
bge_m3_1024d,老,4,,,
bge_m3_1024d,耂,2,,,
bge_m3_1024d,耒,4,0.10054373618082273,0.002391364292080025,0.002255541478506725
bge_m3_1024d,耳,4,0.0769543528869616,0.0097730477423135,0.00605182276684905
bge_m3_1024d,肉,4,0.22371072822548713,0.008959442846574425,0.0160373599374173
bge_m3_1024d,臣,4,,,
bge_m3_1024d,臤,4,,,
bge_m3_1024d,臥,4,,,
bge_m3_1024d,自,4,,,
bge_m3_1024d,至,4,,,
bge_m3_1024d,舌,4,,,
bge_m3_1024d,舛,2,,,
bge_m3_1024d,舟,4,0.31807550353308517,0.03821598630455685,0.0447781851286779
bge_m3_1024d,色,2,,,
bge_m3_1024d,艹,4,0.25961312304431716,0.01292059780732175,0.02771590087700665
bge_m3_1024d,蕇,4,,,
bge_m3_1024d,虍,4,0.0501032918691635,0.0001994325120616,0.0042078250531715
bge_m3_1024d,虎,2,,,
bge_m3_1024d,虫,4,0.324295743996747,0.0064218761938394,0.010229650617697724
bge_m3_1024d,血,4,0.3005823101848364,0.00410358866419025,0.16862973131044823
bge_m3_1024d,行,4,0.04317279652958465,0.07203125098445373,0.07476403683991625
bge_m3_1024d,衣,4,0.18177353510613622,0.012876282014370724,0.022947567668619925
bge_m3_1024d,衤,4,0.2737487388242754,0.0039335945994677,0.008504213841038475
bge_m3_1024d,襾,4,,,
bge_m3_1024d,覀,2,,,
bge_m3_1024d,見,4,0.12140149935536705,0.02248394415865255,0.006288107613352575
bge_m3_1024d,角,4,0.265553149675566,0.0007811305224140501,0.0060411384678961
bge_m3_1024d,言,4,0.18494992599559423,0.0152099853260153,0.03406536745847573
bge_m3_1024d,谷,4,,,
bge_m3_1024d,豆,4,,,
bge_m3_1024d,豕,4,0.46441511860272533,0.07579118892589759,0.0019453422763812999
bge_m3_1024d,象,4,,,
bge_m3_1024d,豸,4,0.3035105146955521,0.02181691427160145,0.003837044487582275
bge_m3_1024d,貝,4,0.18771464699653506,0.009072363942820575,0.01284669308877775
bge_m3_1024d,赤,4,,,
bge_m3_1024d,走,4,0.09831525910994962,0.000899815074627425,0.016862056694982926
bge_m3_1024d,足,4,0.2109139841049909,0.0001945637038951,0.1262213166792681
bge_m3_1024d,身,4,,,
bge_m3_1024d,車,4,0.2540536912410032,0.002410994165871575,0.007924378827298975
bge_m3_1024d,辛,4,,,
bge_m3_1024d,辶,4,0.15930404660426864,0.00691326037552585,0.01729026511090645
bge_m3_1024d,邑,4,,,
bge_m3_1024d,酉,4,0.20567042998154642,0.0060111717529353,0.00724210723939605
bge_m3_1024d,釆,4,,,
bge_m3_1024d,里,4,,,
bge_m3_1024d,金,2,,,
bge_m3_1024d,釒,4,0.2270956215172002,0.008919019975053826,0.0193983375462531
bge_m3_1024d,镸,1,,,
bge_m3_1024d,門,4,0.17250265111344165,0.03167776746378635,0.04538093961868182
bge_m3_1024d,阝,4,0.2226346275051932,0.005931168477953625,0.027809825288450628
bge_m3_1024d,隹,4,0.0638512960588257,0.01755882402507885,0.013691091541226375
bge_m3_1024d,雈,4,,,
bge_m3_1024d,雨,4,0.23060222633193372,0.03205118017090487,0.0464137041195979
bge_m3_1024d,雲,2,,,
bge_m3_1024d,非,4,,,
bge_m3_1024d,面,4,,,
bge_m3_1024d,革,4,0.21779958284916534,0.013296868697674451,0.048046197483250924
bge_m3_1024d,韋,4,0.2456823820248246,0.00057901260829075,0.01058821086114315
bge_m3_1024d,韮,4,,,
bge_m3_1024d,音,4,0.0015791985206305,0.000754536637847,0.0037243376795153
bge_m3_1024d,頁,4,0.1172675742467915,0.009647350583237475,0.008082743389204625
bge_m3_1024d,風,4,0.1693277888375127,0.034604339157195206,0.010753588315867
bge_m3_1024d,食,4,0.036195135364929826,0.00122940933692105,0.00315602472939205
bge_m3_1024d,飠,4,0.23748464651062803,0.010853021025173576,0.021805675682766923
bge_m3_1024d,首,4,,,
bge_m3_1024d,香,2,,,
bge_m3_1024d,馬,4,0.25278817625533523,0.005145110787729325,0.01200933768837615
bge_m3_1024d,骨,4,0.26725834996470216,0.042825701117247476,0.0026602214242496
bge_m3_1024d,高,4,,,
bge_m3_1024d,髟,4,0.23779180460895238,0.015877162135324977,0.0456024122225889
bge_m3_1024d,鬥,4,,,
bge_m3_1024d,鬼,4,0.18152628207080662,0.00552494141862025,0.00493562825247915
bge_m3_1024d,魚,4,0.4341680375703921,0.018301394003419576,0.007134727870341675
bge_m3_1024d,鳥,4,0.3562671599007576,0.0366047811576162,0.007347429092549649
bge_m3_1024d,鹵,4,,,
bge_m3_1024d,鹽,2,,,
bge_m3_1024d,鹿,4,0.2456369126614715,0.0141195336537343,0.0028414452108930003
bge_m3_1024d,麥,4,0.060992866754531846,0.0626377419989339,0.12643943466212548
bge_m3_1024d,麻,4,,,
bge_m3_1024d,黍,4,,,
bge_m3_1024d,黑,4,0.19411191346812934,0.00172300812715325,0.0073118254563018506
bge_m3_1024d,黹,4,,,
bge_m3_1024d,黽,4,,,
bge_m3_1024d,鼎,4,,,
bge_m3_1024d,鼓,4,0.5396056063473225,0.1128057913816774,0.0067013923371108
bge_m3_1024d,鼠,4,0.3064319277803103,0.0007050533339175999,0.0049810289541486995
bge_m3_1024d,鼻,4,,,
bge_m3_1024d,齒,4,0.3349278709237379,0.016831774080440925,0.002992144607761575
bge_m3_1024d,龍,4,,,
bge_m3_1024d,龠,4,,,
bge_m3_1024d,𠘨,4,,,
bge_m3_1024d,𠚕,4,,,
bge_m3_1024d,𠩺,1,,,
bge_m3_1024d,𠫓,4,,,
bge_m3_1024d,𡱕,4,,,
bge_m3_1024d,𢆶,4,,,
bge_m3_1024d,𣶒,4,,,
bge_m3_1024d,𤤴,4,,,
bge_m3_1024d,𥄎,1,,,
bge_m3_1024d,𦍌,4,,,
bge_m3_1024d,𧾷,4,0.24733522229627727,0.01042367871475035,0.0225708626184258
gte_multilingual_base_768d,⺝,1,,,
gte_multilingual_base_768d,㐬,4,,,
gte_multilingual_base_768d,㐭,2,,,
gte_multilingual_base_768d,㐺,1,,,
gte_multilingual_base_768d,㔾,4,,,
gte_multilingual_base_768d,㗊,2,,,
gte_multilingual_base_768d,㝱,4,,,
gte_multilingual_base_768d,㣺,4,,,
gte_multilingual_base_768d,㫃,4,0.28150280452318033,0.013767651691943975,0.00369859818463155
gte_multilingual_base_768d,㹜,4,,,
gte_multilingual_base_768d,㾜,4,,,
gte_multilingual_base_768d,䀠,4,,,
gte_multilingual_base_768d,䖵,4,0.03680043704807759,0.00285225635071045,0.0015337798137121002
gte_multilingual_base_768d,一,4,,,
gte_multilingual_base_768d,丂,2,,,
gte_multilingual_base_768d,与,2,,,
gte_multilingual_base_768d,丠,1,,,
gte_multilingual_base_768d,丮,1,,,
gte_multilingual_base_768d,乑,4,,,
gte_multilingual_base_768d,乙,4,,,
gte_multilingual_base_768d,二,4,,,
gte_multilingual_base_768d,云,2,,,
gte_multilingual_base_768d,京,4,,,
gte_multilingual_base_768d,人,4,,,
gte_multilingual_base_768d,亻,4,0.08769100054301447,0.029742469983041923,0.05799768793582975
gte_multilingual_base_768d,儿,4,,,
gte_multilingual_base_768d,光,4,,,
gte_multilingual_base_768d,兮,4,,,
gte_multilingual_base_768d,共,4,,,
gte_multilingual_base_768d,冂,4,,,
gte_multilingual_base_768d,冃,4,,,
gte_multilingual_base_768d,冖,4,,,
gte_multilingual_base_768d,冥,1,,,
gte_multilingual_base_768d,冫,4,0.20398324371005094,0.00452271303933065,0.002430086574956325
gte_multilingual_base_768d,几,4,,,
gte_multilingual_base_768d,刀,4,,,
gte_multilingual_base_768d,刂,4,0.21852635592065844,0.02603600954557515,0.013759903652231849
gte_multilingual_base_768d,力,4,0.12175140927075,0.0043977469957873,0.012846673402590776
gte_multilingual_base_768d,勹,4,,,
gte_multilingual_base_768d,匕,4,,,
gte_multilingual_base_768d,匚,4,0.088406340801157,0.001351929370706275,0.00401517854842905
gte_multilingual_base_768d,匸,4,,,
gte_multilingual_base_768d,十,4,,,
gte_multilingual_base_768d,卂,4,,,
gte_multilingual_base_768d,午,2,,,
gte_multilingual_base_768d,半,4,,,
gte_multilingual_base_768d,卜,4,,,
gte_multilingual_base_768d,卩,4,,,
gte_multilingual_base_768d,卵,4,,,
gte_multilingual_base_768d,厂,4,-0.0616720573355754,0.0010046617059113,0.0470359859788301
gte_multilingual_base_768d,厶,4,,,
gte_multilingual_base_768d,去,2,,,
gte_multilingual_base_768d,又,4,,,
gte_multilingual_base_768d,口,4,0.22169310777064308,0.013392264369059626,0.0299081988679231
gte_multilingual_base_768d,可,2,,,
gte_multilingual_base_768d,吅,2,,,
gte_multilingual_base_768d,向,4,,,
gte_multilingual_base_768d,喜,4,,,
gte_multilingual_base_768d,囗,4,0.1706374808214604,0.04522486583068827,0.02283510937292795
gte_multilingual_base_768d,土,4,0.19077719251809422,0.028960505711408326,0.046104664583167324
gte_multilingual_base_768d,士,1,,,
gte_multilingual_base_768d,壬,4,,,
gte_multilingual_base_768d,壴,4,,,
gte_multilingual_base_768d,夂,4,,,
gte_multilingual_base_768d,夊,1,,,
gte_multilingual_base_768d,夕,4,,,
gte_multilingual_base_768d,多,4,,,
gte_multilingual_base_768d,大,4,0.050193348841276,0.0069939283162311,0.06335566855261568
gte_multilingual_base_768d,夨,1,,,
gte_multilingual_base_768d,夭,4,,,
gte_multilingual_base_768d,夰,1,,,
gte_multilingual_base_768d,夸,4,,,
gte_multilingual_base_768d,奢,1,,,
gte_multilingual_base_768d,女,4,0.18605916683976967,0.005860940107726825,0.021388583054892673
gte_multilingual_base_768d,子,4,0.1073256433010101,0.00969277289162095,0.00139359644553985
gte_multilingual_base_768d,學,4,,,
gte_multilingual_base_768d,宀,4,0.1087240055999866,0.002649758079651075,0.014239853649128425
gte_multilingual_base_768d,寸,4,,,
gte_multilingual_base_768d,尢,4,,,
gte_multilingual_base_768d,尸,4,0.06101812741327435,0.000618423391903975,0.01673833874770545
gte_multilingual_base_768d,尺,4,,,
gte_multilingual_base_768d,履,4,,,
gte_multilingual_base_768d,山,4,0.25934636588085613,0.024439751324095774,0.02800196755224675
gte_multilingual_base_768d,屾,1,,,
gte_multilingual_base_768d,工,4,,,
gte_multilingual_base_768d,巫,2,,,
gte_multilingual_base_768d,巾,4,0.21549826174252765,0.010412253748040126,0.0153577030547081
gte_multilingual_base_768d,幺,4,,,
gte_multilingual_base_768d,广,4,0.1555868944084449,0.033347869887766675,0.04519232314043893
gte_multilingual_base_768d,庚,4,,,
gte_multilingual_base_768d,廾,4,,,
gte_multilingual_base_768d,弓,4,0.1465748354999555,0.0019381831494832999,0.0050394702115567
gte_multilingual_base_768d,彡,4,0.018278475107979898,0.006384996732021275,0.019344060427551928
gte_multilingual_base_768d,彣,2,,,
gte_multilingual_base_768d,彳,4,0.12806894656916198,0.0164914627467713,0.03467006514467705
gte_multilingual_base_768d,微,4,,,
gte_multilingual_base_768d,心,4,0.19796286774971597,0.019639294682726426,0.0314711081496319
gte_multilingual_base_768d,忄,4,0.23681207447443015,0.0094065478864565,0.021083077506718926
gte_multilingual_base_768d,恣,4,,,
gte_multilingual_base_768d,戈,4,0.11668448800672634,0.0023462851459307,0.0038007498171906
gte_multilingual_base_768d,戊,4,,,
gte_multilingual_base_768d,戶,4,0.13907755352556705,0.0006465263518086999,0.00769214902145695
gte_multilingual_base_768d,手,4,0.20555752860936555,0.00716910853770945,0.00644801844242985
gte_multilingual_base_768d,扌,4,0.19387463688208922,0.017839384861533275,0.0342348962501877
gte_multilingual_base_768d,支,2,,,
gte_multilingual_base_768d,攴,4,0.4231298334896564,0.0005796120824949,0.0022351728388399
gte_multilingual_base_768d,攵,4,0.09487341794145657,0.0107062747004977,0.04689570573025588
gte_multilingual_base_768d,敕,4,,,
gte_multilingual_base_768d,文,4,,,
gte_multilingual_base_768d,斗,4,0.026864590881658476,0.000936125859388625,0.005610256738292625
gte_multilingual_base_768d,斤,4,0.07398771678563207,0.001867670598480925,0.00539004553365705
gte_multilingual_base_768d,日,4,0.19976002616283128,0.0396683823544384,0.0758849782704446
gte_multilingual_base_768d,旨,4,,,
gte_multilingual_base_768d,是,4,,,
gte_multilingual_base_768d,曰,4,,,
gte_multilingual_base_768d,月,4,0.19060416951025316,0.022169123375243776,0.030685015028065424
gte_multilingual_base_768d,木,4,0.2321696083515034,0.0101810414228337,0.02046767903962065
gte_multilingual_base_768d,東,2,,,
gte_multilingual_base_768d,林,4,-0.009059910879780822,0.0212357960152066,0.04351078339067288
gte_multilingual_base_768d,欠,4,0.11125465436018113,0.0109232535673629,0.03506813224194375
gte_multilingual_base_768d,止,4,,,
gte_multilingual_base_768d,步,4,,,
gte_multilingual_base_768d,歹,4,0.20728602001401447,0.02434913438911555,0.018700109283780877
gte_multilingual_base_768d,死,4,,,
gte_multilingual_base_768d,殳,4,,,
gte_multilingual_base_768d,比,4,,,
gte_multilingual_base_768d,毛,4,0.1603548237484776,0.006911851380827424,0.00723720071671035
gte_multilingual_base_768d,民,4,,,
gte_multilingual_base_768d,气,4,,,
gte_multilingual_base_768d,水,4,0.07758054544683543,0.0003626994852516,0.00452219474872145
gte_multilingual_base_768d,氵,4,0.23611555506837342,0.015871705498134426,0.028049092894949
gte_multilingual_base_768d,火,4,0.23405317595338093,0.045692877065288774,0.06073324017162182
gte_multilingual_base_768d,灬,4,,,
gte_multilingual_base_768d,炎,1,,,
gte_multilingual_base_768d,爪,4,,,
gte_multilingual_base_768d,爭,4,,,
gte_multilingual_base_768d,父,4,,,
gte_multilingual_base_768d,爿,4,,,
gte_multilingual_base_768d,片,4,,,
gte_multilingual_base_768d,牛,4,,,
gte_multilingual_base_768d,牜,4,0.12769307160735244,0.029135969741972325,0.0157976325182344
gte_multilingual_base_768d,犬,4,-0.02332112392565855,0.020075475841644173,0.1023695743102201
gte_multilingual_base_768d,犭,4,0.19001886121125863,0.0021768092768036,0.0105401176801408
gte_multilingual_base_768d,玄,2,,,
gte_multilingual_base_768d,玉,4,,,
gte_multilingual_base_768d,王,4,0.2858538592252227,0.027764079278466948,0.03531391690812333
gte_multilingual_base_768d,瓜,4,,,
gte_multilingual_base_768d,瓦,4,0.3820921187135544,0.023582791783496,0.00841262223537425
gte_multilingual_base_768d,田,4,0.1678437527090024,0.0219886705560009,0.027753245164279374
gte_multilingual_base_768d,申,2,,,
gte_multilingual_base_768d,男,4,,,
gte_multilingual_base_768d,甾,1,,,
gte_multilingual_base_768d,畢,4,,,
gte_multilingual_base_768d,疒,4,0.2917407832969424,0.0120528081182445,0.01993460873175915
gte_multilingual_base_768d,癶,4,,,
gte_multilingual_base_768d,白,4,0.203212056774646,0.012431067279589475,0.0062967396183486995
gte_multilingual_base_768d,皮,4,0.0910894069820642,0.0002102444488019,0.0027239796703264
gte_multilingual_base_768d,皿,4,0.185334904109965,0.011200288220762175,0.011460860250065
gte_multilingual_base_768d,目,4,0.2997922386626562,0.015942883132897774,0.014421313614368474
gte_multilingual_base_768d,盾,1,,,
gte_multilingual_base_768d,矛,4,,,
gte_multilingual_base_768d,矢,4,0.05003515029481302,0.0005177753842764251,0.001969836976172325
gte_multilingual_base_768d,石,4,0.2174059951396013,0.01129940427220085,0.022522442728606276
gte_multilingual_base_768d,示,4,0.08358597513288255,0.003312112546149425,0.0640693325112453
gte_multilingual_base_768d,礻,4,0.22481026133569076,0.0109032066168171,0.01728485024282825
gte_multilingual_base_768d,禾,4,0.17091468622455835,0.010842749492570025,0.0134340449994354
gte_multilingual_base_768d,穴,4,0.14394913907388568,0.010777017591702999,0.015908644483667276
gte_multilingual_base_768d,立,4,0.012939961557276523,0.0011637507241885748,0.0047131857866815
gte_multilingual_base_768d,竹,4,0.263163330468421,0.01968996377523195,0.03002481679924545
gte_multilingual_base_768d,箕,4,,,
gte_multilingual_base_768d,米,4,0.2457109111583651,0.022176872173071176,0.020463383972848775
gte_multilingual_base_768d,糸,4,0.23768870666722378,0.009262517335626101,0.0198685105551119
gte_multilingual_base_768d,縣,4,,,
gte_multilingual_base_768d,缶,4,-0.0219496227800846,0.0168236441880343,0.0305431801343725
gte_multilingual_base_768d,网,4,,,
gte_multilingual_base_768d,罒,2,0.1908633645623922,0.00050611163378865,0.00294830712078545
gte_multilingual_base_768d,羊,4,0.18537284580525004,0.0219399785517179,0.01913011746238805
gte_multilingual_base_768d,羽,4,0.18001100125271383,0.0032895071779089754,0.014765462635311824
gte_multilingual_base_768d,習,4,,,
gte_multilingual_base_768d,老,4,,,
gte_multilingual_base_768d,耂,2,,,
gte_multilingual_base_768d,耒,4,0.09662603102402667,0.0057089861348864,0.0074657058271615
gte_multilingual_base_768d,耳,4,0.0457388554091772,0.00376834260605895,0.0017231299985384502
gte_multilingual_base_768d,肉,4,0.2397112524285649,0.0085218575213249,0.014791105043766552
gte_multilingual_base_768d,臣,4,,,
gte_multilingual_base_768d,臤,4,,,
gte_multilingual_base_768d,臥,4,,,
gte_multilingual_base_768d,自,4,,,
gte_multilingual_base_768d,至,4,,,
gte_multilingual_base_768d,舌,4,,,
gte_multilingual_base_768d,舛,2,,,
gte_multilingual_base_768d,舟,4,0.35308384212354815,0.0403612041793793,0.04277892687570215
gte_multilingual_base_768d,色,2,,,
gte_multilingual_base_768d,艹,4,0.27130907557607914,0.017525710038757126,0.0322789780062708
gte_multilingual_base_768d,蕇,4,,,
gte_multilingual_base_768d,虍,4,0.1193479038774967,0.0001987869707409,0.0029673689917708
gte_multilingual_base_768d,虎,2,,,
gte_multilingual_base_768d,虫,4,0.34459770474402335,0.00783563969370415,0.010627539532619575
gte_multilingual_base_768d,血,4,0.26279162243008614,0.00527502630902505,0.0231464206365228
gte_multilingual_base_768d,行,4,0.06367391795585198,0.044968356511074725,0.05552411198758013
gte_multilingual_base_768d,衣,4,0.182537656949368,0.001215663183762325,0.007616812680611825
gte_multilingual_base_768d,衤,4,0.2930859839515467,0.007357782415129025,0.010843540775783426
gte_multilingual_base_768d,襾,4,,,
gte_multilingual_base_768d,覀,2,,,
gte_multilingual_base_768d,見,4,0.14834296260960395,0.014532487105842325,0.010970593181743326
gte_multilingual_base_768d,角,4,0.2905568098427639,0.00096148715356875,0.01153554501127505
gte_multilingual_base_768d,言,4,0.19033275201567393,0.018186351815498974,0.038383823605179175
gte_multilingual_base_768d,谷,4,,,
gte_multilingual_base_768d,豆,4,,,
gte_multilingual_base_768d,豕,4,0.4388348124921322,0.0358285044503849,0.0023589269146497
gte_multilingual_base_768d,象,4,,,
gte_multilingual_base_768d,豸,4,0.3758538026795057,0.025759085731451126,0.002803870082137075
gte_multilingual_base_768d,貝,4,0.21346457152218187,0.011103779329317475,0.0110955262448521
gte_multilingual_base_768d,赤,4,,,
gte_multilingual_base_768d,走,4,0.09544072159042111,0.0026624292652361247,0.0054183054041333995
gte_multilingual_base_768d,足,4,0.2970746606588363,0.0002054973126403,0.0185689852125229
gte_multilingual_base_768d,身,4,,,
gte_multilingual_base_768d,車,4,0.25693210068992467,0.0032671519308792997,0.005958039975208
gte_multilingual_base_768d,辛,4,,,
gte_multilingual_base_768d,辶,4,0.15966919911885719,0.00722103395045475,0.0201348377623825
gte_multilingual_base_768d,邑,4,,,
gte_multilingual_base_768d,酉,4,0.20895997289173665,0.003300626720744075,0.00556757160725305
gte_multilingual_base_768d,釆,4,,,
gte_multilingual_base_768d,里,4,,,
gte_multilingual_base_768d,金,2,,,
gte_multilingual_base_768d,釒,4,0.22530712089211336,0.005940898699595801,0.02303921919214135
gte_multilingual_base_768d,镸,1,,,
gte_multilingual_base_768d,門,4,0.1852221320308144,0.026701280278423275,0.042963803778610025
gte_multilingual_base_768d,阝,4,0.2251107237186108,0.0119600288063257,0.029354941360186848
gte_multilingual_base_768d,隹,4,0.11096304731614362,0.017145309587714853,0.012613779206720726
gte_multilingual_base_768d,雈,4,,,
gte_multilingual_base_768d,雨,4,0.2703310252015682,0.029781296173041698,0.05128297344025168
gte_multilingual_base_768d,雲,2,,,
gte_multilingual_base_768d,非,4,,,
gte_multilingual_base_768d,面,4,,,
gte_multilingual_base_768d,革,4,0.2411460479394832,0.00977300590655855,0.06088682201950295
gte_multilingual_base_768d,韋,4,0.2334470510896709,0.000683607964311,0.0055258642733158995
gte_multilingual_base_768d,韮,4,,,
gte_multilingual_base_768d,音,4,0.0639506056904792,0.0006577342680136,0.005591014170321
gte_multilingual_base_768d,頁,4,0.14070901432390104,0.0027317927033302246,0.008439515589898375
gte_multilingual_base_768d,風,4,0.22825179906148046,0.0411959861331016,0.020608837840365622
gte_multilingual_base_768d,食,4,0.07564819358910119,0.002020376056062375,0.008114000137261575
gte_multilingual_base_768d,飠,4,0.23456159290011316,0.004837763074273424,0.016505212216008223
gte_multilingual_base_768d,首,4,,,
gte_multilingual_base_768d,香,2,,,
gte_multilingual_base_768d,馬,4,0.2602777242749167,0.004651945772789775,0.00995283147022185
gte_multilingual_base_768d,骨,4,0.3507324608209997,0.08867573533469295,0.0050708987214936
gte_multilingual_base_768d,高,4,,,
gte_multilingual_base_768d,髟,4,0.23807807858207852,0.024208056528400076,0.04888577504823845
gte_multilingual_base_768d,鬥,4,,,
gte_multilingual_base_768d,鬼,4,0.20041662459779114,0.006345823971085775,0.007985763336872474
gte_multilingual_base_768d,魚,4,0.4378712149802595,0.022230213686418625,0.0038828473893075498
gte_multilingual_base_768d,鳥,4,0.38433264071182427,0.026862960931677626,0.0081954520787731
gte_multilingual_base_768d,鹵,4,,,
gte_multilingual_base_768d,鹽,2,,,
gte_multilingual_base_768d,鹿,4,0.3304703773495245,0.04184182246419368,0.0059053674455695005
gte_multilingual_base_768d,麥,4,0.14581957980990407,0.06289405774689659,0.12631265986840307
gte_multilingual_base_768d,麻,4,,,
gte_multilingual_base_768d,黍,4,,,
gte_multilingual_base_768d,黑,4,0.20068041264734027,0.003299180651724,0.0144969544327432
gte_multilingual_base_768d,黹,4,,,
gte_multilingual_base_768d,黽,4,,,
gte_multilingual_base_768d,鼎,4,,,
gte_multilingual_base_768d,鼓,4,0.5072438754141331,0.08921897022050135,0.00160757672585505
gte_multilingual_base_768d,鼠,4,0.3943217747741275,0.0151482841531514,0.0074333850000784
gte_multilingual_base_768d,鼻,4,,,
gte_multilingual_base_768d,齒,4,0.3433572627572258,0.022611609305706576,0.003626084719005325
gte_multilingual_base_768d,龍,4,,,
gte_multilingual_base_768d,龠,4,,,
gte_multilingual_base_768d,𠘨,4,,,
gte_multilingual_base_768d,𠚕,4,,,
gte_multilingual_base_768d,𠩺,1,,,
gte_multilingual_base_768d,𠫓,4,,,
gte_multilingual_base_768d,𡱕,4,,,
gte_multilingual_base_768d,𢆶,4,,,
gte_multilingual_base_768d,𣶒,4,,,
gte_multilingual_base_768d,𤤴,4,,,
gte_multilingual_base_768d,𥄎,1,,,
gte_multilingual_base_768d,𦍌,4,,,
gte_multilingual_base_768d,𧾷,4,0.2516235747965732,0.014058760344243425,0.0298008790996407
qwen3_0.6b_1024d,⺝,1,,,
qwen3_0.6b_1024d,㐬,4,,,
qwen3_0.6b_1024d,㐭,2,,,
qwen3_0.6b_1024d,㐺,1,,,
qwen3_0.6b_1024d,㔾,4,,,
qwen3_0.6b_1024d,㗊,2,,,
qwen3_0.6b_1024d,㝱,4,,,
qwen3_0.6b_1024d,㣺,4,,,
qwen3_0.6b_1024d,㫃,4,0.24496302848610166,0.020514525842109176,0.005134745107311526
qwen3_0.6b_1024d,㹜,4,,,
qwen3_0.6b_1024d,㾜,4,,,
qwen3_0.6b_1024d,䀠,4,,,
qwen3_0.6b_1024d,䖵,4,0.1034167093224823,0.00432361599859025,0.01168618040782475
qwen3_0.6b_1024d,一,4,,,
qwen3_0.6b_1024d,丂,2,,,
qwen3_0.6b_1024d,与,2,,,
qwen3_0.6b_1024d,丠,1,,,
qwen3_0.6b_1024d,丮,1,,,
qwen3_0.6b_1024d,乑,4,,,
qwen3_0.6b_1024d,乙,4,,,
qwen3_0.6b_1024d,二,4,,,
qwen3_0.6b_1024d,云,2,,,
qwen3_0.6b_1024d,京,4,,,
qwen3_0.6b_1024d,人,4,,,
qwen3_0.6b_1024d,亻,4,0.0771831740588747,0.0263304862569285,0.04457505758058535
qwen3_0.6b_1024d,儿,4,,,
qwen3_0.6b_1024d,光,4,,,
qwen3_0.6b_1024d,兮,4,,,
qwen3_0.6b_1024d,共,4,,,
qwen3_0.6b_1024d,冂,4,,,
qwen3_0.6b_1024d,冃,4,,,
qwen3_0.6b_1024d,冖,4,,,
qwen3_0.6b_1024d,冥,1,,,
qwen3_0.6b_1024d,冫,4,0.2289663217722987,0.013994539447981898,0.0062247950013242
qwen3_0.6b_1024d,几,4,,,
qwen3_0.6b_1024d,刀,4,,,
qwen3_0.6b_1024d,刂,4,0.2447802009556387,0.01964885631299245,0.013958744403426725
qwen3_0.6b_1024d,力,4,0.13557521025295893,0.009885282830900274,0.01750574461200785
qwen3_0.6b_1024d,勹,4,,,
qwen3_0.6b_1024d,匕,4,,,
qwen3_0.6b_1024d,匚,4,0.13447428338695314,0.0032166094723713,0.003232451135689925
qwen3_0.6b_1024d,匸,4,,,
qwen3_0.6b_1024d,十,4,,,
qwen3_0.6b_1024d,卂,4,,,
qwen3_0.6b_1024d,午,2,,,
qwen3_0.6b_1024d,半,4,,,
qwen3_0.6b_1024d,卜,4,,,
qwen3_0.6b_1024d,卩,4,,,
qwen3_0.6b_1024d,卵,4,,,
qwen3_0.6b_1024d,厂,4,0.0747565235942602,0.0348550895249436,0.1689539293812963
qwen3_0.6b_1024d,厶,4,,,
qwen3_0.6b_1024d,去,2,,,
qwen3_0.6b_1024d,又,4,,,
qwen3_0.6b_1024d,口,4,0.24663021405447644,0.009675452309195951,0.023164366376440898
qwen3_0.6b_1024d,可,2,,,
qwen3_0.6b_1024d,吅,2,,,
qwen3_0.6b_1024d,向,4,,,
qwen3_0.6b_1024d,喜,4,,,
qwen3_0.6b_1024d,囗,4,0.1707304247866638,0.0065593533386078,0.00350000822638895
qwen3_0.6b_1024d,土,4,0.20633925884480364,0.0170077698308311,0.03261381420638795
qwen3_0.6b_1024d,士,1,,,
qwen3_0.6b_1024d,壬,4,,,
qwen3_0.6b_1024d,壴,4,,,
qwen3_0.6b_1024d,夂,4,,,
qwen3_0.6b_1024d,夊,1,,,
qwen3_0.6b_1024d,夕,4,,,
qwen3_0.6b_1024d,多,4,,,
qwen3_0.6b_1024d,大,4,0.07397304933207727,0.048228031106732225,0.029904468455614473
qwen3_0.6b_1024d,夨,1,,,
qwen3_0.6b_1024d,夭,4,,,
qwen3_0.6b_1024d,夰,1,,,
qwen3_0.6b_1024d,夸,4,,,
qwen3_0.6b_1024d,奢,1,,,
qwen3_0.6b_1024d,女,4,0.20804070369638822,0.0094337624299088,0.020007370069408975
qwen3_0.6b_1024d,子,4,0.15102394844871012,0.009501486149751976,0.0023839139844758
qwen3_0.6b_1024d,學,4,,,
qwen3_0.6b_1024d,宀,4,0.10000037189890876,0.002386584467657525,0.008451622676465025
qwen3_0.6b_1024d,寸,4,,,
qwen3_0.6b_1024d,尢,4,,,
qwen3_0.6b_1024d,尸,4,0.05367627904957362,0.0054611910116675755,0.034907216631473274
qwen3_0.6b_1024d,尺,4,,,
qwen3_0.6b_1024d,履,4,,,
qwen3_0.6b_1024d,山,4,0.2942331399924969,0.022515028487641125,0.023001902329368325
qwen3_0.6b_1024d,屾,1,,,
qwen3_0.6b_1024d,工,4,,,
qwen3_0.6b_1024d,巫,2,,,
qwen3_0.6b_1024d,巾,4,0.23758460802905002,0.017018810779282648,0.0205139261528923
qwen3_0.6b_1024d,幺,4,,,
qwen3_0.6b_1024d,广,4,0.1608309520985044,0.03382032103422695,0.039343245790096903
qwen3_0.6b_1024d,庚,4,,,
qwen3_0.6b_1024d,廾,4,,,
qwen3_0.6b_1024d,弓,4,0.15785911795902102,0.02024973127305193,0.026862331447686825
qwen3_0.6b_1024d,彡,4,0.10508827222067679,0.00747532826901335,0.03021716294139965
qwen3_0.6b_1024d,彣,2,,,
qwen3_0.6b_1024d,彳,4,0.1264680060387079,0.014378309872036425,0.02839067183729827
qwen3_0.6b_1024d,微,4,,,
qwen3_0.6b_1024d,心,4,0.22018490194055101,0.02224319953109585,0.041659644929610176
qwen3_0.6b_1024d,忄,4,0.2688141702977114,0.013092739116516875,0.022509800148528
qwen3_0.6b_1024d,恣,4,,,
qwen3_0.6b_1024d,戈,4,0.17134424239030158,0.00444121340297375,0.0102656794205231
qwen3_0.6b_1024d,戊,4,,,
qwen3_0.6b_1024d,戶,4,0.0879625605884939,0.00080963294113925,0.0113675883169241
qwen3_0.6b_1024d,手,4,0.1601847344654656,0.005529897867476225,0.0099380144066119
qwen3_0.6b_1024d,扌,4,0.21101656420397658,0.017404002898058876,0.032099160921470804
qwen3_0.6b_1024d,支,2,,,
qwen3_0.6b_1024d,攴,4,0.1570123857818544,0.00043391335244,0.0015560161585133
qwen3_0.6b_1024d,攵,4,0.08379764388925755,0.007671233675221651,0.029986123417774152
qwen3_0.6b_1024d,敕,4,,,
qwen3_0.6b_1024d,文,4,,,
qwen3_0.6b_1024d,斗,4,0.05979816123976238,0.0007822137253896,0.003797206046803375
qwen3_0.6b_1024d,斤,4,0.11000215923413631,0.0070727603254995,0.007015421840519725
qwen3_0.6b_1024d,日,4,0.21990228308824278,0.03372534641839953,0.059679311794371054
qwen3_0.6b_1024d,旨,4,,,
qwen3_0.6b_1024d,是,4,,,
qwen3_0.6b_1024d,曰,4,,,
qwen3_0.6b_1024d,月,4,0.2166393411138819,0.040892262946698,0.009469406666866825
qwen3_0.6b_1024d,木,4,0.25564160023453786,0.0124719430549889,0.02244622074644025
qwen3_0.6b_1024d,東,2,,,
qwen3_0.6b_1024d,林,4,0.026674477073053475,0.001114748401724575,0.00277179128803305
qwen3_0.6b_1024d,欠,4,0.09565411582766539,0.0055181165165735,0.03492947411372828
qwen3_0.6b_1024d,止,4,,,
qwen3_0.6b_1024d,步,4,,,
qwen3_0.6b_1024d,歹,4,0.19591415764689796,0.0292027082852209,0.01865799252307105
qwen3_0.6b_1024d,死,4,,,
qwen3_0.6b_1024d,殳,4,,,
qwen3_0.6b_1024d,比,4,,,
qwen3_0.6b_1024d,毛,4,0.18652320834419997,0.0038539830553355253,0.04027974663931165
qwen3_0.6b_1024d,民,4,,,
qwen3_0.6b_1024d,气,4,,,
qwen3_0.6b_1024d,水,4,0.10445536253973838,0.0009915051845916251,0.007756462033728175
qwen3_0.6b_1024d,氵,4,0.24841762843555984,0.015218058251079799,0.02451449953267935
qwen3_0.6b_1024d,火,4,0.27018798737812577,0.0653693488596098,0.053469743091344925
qwen3_0.6b_1024d,灬,4,,,
qwen3_0.6b_1024d,炎,1,,,
qwen3_0.6b_1024d,爪,4,,,
qwen3_0.6b_1024d,爭,4,,,
qwen3_0.6b_1024d,父,4,,,
qwen3_0.6b_1024d,爿,4,,,
qwen3_0.6b_1024d,片,4,,,
qwen3_0.6b_1024d,牛,4,,,
qwen3_0.6b_1024d,牜,4,0.13149992282694525,0.008007520808749275,0.00944112455520295
qwen3_0.6b_1024d,犬,4,-0.0035033675007677,0.04243188526844795,0.08932319741026908
qwen3_0.6b_1024d,犭,4,0.23924646584799092,0.005476079030010325,0.005680649731203949
qwen3_0.6b_1024d,玄,2,,,
qwen3_0.6b_1024d,玉,4,,,
qwen3_0.6b_1024d,王,4,0.2941080525013247,0.027580392757034423,0.024770832613372127
qwen3_0.6b_1024d,瓜,4,,,
qwen3_0.6b_1024d,瓦,4,0.363684800125986,0.04842734467731647,0.016709614488958698
qwen3_0.6b_1024d,田,4,0.12856169903758338,0.051092797723868225,0.04157856349169638
qwen3_0.6b_1024d,申,2,,,
qwen3_0.6b_1024d,男,4,,,
qwen3_0.6b_1024d,甾,1,,,
qwen3_0.6b_1024d,畢,4,,,
qwen3_0.6b_1024d,疒,4,0.33345469973950576,0.0142639453928995,0.013225078821572
qwen3_0.6b_1024d,癶,4,,,
qwen3_0.6b_1024d,白,4,0.21998059260658917,0.0138308742802003,0.0045063286321699
qwen3_0.6b_1024d,皮,4,0.1570011470466852,0.0008278128431749,0.0010962233789113
qwen3_0.6b_1024d,皿,4,0.2163834318067088,0.012091395497714975,0.016033603303416098
qwen3_0.6b_1024d,目,4,0.28685641894443487,0.0173067962206275,0.015846959765744177
qwen3_0.6b_1024d,盾,1,,,
qwen3_0.6b_1024d,矛,4,,,
qwen3_0.6b_1024d,矢,4,0.05237464111026682,0.0021038679091292247,0.0090298067121325
qwen3_0.6b_1024d,石,4,0.21570848096243866,0.0082341172456935,0.015030881074738324
qwen3_0.6b_1024d,示,4,0.08420800562016661,0.003879239079197575,0.006439239628102875
qwen3_0.6b_1024d,礻,4,0.22931367611332082,0.026641549552078,0.028818363764473526
qwen3_0.6b_1024d,禾,4,0.17285963641268842,0.009839647510213625,0.01555234831284475
qwen3_0.6b_1024d,穴,4,0.14796371061500962,0.019403616714276477,0.021878086961015925
qwen3_0.6b_1024d,立,4,-0.0003448921854474498,0.0044650487890749505,0.00452081921747445
qwen3_0.6b_1024d,竹,4,0.28004959680595737,0.0180947239232097,0.022348363549953273
qwen3_0.6b_1024d,箕,4,,,
qwen3_0.6b_1024d,米,4,0.2516642686602844,0.019930749717575802,0.012381323448807725
qwen3_0.6b_1024d,糸,4,0.2721958237315034,0.012101382557663775,0.016574419633215702
qwen3_0.6b_1024d,縣,4,,,
qwen3_0.6b_1024d,缶,4,0.0583395827561616,0.0005328716497544,0.0013857728174018
qwen3_0.6b_1024d,网,4,,,
qwen3_0.6b_1024d,罒,2,0.1480017092078924,0.00075913114442365,0.00210912344623755
qwen3_0.6b_1024d,羊,4,0.2250161684118211,0.00257392915004465,0.009584023467945499
qwen3_0.6b_1024d,羽,4,0.20300712103844087,0.024724615462454375,0.007092594770139525
qwen3_0.6b_1024d,習,4,,,
qwen3_0.6b_1024d,老,4,,,
qwen3_0.6b_1024d,耂,2,,,
qwen3_0.6b_1024d,耒,4,0.12018631915894468,0.0055465116426005,0.0027913452378168
qwen3_0.6b_1024d,耳,4,0.147032747760114,0.0028477937214167748,0.00401760664252795
qwen3_0.6b_1024d,肉,4,0.26274951373312483,0.008365074272853426,0.01753786737032655
qwen3_0.6b_1024d,臣,4,,,
qwen3_0.6b_1024d,臤,4,,,
qwen3_0.6b_1024d,臥,4,,,
qwen3_0.6b_1024d,自,4,,,
qwen3_0.6b_1024d,至,4,,,
qwen3_0.6b_1024d,舌,4,,,
qwen3_0.6b_1024d,舛,2,,,
qwen3_0.6b_1024d,舟,4,0.386361105251126,0.07162446769638789,0.05262055662552568
qwen3_0.6b_1024d,色,2,,,
qwen3_0.6b_1024d,艹,4,0.2996639193854702,0.015802967133760525,0.02456410822269845
qwen3_0.6b_1024d,蕇,4,,,
qwen3_0.6b_1024d,虍,4,0.1581345852464437,0.0022346995365185,0.0029457096780359
qwen3_0.6b_1024d,虎,2,,,
qwen3_0.6b_1024d,虫,4,0.39977771055389394,0.013366337047402024,0.01016032160262575
qwen3_0.6b_1024d,血,4,0.254051111638546,0.0018764798650611001,0.020011628960854202
qwen3_0.6b_1024d,行,4,0.0354762479463326,0.018249717793982347,0.024218717288896473
qwen3_0.6b_1024d,衣,4,0.21785674632871638,0.0077535245328580246,0.015763719576394074
qwen3_0.6b_1024d,衤,4,0.29244507310037715,0.010442341538539901,0.015810378570261876
qwen3_0.6b_1024d,襾,4,,,
qwen3_0.6b_1024d,覀,2,,,
qwen3_0.6b_1024d,見,4,0.16522896656533698,0.02325072258721915,0.028984040579130822
qwen3_0.6b_1024d,角,4,0.18741905400233844,0.00296198205674535,0.01367206090741485
qwen3_0.6b_1024d,言,4,0.21698885618791747,0.015618338325327349,0.031432131851512175
qwen3_0.6b_1024d,谷,4,,,
qwen3_0.6b_1024d,豆,4,,,
qwen3_0.6b_1024d,豕,4,0.3977285150128106,0.14046873375729738,0.00649428516635615
qwen3_0.6b_1024d,象,4,,,
qwen3_0.6b_1024d,豸,4,0.3973745491000868,0.03743904385189192,0.0032725268898127
qwen3_0.6b_1024d,貝,4,0.24475644148364092,0.006247747688170151,0.00793561501630215
qwen3_0.6b_1024d,赤,4,,,
qwen3_0.6b_1024d,走,4,0.11477856044657522,0.0038099271863541,0.01084106753148585
qwen3_0.6b_1024d,足,4,0.2406431287527084,0.2502748716681173,0.2615763341092288
qwen3_0.6b_1024d,身,4,,,
qwen3_0.6b_1024d,車,4,0.2621481258688915,0.00398044339662195,0.007300584750046275
qwen3_0.6b_1024d,辛,4,,,
qwen3_0.6b_1024d,辶,4,0.17890435117209733,0.012498205379114176,0.024350078854582548
qwen3_0.6b_1024d,邑,4,,,
qwen3_0.6b_1024d,酉,4,0.21183045546867002,0.00515590579620685,0.016184166593764024
qwen3_0.6b_1024d,釆,4,,,
qwen3_0.6b_1024d,里,4,,,
qwen3_0.6b_1024d,金,2,,,
qwen3_0.6b_1024d,釒,4,0.2871982703181876,0.010088820112101675,0.021369468425704075
qwen3_0.6b_1024d,镸,1,,,
qwen3_0.6b_1024d,門,4,0.19812884986736434,0.0250580870355027,0.03492382920970712
qwen3_0.6b_1024d,阝,4,0.21117526976760187,0.014426969177444949,0.035399155812519775
qwen3_0.6b_1024d,隹,4,0.09907973511220107,0.018167305336754574,0.0149598652792504
qwen3_0.6b_1024d,雈,4,,,
qwen3_0.6b_1024d,雨,4,0.30431321060423183,0.026889918710926473,0.04487336689787145
qwen3_0.6b_1024d,雲,2,,,
qwen3_0.6b_1024d,非,4,,,
qwen3_0.6b_1024d,面,4,,,
qwen3_0.6b_1024d,革,4,0.2281950419543586,0.022159328685942524,0.05843623888687875
qwen3_0.6b_1024d,韋,4,0.25956069605631954,0.0047678188321876504,0.002126409177274
qwen3_0.6b_1024d,韮,4,,,
qwen3_0.6b_1024d,音,4,0.0181848410284146,0.001083712914077,0.0029039659824138
qwen3_0.6b_1024d,頁,4,0.17698383478535287,0.004566512224178075,0.00681991326137105
qwen3_0.6b_1024d,風,4,0.2628377720765355,0.05014986570168052,0.0097280322811028
qwen3_0.6b_1024d,食,4,0.06775585683256696,0.0031593288111528748,0.002626592455645475
qwen3_0.6b_1024d,飠,4,0.29040200545944334,0.0183331337604076,0.019396862678424175
qwen3_0.6b_1024d,首,4,,,
qwen3_0.6b_1024d,香,2,,,
qwen3_0.6b_1024d,馬,4,0.2937421337430142,0.007861913376017101,0.014811779480779701
qwen3_0.6b_1024d,骨,4,0.3275628071210105,0.05440740473334013,0.006796000911558775
qwen3_0.6b_1024d,高,4,,,
qwen3_0.6b_1024d,髟,4,0.24078377089912958,0.04266319531724702,0.036324614058667624
qwen3_0.6b_1024d,鬥,4,,,
qwen3_0.6b_1024d,鬼,4,0.2556781778629455,0.009828137987893025,0.0049107648534467
qwen3_0.6b_1024d,魚,4,0.5188643146228666,0.0612030261727618,0.013084551419680825
qwen3_0.6b_1024d,鳥,4,0.502455606955786,0.051760128827888476,0.00499199288402785
qwen3_0.6b_1024d,鹵,4,,,
qwen3_0.6b_1024d,鹽,2,,,
qwen3_0.6b_1024d,鹿,4,0.36279078096441636,0.04529160951030727,0.0054660639147903
qwen3_0.6b_1024d,麥,4,0.29086204711347813,0.10204269391259765,0.003911837864962251
qwen3_0.6b_1024d,麻,4,,,
qwen3_0.6b_1024d,黍,4,,,
qwen3_0.6b_1024d,黑,4,0.18987828034737458,0.0037566886841900755,0.004415457298078825
qwen3_0.6b_1024d,黹,4,,,
qwen3_0.6b_1024d,黽,4,,,
qwen3_0.6b_1024d,鼎,4,,,
qwen3_0.6b_1024d,鼓,4,0.35865744575858116,0.08732220610973104,0.0017402831949456
qwen3_0.6b_1024d,鼠,4,0.34413429631127246,0.0214129857112624,0.007804387695432451
qwen3_0.6b_1024d,鼻,4,,,
qwen3_0.6b_1024d,齒,4,0.29490556391167705,0.01428631657096745,0.00388190694103775
qwen3_0.6b_1024d,龍,4,,,
qwen3_0.6b_1024d,龠,4,,,
qwen3_0.6b_1024d,𠘨,4,,,
qwen3_0.6b_1024d,𠚕,4,,,
qwen3_0.6b_1024d,𠩺,1,,,
qwen3_0.6b_1024d,𠫓,4,,,
qwen3_0.6b_1024d,𡱕,4,,,
qwen3_0.6b_1024d,𢆶,4,,,
qwen3_0.6b_1024d,𣶒,4,,,
qwen3_0.6b_1024d,𤤴,4,,,
qwen3_0.6b_1024d,𥄎,1,,,
qwen3_0.6b_1024d,𦍌,4,,,
qwen3_0.6b_1024d,𧾷,4,0.2727673522422984,0.018790608175370024,0.032396108639915
qwen3_4b_2560d_int8,⺝,1,,,
qwen3_4b_2560d_int8,㐬,4,,,
qwen3_4b_2560d_int8,㐭,2,,,
qwen3_4b_2560d_int8,㐺,1,,,
qwen3_4b_2560d_int8,㔾,4,,,
qwen3_4b_2560d_int8,㗊,2,,,
qwen3_4b_2560d_int8,㝱,4,,,
qwen3_4b_2560d_int8,㣺,4,,,
qwen3_4b_2560d_int8,㫃,4,0.25538458613260484,0.021438342488415824,0.005392005327963725
qwen3_4b_2560d_int8,㹜,4,,,
qwen3_4b_2560d_int8,㾜,4,,,
qwen3_4b_2560d_int8,䀠,4,,,
qwen3_4b_2560d_int8,䖵,4,0.21123329438269134,0.00385043318327695,0.00197944210380975
qwen3_4b_2560d_int8,一,4,,,
qwen3_4b_2560d_int8,丂,2,,,
qwen3_4b_2560d_int8,与,2,,,
qwen3_4b_2560d_int8,丠,1,,,
qwen3_4b_2560d_int8,丮,1,,,
qwen3_4b_2560d_int8,乑,4,,,
qwen3_4b_2560d_int8,乙,4,,,
qwen3_4b_2560d_int8,二,4,,,
qwen3_4b_2560d_int8,云,2,,,
qwen3_4b_2560d_int8,京,4,,,
qwen3_4b_2560d_int8,人,4,,,
qwen3_4b_2560d_int8,亻,4,0.0756493508973322,0.0293530475643611,0.055339425197893075
qwen3_4b_2560d_int8,儿,4,,,
qwen3_4b_2560d_int8,光,4,,,
qwen3_4b_2560d_int8,兮,4,,,
qwen3_4b_2560d_int8,共,4,,,
qwen3_4b_2560d_int8,冂,4,,,
qwen3_4b_2560d_int8,冃,4,,,
qwen3_4b_2560d_int8,冖,4,,,
qwen3_4b_2560d_int8,冥,1,,,
qwen3_4b_2560d_int8,冫,4,0.2239759832931061,0.0131397049807566,0.0029165485240496497
qwen3_4b_2560d_int8,几,4,,,
qwen3_4b_2560d_int8,刀,4,,,
qwen3_4b_2560d_int8,刂,4,0.242885635983621,0.025137971977666103,0.0189677203637502
qwen3_4b_2560d_int8,力,4,0.17579333079123421,0.024422720169570325,0.0236304280751512
qwen3_4b_2560d_int8,勹,4,,,
qwen3_4b_2560d_int8,匕,4,,,
qwen3_4b_2560d_int8,匚,4,0.13437699903734024,0.003577676145847625,0.0028517643122804
qwen3_4b_2560d_int8,匸,4,,,
qwen3_4b_2560d_int8,十,4,,,
qwen3_4b_2560d_int8,卂,4,,,
qwen3_4b_2560d_int8,午,2,,,
qwen3_4b_2560d_int8,半,4,,,
qwen3_4b_2560d_int8,卜,4,,,
qwen3_4b_2560d_int8,卩,4,,,
qwen3_4b_2560d_int8,卵,4,,,
qwen3_4b_2560d_int8,厂,4,0.043658684939146,0.0140519328444236,0.0339394993617323
qwen3_4b_2560d_int8,厶,4,,,
qwen3_4b_2560d_int8,去,2,,,
qwen3_4b_2560d_int8,又,4,,,
qwen3_4b_2560d_int8,口,4,0.24019273097193367,0.021126629348559425,0.038032102912475975
qwen3_4b_2560d_int8,可,2,,,
qwen3_4b_2560d_int8,吅,2,,,
qwen3_4b_2560d_int8,向,4,,,
qwen3_4b_2560d_int8,喜,4,,,
qwen3_4b_2560d_int8,囗,4,0.17224375035783102,0.00555943636589445,0.0056230167445382
qwen3_4b_2560d_int8,土,4,0.2071543448059453,0.02584024308016655,0.04255226259980227
qwen3_4b_2560d_int8,士,1,,,
qwen3_4b_2560d_int8,壬,4,,,
qwen3_4b_2560d_int8,壴,4,,,
qwen3_4b_2560d_int8,夂,4,,,
qwen3_4b_2560d_int8,夊,1,,,
qwen3_4b_2560d_int8,夕,4,,,
qwen3_4b_2560d_int8,多,4,,,
qwen3_4b_2560d_int8,大,4,0.016446193942101648,0.04592667881675557,0.052063788968752744
qwen3_4b_2560d_int8,夨,1,,,
qwen3_4b_2560d_int8,夭,4,,,
qwen3_4b_2560d_int8,夰,1,,,
qwen3_4b_2560d_int8,夸,4,,,
qwen3_4b_2560d_int8,奢,1,,,
qwen3_4b_2560d_int8,女,4,0.19671287080588254,0.012219472486745925,0.025092687613053426
qwen3_4b_2560d_int8,子,4,0.14796502985215432,0.016357865549220574,0.004046682878681025
qwen3_4b_2560d_int8,學,4,,,
qwen3_4b_2560d_int8,宀,4,0.09800477483520458,0.011752109245136024,0.0285588250414671
qwen3_4b_2560d_int8,寸,4,,,
qwen3_4b_2560d_int8,尢,4,,,
qwen3_4b_2560d_int8,尸,4,0.06311883616320313,0.0049399798588865,0.03545313399251013
qwen3_4b_2560d_int8,尺,4,,,
qwen3_4b_2560d_int8,履,4,,,
qwen3_4b_2560d_int8,山,4,0.28906800356438134,0.036624928011129695,0.0240755633195994
qwen3_4b_2560d_int8,屾,1,,,
qwen3_4b_2560d_int8,工,4,,,
qwen3_4b_2560d_int8,巫,2,,,
qwen3_4b_2560d_int8,巾,4,0.246062457831012,0.010594231895171675,0.02040915685469395
qwen3_4b_2560d_int8,幺,4,,,
qwen3_4b_2560d_int8,广,4,0.14485043627187782,0.03157336529159877,0.04293015454142825
qwen3_4b_2560d_int8,庚,4,,,
qwen3_4b_2560d_int8,廾,4,,,
qwen3_4b_2560d_int8,弓,4,0.14781397235993704,0.00998220817104775,0.00560910576864845
qwen3_4b_2560d_int8,彡,4,0.013708528652343649,0.002914173859393475,0.00877922100126035
qwen3_4b_2560d_int8,彣,2,,,
qwen3_4b_2560d_int8,彳,4,0.13714735945927659,0.0131229857867017,0.04658033739031785
qwen3_4b_2560d_int8,微,4,,,
qwen3_4b_2560d_int8,心,4,0.20810433193605934,0.027628375251490603,0.04425200767820817
qwen3_4b_2560d_int8,忄,4,0.2613016770785758,0.02135465092264045,0.0352841944875573
qwen3_4b_2560d_int8,恣,4,,,
qwen3_4b_2560d_int8,戈,4,0.12356461688989034,0.0017828086610672251,0.00478733370889285
qwen3_4b_2560d_int8,戊,4,,,
qwen3_4b_2560d_int8,戶,4,0.0448636570945382,0.0013532158975022,0.00371470064784545
qwen3_4b_2560d_int8,手,4,0.19740605376483428,0.054299667420574474,0.048888141489880924
qwen3_4b_2560d_int8,扌,4,0.23058758166248805,0.024524220448028825,0.04079650396648385
qwen3_4b_2560d_int8,支,2,,,
qwen3_4b_2560d_int8,攴,4,0.3208756268024444,0.0178264989049217,0.0050800701952093
qwen3_4b_2560d_int8,攵,4,0.09103190020995355,0.01256975853482345,0.025773753065060023
qwen3_4b_2560d_int8,敕,4,,,
qwen3_4b_2560d_int8,文,4,,,
qwen3_4b_2560d_int8,斗,4,0.02807856615566245,0.00079143289272325,0.005547441735080225
qwen3_4b_2560d_int8,斤,4,0.10797202555695543,0.0058456874142241,0.005533822235928875
qwen3_4b_2560d_int8,日,4,0.1982210251835148,0.053004501786719574,0.07873252943647963
qwen3_4b_2560d_int8,旨,4,,,
qwen3_4b_2560d_int8,是,4,,,
qwen3_4b_2560d_int8,曰,4,,,
qwen3_4b_2560d_int8,月,4,0.1920059971065105,0.02012865378207565,0.012827996982627324
qwen3_4b_2560d_int8,木,4,0.2534539961688787,0.0207812219534281,0.0274832524101089
qwen3_4b_2560d_int8,東,2,,,
qwen3_4b_2560d_int8,林,4,0.029462898982455923,0.0050314148642175245,0.02280092573802265
qwen3_4b_2560d_int8,欠,4,0.0960347623409082,0.0107161074789842,0.054123027900704626
qwen3_4b_2560d_int8,止,4,,,
qwen3_4b_2560d_int8,步,4,,,
qwen3_4b_2560d_int8,歹,4,0.22053254532073835,0.031706142988488124,0.01820054318711135
qwen3_4b_2560d_int8,死,4,,,
qwen3_4b_2560d_int8,殳,4,,,
qwen3_4b_2560d_int8,比,4,,,
qwen3_4b_2560d_int8,毛,4,0.15956827094778414,0.0060525248068442755,0.034419628948221696
qwen3_4b_2560d_int8,民,4,,,
qwen3_4b_2560d_int8,气,4,,,
qwen3_4b_2560d_int8,水,4,0.1093209849786944,0.000492988624573525,0.010305870529911474
qwen3_4b_2560d_int8,氵,4,0.24849282253269406,0.02568687261565605,0.03733543518635282
qwen3_4b_2560d_int8,火,4,0.23908102811223617,0.06419676077948763,0.09112863471510091
qwen3_4b_2560d_int8,灬,4,,,
qwen3_4b_2560d_int8,炎,1,,,
qwen3_4b_2560d_int8,爪,4,,,
qwen3_4b_2560d_int8,爭,4,,,
qwen3_4b_2560d_int8,父,4,,,
qwen3_4b_2560d_int8,爿,4,,,
qwen3_4b_2560d_int8,片,4,,,
qwen3_4b_2560d_int8,牛,4,,,
qwen3_4b_2560d_int8,牜,4,0.13956325597920646,0.026925388566850825,0.014149610830122325
qwen3_4b_2560d_int8,犬,4,-0.014870475321852924,0.01512897779419035,0.13691138650072912
qwen3_4b_2560d_int8,犭,4,0.21556614763868864,0.012313045590581325,0.0180414378036607
qwen3_4b_2560d_int8,玄,2,,,
qwen3_4b_2560d_int8,玉,4,,,
qwen3_4b_2560d_int8,王,4,0.31059421914883745,0.0515866179241503,0.03715308368392165
qwen3_4b_2560d_int8,瓜,4,,,
qwen3_4b_2560d_int8,瓦,4,0.3718651236536411,0.04943668791343775,0.0181190260783477
qwen3_4b_2560d_int8,田,4,0.1354622436839585,0.0215892130284442,0.07554472470980472
qwen3_4b_2560d_int8,申,2,,,
qwen3_4b_2560d_int8,男,4,,,
qwen3_4b_2560d_int8,甾,1,,,
qwen3_4b_2560d_int8,畢,4,,,
qwen3_4b_2560d_int8,疒,4,0.3036399423219056,0.01510220108785355,0.02963490661963345
qwen3_4b_2560d_int8,癶,4,,,
qwen3_4b_2560d_int8,白,4,0.21965394634753463,0.0288093806929446,0.007762544115221625
qwen3_4b_2560d_int8,皮,4,0.3172502666711807,0.0564040775721863,0.0012972265475999
qwen3_4b_2560d_int8,皿,4,0.21196939677959586,0.014764608541587124,0.0130395024267909
qwen3_4b_2560d_int8,目,4,0.31142577029415675,0.02950003233386995,0.024820469866743602
qwen3_4b_2560d_int8,盾,1,,,
qwen3_4b_2560d_int8,矛,4,,,
qwen3_4b_2560d_int8,矢,4,0.06216989588574505,0.001712072954844475,0.0048145635629585
qwen3_4b_2560d_int8,石,4,0.2231345332486923,0.012911062139381351,0.0181406594725681
qwen3_4b_2560d_int8,示,4,0.042356626200489675,0.049888668195550004,0.06786395189891788
qwen3_4b_2560d_int8,礻,4,0.22397550767389196,0.033149493629833375,0.03352745021929442
qwen3_4b_2560d_int8,禾,4,0.17645066986524055,0.016653425490212675,0.01987287674857545
qwen3_4b_2560d_int8,穴,4,0.1470661579165354,0.0186687419664343,0.021360838710888
qwen3_4b_2560d_int8,立,4,0.0128568238437375,0.000658128792031475,0.003572489715624975
qwen3_4b_2560d_int8,竹,4,0.29012991790004844,0.0251297550004394,0.03250579641620058
qwen3_4b_2560d_int8,箕,4,,,
qwen3_4b_2560d_int8,米,4,0.2576600200993354,0.020958961744205425,0.0156616942717854
qwen3_4b_2560d_int8,糸,4,0.24912969861706513,0.016276840174342028,0.02636300753560495
qwen3_4b_2560d_int8,縣,4,,,
qwen3_4b_2560d_int8,缶,4,0.2137884125113487,0.0046792535598714,0.0025549012391117
qwen3_4b_2560d_int8,网,4,,,
qwen3_4b_2560d_int8,罒,2,0.11545179337263105,0.0005741955660965999,0.00250328456581125
qwen3_4b_2560d_int8,羊,4,0.262904345896095,0.052158851610566395,0.08139627971683511
qwen3_4b_2560d_int8,羽,4,0.19009049315166782,0.011910614761888025,0.01180347151178775
qwen3_4b_2560d_int8,習,4,,,
qwen3_4b_2560d_int8,老,4,,,
qwen3_4b_2560d_int8,耂,2,,,
qwen3_4b_2560d_int8,耒,4,0.13698988957774066,0.0253933331419786,0.01148967435054145
qwen3_4b_2560d_int8,耳,4,0.16104280968864604,0.00635512198282415,0.0024187140663054
qwen3_4b_2560d_int8,肉,4,0.2606519893283369,0.013906962969002025,0.02066761744862695
qwen3_4b_2560d_int8,臣,4,,,
qwen3_4b_2560d_int8,臤,4,,,
qwen3_4b_2560d_int8,臥,4,,,
qwen3_4b_2560d_int8,自,4,,,
qwen3_4b_2560d_int8,至,4,,,
qwen3_4b_2560d_int8,舌,4,,,
qwen3_4b_2560d_int8,舛,2,,,
qwen3_4b_2560d_int8,舟,4,0.36730635691977415,0.07136370775675457,0.06141695173319785
qwen3_4b_2560d_int8,色,2,,,
qwen3_4b_2560d_int8,艹,4,0.28237846930648425,0.026272908250878125,0.03607329907577213
qwen3_4b_2560d_int8,蕇,4,,,
qwen3_4b_2560d_int8,虍,4,0.1133791301399469,0.0076965522053081,0.0056321323677779
qwen3_4b_2560d_int8,虎,2,,,
qwen3_4b_2560d_int8,虫,4,0.37976026440886745,0.01673291613010775,0.015157321304913424
qwen3_4b_2560d_int8,血,4,0.2120256588095799,0.0054261183519702,0.0368965859429225
qwen3_4b_2560d_int8,行,4,0.04139286213487918,0.03605187683540478,0.041474071048818825
qwen3_4b_2560d_int8,衣,4,0.20313796110842292,0.0077145937325366,0.0097136158671143
qwen3_4b_2560d_int8,衤,4,0.2906052357367248,0.0102339129265012,0.0113283855187244
qwen3_4b_2560d_int8,襾,4,,,
qwen3_4b_2560d_int8,覀,2,,,
qwen3_4b_2560d_int8,見,4,0.1552144059581526,0.019728237941130523,0.005230509018363701
qwen3_4b_2560d_int8,角,4,0.2229291143132344,0.00251172704791345,0.00621128993846185
qwen3_4b_2560d_int8,言,4,0.20798879984167334,0.0196761353731224,0.042930168441356276
qwen3_4b_2560d_int8,谷,4,,,
qwen3_4b_2560d_int8,豆,4,,,
qwen3_4b_2560d_int8,豕,4,0.41294805239886045,0.2782134280598586,0.10168809786008565
qwen3_4b_2560d_int8,象,4,,,
qwen3_4b_2560d_int8,豸,4,0.37477871281139197,0.049696388587321956,0.010043533306319775
qwen3_4b_2560d_int8,貝,4,0.2132832024239398,0.0069906131062553245,0.01183422212335695
qwen3_4b_2560d_int8,赤,4,,,
qwen3_4b_2560d_int8,走,4,0.1149231845673057,0.005336708775491375,0.004920288701409675
qwen3_4b_2560d_int8,足,4,0.2636598274111748,0.0076373235109461,0.0468976167006541
qwen3_4b_2560d_int8,身,4,,,
qwen3_4b_2560d_int8,車,4,0.2789091609397147,0.017462889319724024,0.010700768793186426
qwen3_4b_2560d_int8,辛,4,,,
qwen3_4b_2560d_int8,辶,4,0.1818912587904125,0.015165826968479824,0.02987553809747145
qwen3_4b_2560d_int8,邑,4,,,
qwen3_4b_2560d_int8,酉,4,0.23883174604545476,0.014870138595526026,0.01230117733904415
qwen3_4b_2560d_int8,釆,4,,,
qwen3_4b_2560d_int8,里,4,,,
qwen3_4b_2560d_int8,金,2,,,
qwen3_4b_2560d_int8,釒,4,0.274950093143024,0.01359152186234665,0.02379859344068965
qwen3_4b_2560d_int8,镸,1,,,
qwen3_4b_2560d_int8,門,4,0.18905603850109087,0.05179990070118375,0.04536305647860578
qwen3_4b_2560d_int8,阝,4,0.2037895073783471,0.021918337681596425,0.03829193783195835
qwen3_4b_2560d_int8,隹,4,0.0996243039632893,0.018753851407664526,0.023393343882362125
qwen3_4b_2560d_int8,雈,4,,,
qwen3_4b_2560d_int8,雨,4,0.27705073987852136,0.07485405688298613,0.08025344254014645
qwen3_4b_2560d_int8,雲,2,,,
qwen3_4b_2560d_int8,非,4,,,
qwen3_4b_2560d_int8,面,4,,,
qwen3_4b_2560d_int8,革,4,0.24641460002042476,0.0211422938518897,0.055110616718722825
qwen3_4b_2560d_int8,韋,4,0.22657033164675033,0.00644218524900605,0.0026957221389171497
qwen3_4b_2560d_int8,韮,4,,,
qwen3_4b_2560d_int8,音,4,0.0939511070027947,0.0020543594098096,0.0022304768954
qwen3_4b_2560d_int8,頁,4,0.16896444573679328,0.005811645436051475,0.00655536459215475
qwen3_4b_2560d_int8,風,4,0.2675776221375498,0.06334906964744325,0.021435447381535525
qwen3_4b_2560d_int8,食,4,0.09714630797194933,0.012372819685315001,0.003317684407791825
qwen3_4b_2560d_int8,飠,4,0.2905151001502008,0.03703578943262228,0.018895318868897178
qwen3_4b_2560d_int8,首,4,,,
qwen3_4b_2560d_int8,香,2,,,
qwen3_4b_2560d_int8,馬,4,0.2717821028238889,0.01509687595052845,0.0140420719138338
qwen3_4b_2560d_int8,骨,4,0.311874329944861,0.052982034823393725,0.0036386360009063997
qwen3_4b_2560d_int8,高,4,,,
qwen3_4b_2560d_int8,髟,4,0.23555316278758584,0.06905591778980985,0.05341215454923865
qwen3_4b_2560d_int8,鬥,4,,,
qwen3_4b_2560d_int8,鬼,4,0.2318072649144633,0.0183775491259511,0.0063111723221615495
qwen3_4b_2560d_int8,魚,4,0.4677982420970996,0.05326811249102452,0.013003548469358526
qwen3_4b_2560d_int8,鳥,4,0.4500494743402913,0.040495793601666975,0.008298068806203525
qwen3_4b_2560d_int8,鹵,4,,,
qwen3_4b_2560d_int8,鹽,2,,,
qwen3_4b_2560d_int8,鹿,4,0.2724004637740262,0.06562139550329343,0.011091100871886899
qwen3_4b_2560d_int8,麥,4,0.2842358427122235,0.18956306237124704,0.05194701454325125
qwen3_4b_2560d_int8,麻,4,,,
qwen3_4b_2560d_int8,黍,4,,,
qwen3_4b_2560d_int8,黑,4,0.1927111640193387,0.01211459936193695,0.00636135676546335
qwen3_4b_2560d_int8,黹,4,,,
qwen3_4b_2560d_int8,黽,4,,,
qwen3_4b_2560d_int8,鼎,4,,,
qwen3_4b_2560d_int8,鼓,4,0.4116181004792452,0.09760074830829545,0.00222095122916685
qwen3_4b_2560d_int8,鼠,4,0.37442396481831863,0.09611153345882095,0.0115362087736511
qwen3_4b_2560d_int8,鼻,4,,,
qwen3_4b_2560d_int8,齒,4,0.3069625541895882,0.016471748372430324,0.00319659828287735
qwen3_4b_2560d_int8,龍,4,,,
qwen3_4b_2560d_int8,龠,4,,,
qwen3_4b_2560d_int8,𠘨,4,,,
qwen3_4b_2560d_int8,𠚕,4,,,
qwen3_4b_2560d_int8,𠩺,1,,,
qwen3_4b_2560d_int8,𠫓,4,,,
qwen3_4b_2560d_int8,𡱕,4,,,
qwen3_4b_2560d_int8,𢆶,4,,,
qwen3_4b_2560d_int8,𣶒,4,,,
qwen3_4b_2560d_int8,𤤴,4,,,
qwen3_4b_2560d_int8,𥄎,1,,,
qwen3_4b_2560d_int8,𦍌,4,,,
qwen3_4b_2560d_int8,𧾷,4,0.27986909951575456,0.037514043687562074,0.04322789163775525
