channel,relation_class,models,mean_offset_consistency,mean_forward_mrr,mean_inverse_mrr
cn_def,㐬,4,,,
cn_def,㔾,4,,,
cn_def,㝱,4,,,
cn_def,㣺,4,,,
cn_def,㫃,4,0.22164429670998023,0.025927304565243024,0.0064676285631177
cn_def,㹜,4,,,
cn_def,㾜,4,,,
cn_def,䀠,4,,,
cn_def,䖵,4,,,
cn_def,一,4,,,
cn_def,乑,4,,,
cn_def,乙,4,,,
cn_def,二,4,,,
cn_def,京,4,,,
cn_def,人,4,,,
cn_def,亻,4,0.0478172838587509,0.0250205234445135,0.04007977956672705
cn_def,儿,4,,,
cn_def,光,4,,,
cn_def,兮,4,,,
cn_def,共,4,,,
cn_def,冂,4,,,
cn_def,冃,4,,,
cn_def,冖,4,,,
cn_def,冫,4,0.21045559442912537,0.00384039402368535,0.0020116421829725
cn_def,几,4,,,
cn_def,刀,4,,,
cn_def,刂,4,0.230633141787257,0.018087273242784377,0.005789125875229175
cn_def,力,4,0.1414014287802274,0.007383109614862075,0.009784506405743725
cn_def,勹,4,,,
cn_def,匕,4,,,
cn_def,匚,4,0.08918522587046022,0.0017058169230977252,0.002843672334885
cn_def,匸,4,,,
cn_def,十,4,,,
cn_def,卂,4,,,
cn_def,半,4,,,
cn_def,卜,4,,,
cn_def,卩,4,,,
cn_def,卵,4,,,
cn_def,厂,4,,,
cn_def,厶,4,,,
cn_def,又,4,,,
cn_def,口,4,0.23500470017878808,0.0063540175555624,0.02373557436944745
cn_def,向,4,,,
cn_def,喜,4,,,
cn_def,囗,4,0.1436594551894813,0.002209297449730775,0.003138868789215175
cn_def,土,4,0.19461486303021736,0.01307810497038865,0.0375271964041935
cn_def,壬,4,,,
cn_def,壴,4,,,
cn_def,夂,4,,,
cn_def,夕,4,,,
cn_def,多,4,,,
cn_def,大,4,0.0498016287165228,0.003889469142658825,0.050840045274762075
cn_def,夭,4,,,
cn_def,夸,4,,,
cn_def,女,4,0.1780286841043878,0.0053146113947404,0.01343514499965255
cn_def,子,4,0.16708874541412413,0.01056760411706965,0.00231083635381285
cn_def,學,4,,,
cn_def,宀,4,0.13992047295905646,0.002209853043795525,0.005329451020021375
cn_def,寸,4,,,
cn_def,尢,4,,,
cn_def,尸,4,0.0348387455368148,0.000432679491896175,0.002812238159049825
cn_def,尺,4,,,
cn_def,履,4,,,
cn_def,山,4,0.2572458525369017,0.01856835127219255,0.021273406906419073
cn_def,工,4,,,
cn_def,巾,4,0.22209757831032298,0.006776276164121575,0.011369894422365825
cn_def,幺,4,,,
cn_def,广,4,0.1454991606203839,0.0033036954260799003,0.00951874642578335
cn_def,庚,4,,,
cn_def,廾,4,,,
cn_def,弓,4,0.09632504364061685,0.000933310706382,0.0028913598077244
cn_def,彡,4,0.07858663401566443,0.0133858654406845,0.012745238291905575
cn_def,彳,4,0.14437451742456425,0.025997383489718077,0.044003637076434246
cn_def,微,4,,,
cn_def,心,4,0.18728374713606644,0.04229892504707955,0.048658886634130524
cn_def,忄,4,0.2516041637922171,0.01187632641643685,0.019295664699896402
cn_def,恣,4,,,
cn_def,戈,4,0.09616745488407707,0.002517750774875975,0.00408836590856565
cn_def,戊,4,,,
cn_def,戶,4,,,
cn_def,手,4,0.16984519122966696,0.008274665250790174,0.016126683156208323
cn_def,扌,4,0.22529538601861687,0.01505902507720715,0.02429934091643525
cn_def,攴,4,,,
cn_def,攵,4,0.10158025308711717,0.0018399135687300248,0.005000317388171775
cn_def,敕,4,,,
cn_def,文,4,,,
cn_def,斗,4,0.0293197438819334,0.0007118935058820751,0.006280785576872975
cn_def,斤,4,0.08757637033704666,0.00234695805287225,0.010746744425930224
cn_def,日,4,0.211726521306102,0.025471976304802475,0.06121527073272595
cn_def,旨,4,,,
cn_def,是,4,,,
cn_def,曰,4,,,
cn_def,月,4,0.24833266390487546,0.02455329515699715,0.00495616347443055
cn_def,木,4,0.25078666921105386,0.010984233323024875,0.015967794115277302
cn_def,林,4,-0.06018347843200895,0.0012055254485794,0.001976338512535025
cn_def,欠,4,0.06548017777302963,0.0318987878565158,0.0873548538805757
cn_def,止,4,,,
cn_def,步,4,,,
cn_def,歹,4,0.2221074898684905,0.01052120780604425,0.00332823978978125
cn_def,死,4,,,
cn_def,殳,4,,,
cn_def,比,4,,,
cn_def,毛,4,0.1730993039091117,0.0025607470464475753,0.007398477542356275
cn_def,民,4,,,
cn_def,气,4,,,
cn_def,水,4,0.05113779392559077,0.00052333718421665,0.0028891192148116
cn_def,氵,4,0.23142112699405504,0.01370169800254545,0.0187915993309873
cn_def,火,4,0.24108143305380098,0.06318675960886418,0.0971491643083572
cn_def,灬,4,,,
cn_def,爪,4,,,
cn_def,爭,4,,,
cn_def,父,4,,,
cn_def,爿,4,,,
cn_def,片,4,,,
cn_def,牛,4,,,
cn_def,牜,4,0.09081310858018693,0.009536712411840875,0.0046609648489079
cn_def,犬,4,0.0558785569737665,0.023407145239661323,0.1271233583877891
cn_def,犭,4,0.1559291446132452,0.0029945496600238,0.008134374168356625
cn_def,玉,4,,,
cn_def,王,4,0.28317440264736826,0.019524485787259876,0.0101161003990228
cn_def,瓜,4,,,
cn_def,瓦,4,0.37563226744532585,0.042834493706107826,0.020227057800061975
cn_def,田,4,0.1696322233532555,0.054167213350392526,0.05421497930472967
cn_def,男,4,,,
cn_def,畢,4,,,
cn_def,疒,4,0.29311699708341615,0.00832522003176615,0.023266024725751927
cn_def,癶,4,,,
cn_def,白,4,0.21471389848738906,0.02126232407984185,0.004084289075606325
cn_def,皮,4,,,
cn_def,皿,4,0.2735824905749824,0.028749105957151525,0.003995453995907375
cn_def,目,4,0.3151835520911845,0.018514278602970825,0.00906461000466695
cn_def,矛,4,,,
cn_def,矢,4,0.0639336800668388,0.000666602799520525,0.0027236853273738502
cn_def,石,4,0.22215048166690393,0.00725306340588725,0.016432325385586574
cn_def,示,4,0.0272393648047,0.0027331115276971497,0.004795833246662125
cn_def,礻,4,0.22378521634964266,0.04110931156248105,0.0357932735791113
cn_def,禾,4,0.13645467022899532,0.007391663709546474,0.016658510573549473
cn_def,穴,4,0.10474814171902833,0.0014786256220009,0.006712481790289124
cn_def,立,4,-0.004150223074248074,0.001060227417728125,0.00326785453904595
cn_def,竹,4,0.27563489056635826,0.029642026035975873,0.03650009214185715
cn_def,箕,4,,,
cn_def,米,4,0.25135223681161944,0.00729580013842265,0.00270162526125325
cn_def,糸,4,0.23216263654246697,0.015671713656698876,0.0179434690539831
cn_def,縣,4,,,
cn_def,缶,4,,,
cn_def,网,4,,,
cn_def,羊,4,,,
cn_def,羽,4,0.10482055786165538,0.00242257629479015,0.007067431009048775
cn_def,習,4,,,
cn_def,老,4,,,
cn_def,耒,4,0.07806151453405613,0.002056014272657225,0.0015318179903619999
cn_def,耳,4,0.11862656155911577,0.007764738686959351,0.0014399326334761748
cn_def,肉,4,0.24872506519122534,0.004994027306005075,0.014226737049786626
cn_def,臣,4,,,
cn_def,臤,4,,,
cn_def,臥,4,,,
cn_def,自,4,,,
cn_def,至,4,,,
cn_def,舌,4,,,
cn_def,舟,4,0.3392487379411856,0.0971506672720648,0.07858008544764487
cn_def,艹,4,0.2743632639816135,0.0154997406461613,0.021444498628134502
cn_def,蕇,4,,,
cn_def,虍,4,,,
cn_def,虫,4,0.3501802779722345,0.00926197020723395,0.012888437062805276
cn_def,血,4,,,
cn_def,行,4,0.018139508040621852,0.000361694721658875,0.001220085557358075
cn_def,衣,4,0.19512133107689966,0.00090614060758875,0.0021571394210296
cn_def,衤,4,0.2804606122183887,0.00746058114014545,0.005679580964332426
cn_def,襾,4,,,
cn_def,見,4,0.12175771640613672,0.04038242858445708,0.011683400580582301
cn_def,角,4,,,
cn_def,言,4,0.1756102210421552,0.014543127600950001,0.04702479176267653
cn_def,谷,4,,,
cn_def,豆,4,,,
cn_def,豕,4,,,
cn_def,象,4,,,
cn_def,豸,4,0.4074204074484961,0.051586478808523926,0.003079468270733
cn_def,貝,4,0.20663986658522232,0.0080929017981975,0.0062438785963426745
cn_def,赤,4,,,
cn_def,走,4,0.05904806352918962,0.003711043325177325,0.003246490887968625
cn_def,足,4,,,
cn_def,身,4,,,
cn_def,車,4,0.2354354275995865,0.0069851893397621,0.01025379948579835
cn_def,辛,4,,,
cn_def,辶,4,0.19588532751479826,0.003250801813626825,0.012504260258301701
cn_def,邑,4,,,
cn_def,酉,4,0.18600305500440295,0.005248132103659325,0.00940465187985625
cn_def,釆,4,,,
cn_def,里,4,,,
cn_def,釒,4,0.24928810445205518,0.0073201692095436,0.02593762161634925
cn_def,門,4,0.12288469453342254,0.046812942561499024,0.053805192753514974
cn_def,阝,4,0.14873133223190216,0.02344700998337555,0.045172627311867074
cn_def,隹,4,0.04972222582860422,0.003056196037836325,0.0086400914572688
cn_def,雈,4,,,
cn_def,雨,4,0.2746153574182906,0.0215816289450402,0.04889152531751655
cn_def,非,4,,,
cn_def,面,4,,,
cn_def,革,4,0.20099790464155373,0.0242505185220217,0.0632451180972683
cn_def,韋,4,,,
cn_def,韮,4,,,
cn_def,音,4,,,
cn_def,頁,4,0.1158021767623722,0.003535835826986875,0.0044449864565006495
cn_def,風,4,0.23017899552360177,0.010600885354431901,0.0032103460205448
cn_def,食,4,0.028770556062227073,0.002435252102310825,0.002673449648935175
cn_def,飠,4,0.22975035600988614,0.007164997434306625,0.007220369342013675
cn_def,首,4,,,
cn_def,馬,4,0.23471045772145896,0.004719411244712625,0.007214236461749925
cn_def,骨,4,0.32662871914605296,0.11245145383032815,0.005082714424854925
cn_def,高,4,,,
cn_def,髟,4,0.19246875541284678,0.01975551369420825,0.006467411335914125
cn_def,鬥,4,,,
cn_def,鬼,4,0.17814030451700089,0.003121426144136725,0.002856561440031975
cn_def,魚,4,0.4495168779743835,0.05085799916517762,0.013715919319769024
cn_def,鳥,4,0.44516582337759986,0.07459873868416644,0.00664180350227475
cn_def,鹵,4,,,
cn_def,鹿,4,0.2600595657713711,0.01831258275225205,0.001937834969355325
cn_def,麥,4,,,
cn_def,麻,4,,,
cn_def,黍,4,,,
cn_def,黑,4,0.13133752995636308,0.003273148897899425,0.006539565053876225
cn_def,黹,4,,,
cn_def,黽,4,,,
cn_def,鼎,4,,,
cn_def,鼓,4,,,
cn_def,鼠,4,,,
cn_def,鼻,4,,,
cn_def,齒,4,0.22240666276775295,0.011682779660461724,0.00250995592699555
cn_def,龍,4,,,
cn_def,龠,4,,,
cn_def,𠘨,4,,,
cn_def,𠚕,4,,,
cn_def,𠫓,4,,,
cn_def,𡱕,4,,,
cn_def,𢆶,4,,,
cn_def,𣶒,4,,,
cn_def,𤤴,4,,,
cn_def,𦍌,4,,,
cn_def,𧾷,4,0.26869347254978493,0.0328426012040032,0.04085635992876025
en_def_translated_cn_def,㐬,4,,,
en_def_translated_cn_def,㔾,4,,,
en_def_translated_cn_def,㝱,4,,,
en_def_translated_cn_def,㣺,4,,,
en_def_translated_cn_def,㫃,4,0.21885780191847254,0.014497120846162176,0.00390394678458295
en_def_translated_cn_def,㹜,4,,,
en_def_translated_cn_def,㾜,4,,,
en_def_translated_cn_def,䀠,4,,,
en_def_translated_cn_def,䖵,4,,,
en_def_translated_cn_def,一,4,,,
en_def_translated_cn_def,乑,4,,,
en_def_translated_cn_def,乙,4,,,
en_def_translated_cn_def,二,4,,,
en_def_translated_cn_def,京,4,,,
en_def_translated_cn_def,人,4,,,
en_def_translated_cn_def,亻,4,0.03858412849544745,0.020599955003477975,0.03968205326776665
en_def_translated_cn_def,儿,4,,,
en_def_translated_cn_def,光,4,,,
en_def_translated_cn_def,兮,4,,,
en_def_translated_cn_def,共,4,,,
en_def_translated_cn_def,冂,4,,,
en_def_translated_cn_def,冃,4,,,
en_def_translated_cn_def,冖,4,,,
en_def_translated_cn_def,冫,4,0.22961511726801587,0.017661425384612524,0.0017517197828165
en_def_translated_cn_def,几,4,,,
en_def_translated_cn_def,刀,4,,,
en_def_translated_cn_def,刂,4,0.2228716257261112,0.011892354129444225,0.0046705014379574
en_def_translated_cn_def,力,4,0.13598873716546217,0.00412390139555445,0.0072150981324476254
en_def_translated_cn_def,勹,4,,,
en_def_translated_cn_def,匕,4,,,
en_def_translated_cn_def,匚,4,0.10798330362886188,0.006608273147352024,0.0028818503130893
en_def_translated_cn_def,匸,4,,,
en_def_translated_cn_def,十,4,,,
en_def_translated_cn_def,卂,4,,,
en_def_translated_cn_def,半,4,,,
en_def_translated_cn_def,卜,4,,,
en_def_translated_cn_def,卩,4,,,
en_def_translated_cn_def,卵,4,,,
en_def_translated_cn_def,厂,4,,,
en_def_translated_cn_def,厶,4,,,
en_def_translated_cn_def,又,4,,,
en_def_translated_cn_def,口,4,0.20013810495357404,0.0071575845533845,0.022852069524858125
en_def_translated_cn_def,向,4,,,
en_def_translated_cn_def,喜,4,,,
en_def_translated_cn_def,囗,4,0.11667151581495995,0.003938356792321275,0.00435618361758695
en_def_translated_cn_def,土,4,0.16762417276340505,0.02645242531093275,0.042622602676353025
en_def_translated_cn_def,壬,4,,,
en_def_translated_cn_def,壴,4,,,
en_def_translated_cn_def,夂,4,,,
en_def_translated_cn_def,夕,4,,,
en_def_translated_cn_def,多,4,,,
en_def_translated_cn_def,大,4,0.08682980301091445,0.0012065973786252,0.013768060536819624
en_def_translated_cn_def,夭,4,,,
en_def_translated_cn_def,夸,4,,,
en_def_translated_cn_def,女,4,0.16118008185994634,0.0025872320303567003,0.006565194361591275
en_def_translated_cn_def,子,4,0.21398506301920858,0.0391981313660599,0.003405266632066275
en_def_translated_cn_def,學,4,,,
en_def_translated_cn_def,宀,4,0.0952160046785138,0.0012836081875744001,0.00419678061151505
en_def_translated_cn_def,寸,4,,,
en_def_translated_cn_def,尢,4,,,
en_def_translated_cn_def,尸,4,0.023021480334656574,0.0033037782819809254,0.005417604702285051
en_def_translated_cn_def,尺,4,,,
en_def_translated_cn_def,履,4,,,
en_def_translated_cn_def,山,4,0.25722862850862405,0.016599567765249002,0.009635389772635774
en_def_translated_cn_def,工,4,,,
en_def_translated_cn_def,巾,4,0.17362519121855835,0.005969086559275625,0.022878413779107626
en_def_translated_cn_def,幺,4,,,
en_def_translated_cn_def,广,4,0.1330433030519634,0.00362489581039755,0.01150004063676555
en_def_translated_cn_def,庚,4,,,
en_def_translated_cn_def,廾,4,,,
en_def_translated_cn_def,弓,4,0.10995892320190448,0.00091433160655265,0.004988627084386575
en_def_translated_cn_def,彡,4,0.04597989027388387,0.0031983570448828004,0.013774689580240326
en_def_translated_cn_def,彳,4,0.10748725431039925,0.01735276208128,0.0380593887696635
en_def_translated_cn_def,微,4,,,
en_def_translated_cn_def,心,4,0.18642766770031097,0.024525763574527574,0.03322072307708833
en_def_translated_cn_def,忄,4,0.23418974205269477,0.01122827028273095,0.019640442315896175
en_def_translated_cn_def,恣,4,,,
en_def_translated_cn_def,戈,4,0.11317563545890147,0.001947696251260025,0.003419670762622075
en_def_translated_cn_def,戊,4,,,
en_def_translated_cn_def,戶,4,,,
en_def_translated_cn_def,手,4,0.18022029148414728,0.008256387218411924,0.007347015945548375
en_def_translated_cn_def,扌,4,0.20557118008266487,0.018289436297990423,0.028615744289069524
en_def_translated_cn_def,攴,4,,,
en_def_translated_cn_def,攵,4,0.10670881203675107,0.001578468033087475,0.006039247710865975
en_def_translated_cn_def,敕,4,,,
en_def_translated_cn_def,文,4,,,
en_def_translated_cn_def,斗,4,0.03399065639823675,0.000733968803442975,0.002246962133291825
en_def_translated_cn_def,斤,4,0.020394709019456024,0.0013466681669539499,0.00581961328334815
en_def_translated_cn_def,日,4,0.19997608928113345,0.03758784502831925,0.04335795270889835
en_def_translated_cn_def,旨,4,,,
en_def_translated_cn_def,是,4,,,
en_def_translated_cn_def,曰,4,,,
en_def_translated_cn_def,月,4,0.25476912106387317,0.021654917747665925,0.00394123941877155
en_def_translated_cn_def,木,4,0.22096748508382205,0.01064761057587525,0.017505117955456326
en_def_translated_cn_def,林,4,-0.023588850046508025,0.0006482160595472,0.002745434199801475
en_def_translated_cn_def,欠,4,0.05240396115862363,0.0059317089544826,0.05573567211815812
en_def_translated_cn_def,止,4,,,
en_def_translated_cn_def,步,4,,,
en_def_translated_cn_def,歹,4,0.19075809802267357,0.025952278628626126,0.00362937963207885
en_def_translated_cn_def,死,4,,,
en_def_translated_cn_def,殳,4,,,
en_def_translated_cn_def,比,4,,,
en_def_translated_cn_def,毛,4,0.12343497350811952,0.001691717288061275,0.0043727805653364996
en_def_translated_cn_def,民,4,,,
en_def_translated_cn_def,气,4,,,
en_def_translated_cn_def,水,4,0.0759791011223569,0.0004762577313213,0.0023891084651322747
en_def_translated_cn_def,氵,4,0.22974461069650418,0.013914629094761575,0.020514875431127
en_def_translated_cn_def,火,4,0.21553420426789666,0.0741536986824541,0.059578878710667575
en_def_translated_cn_def,灬,4,,,
en_def_translated_cn_def,爪,4,,,
en_def_translated_cn_def,爭,4,,,
en_def_translated_cn_def,父,4,,,
en_def_translated_cn_def,爿,4,,,
en_def_translated_cn_def,片,4,,,
en_def_translated_cn_def,牛,4,,,
en_def_translated_cn_def,牜,4,0.0910007684025913,0.011707645910898925,0.0034423720790064502
en_def_translated_cn_def,犬,4,-0.07313739959499797,0.05662311857761155,0.25499763850738455
en_def_translated_cn_def,犭,4,0.1714100926931548,0.0021807536511219,0.003866839658079475
en_def_translated_cn_def,玉,4,,,
en_def_translated_cn_def,王,4,0.2861808229493402,0.021531632010653598,0.0081381150724332
en_def_translated_cn_def,瓜,4,,,
en_def_translated_cn_def,瓦,4,0.4288731049746275,0.0573594736548384,0.0075061953996682
en_def_translated_cn_def,田,4,0.14289324078708884,0.010983647235783024,0.03397754771086085
en_def_translated_cn_def,男,4,,,
en_def_translated_cn_def,畢,4,,,
en_def_translated_cn_def,疒,4,0.2712106071291297,0.006313115255262975,0.011817753598839175
en_def_translated_cn_def,癶,4,,,
en_def_translated_cn_def,白,4,0.18323163515222923,0.016455426942046297,0.002805112149496475
en_def_translated_cn_def,皮,4,,,
en_def_translated_cn_def,皿,4,0.29514677005095613,0.025104903970780124,0.005417257764789625
en_def_translated_cn_def,目,4,0.26774723351991264,0.009942096181074424,0.007903923739954074
en_def_translated_cn_def,矛,4,,,
en_def_translated_cn_def,矢,4,0.03306014157715252,0.0007895539202060001,0.0034048426929250497
en_def_translated_cn_def,石,4,0.18181857167510312,0.004141040392501525,0.0065562393015105745
en_def_translated_cn_def,示,4,0.04012983532156787,0.0050141142401962996,0.006098043271846775
en_def_translated_cn_def,礻,4,0.2150393410527613,0.022388213304848876,0.0269060806808113
en_def_translated_cn_def,禾,4,0.12025422326289112,0.004449149773550175,0.009480584387379525
en_def_translated_cn_def,穴,4,0.06110856284880457,0.0020425039837979,0.005602228290346975
en_def_translated_cn_def,立,4,0.08715876069618385,0.000613093218501025,0.00214600021715415
en_def_translated_cn_def,竹,4,0.26126695961491864,0.024145967822026524,0.029562804501181074
en_def_translated_cn_def,箕,4,,,
en_def_translated_cn_def,米,4,0.20982836295083596,0.010693128107814549,0.009846833445009577
en_def_translated_cn_def,糸,4,0.2079958066889884,0.014791589416574826,0.027289378493297975
en_def_translated_cn_def,縣,4,,,
en_def_translated_cn_def,缶,4,,,
en_def_translated_cn_def,网,4,,,
en_def_translated_cn_def,羊,4,,,
en_def_translated_cn_def,羽,4,0.09549698680971874,0.0056903529130433,0.02003385039561175
en_def_translated_cn_def,習,4,,,
en_def_translated_cn_def,老,4,,,
en_def_translated_cn_def,耒,4,0.11747680235809332,0.01088317909825435,0.0021690006978484
en_def_translated_cn_def,耳,4,0.1071010159212164,0.002902602597185575,0.0015470233003543
en_def_translated_cn_def,肉,4,0.2456211867991018,0.0070163791270273,0.012294763447263825
en_def_translated_cn_def,臣,4,,,
en_def_translated_cn_def,臤,4,,,
en_def_translated_cn_def,臥,4,,,
en_def_translated_cn_def,自,4,,,
en_def_translated_cn_def,至,4,,,
en_def_translated_cn_def,舌,4,,,
en_def_translated_cn_def,舟,4,0.3374159414476405,0.0371369188171123,0.08082141941151991
en_def_translated_cn_def,艹,4,0.27000915246902857,0.012983768751733224,0.02304185684674485
en_def_translated_cn_def,蕇,4,,,
en_def_translated_cn_def,虍,4,,,
en_def_translated_cn_def,虫,4,0.3361902004933055,0.0073958335459221244,0.0091188842988772
en_def_translated_cn_def,血,4,,,
en_def_translated_cn_def,行,4,-0.03247766478452828,0.00025466061060514997,0.001300715806067175
en_def_translated_cn_def,衣,4,0.17917114408390425,0.0017096230993517,0.0029841582086811
en_def_translated_cn_def,衤,4,0.26195379157605414,0.006887406780117975,0.0060460581961843
en_def_translated_cn_def,襾,4,,,
en_def_translated_cn_def,見,4,0.0714480087626725,0.005363293083282775,0.00540017426336635
en_def_translated_cn_def,角,4,,,
en_def_translated_cn_def,言,4,0.15097194030163424,0.007232165970302275,0.025371690417014224
en_def_translated_cn_def,谷,4,,,
en_def_translated_cn_def,豆,4,,,
en_def_translated_cn_def,豕,4,,,
en_def_translated_cn_def,象,4,,,
en_def_translated_cn_def,豸,4,0.41022611941610065,0.06063177644676498,0.00253438561288435
en_def_translated_cn_def,貝,4,0.18962797178343552,0.00501028450050185,0.007069549855806025
en_def_translated_cn_def,赤,4,,,
en_def_translated_cn_def,走,4,0.04818389017600563,0.0025719307490623747,0.003411057106468275
en_def_translated_cn_def,足,4,,,
en_def_translated_cn_def,身,4,,,
en_def_translated_cn_def,車,4,0.21183438112959263,0.002646414412519525,0.007909514866233449
en_def_translated_cn_def,辛,4,,,
en_def_translated_cn_def,辶,4,0.16219158760325694,0.0056352825187381,0.015518873375886625
en_def_translated_cn_def,邑,4,,,
en_def_translated_cn_def,酉,4,0.15679214714327824,0.002833665971326525,0.008381929515429924
en_def_translated_cn_def,釆,4,,,
en_def_translated_cn_def,里,4,,,
en_def_translated_cn_def,釒,4,0.22572528446405404,0.00306827335617805,0.012420033031359275
en_def_translated_cn_def,門,4,0.10087426812388,0.00745742571809295,0.041276867169940626
en_def_translated_cn_def,阝,4,0.13594810554059217,0.00610828744619295,0.0344382858992483
en_def_translated_cn_def,隹,4,0.08369458900679916,0.004017229553720025,0.015441846332445525
en_def_translated_cn_def,雈,4,,,
en_def_translated_cn_def,雨,4,0.28922111318785354,0.02189858868823045,0.0490360975776682
en_def_translated_cn_def,非,4,,,
en_def_translated_cn_def,面,4,,,
en_def_translated_cn_def,革,4,0.1746841409028722,0.032235239183647325,0.07995389293050388
en_def_translated_cn_def,韋,4,,,
en_def_translated_cn_def,韮,4,,,
en_def_translated_cn_def,音,4,,,
en_def_translated_cn_def,頁,4,0.09308860288417363,0.0030347264195998746,0.004080880346612525
en_def_translated_cn_def,風,4,0.1468888905947096,0.00284001016387925,0.0017315615964596
en_def_translated_cn_def,食,4,0.033296899753622676,0.001702105469976525,0.001684136170047825
en_def_translated_cn_def,飠,4,0.21912528823172162,0.006286143805643225,0.0081260591788831
en_def_translated_cn_def,首,4,,,
en_def_translated_cn_def,馬,4,0.23436830830427685,0.004250087266272325,0.0054784178520391
en_def_translated_cn_def,骨,4,0.35287446280320484,0.10565425726997107,0.004224094438616125
en_def_translated_cn_def,高,4,,,
en_def_translated_cn_def,髟,4,0.17673035893081263,0.012696360875719325,0.002060399039583325
en_def_translated_cn_def,鬥,4,,,
en_def_translated_cn_def,鬼,4,0.18486314772679982,0.00551073271094435,0.00655425831416115
en_def_translated_cn_def,魚,4,0.4394895577803254,0.04386922037014128,0.005309224403448
en_def_translated_cn_def,鳥,4,0.4176090804566801,0.05601580930805158,0.0049134893704232
en_def_translated_cn_def,鹵,4,,,
en_def_translated_cn_def,鹿,4,0.2686228100210428,0.017966206219051924,0.00475966215105915
en_def_translated_cn_def,麥,4,,,
en_def_translated_cn_def,麻,4,,,
en_def_translated_cn_def,黍,4,,,
en_def_translated_cn_def,黑,4,0.14134036740288136,0.008761483566999176,0.006723138154074226
en_def_translated_cn_def,黹,4,,,
en_def_translated_cn_def,黽,4,,,
en_def_translated_cn_def,鼎,4,,,
en_def_translated_cn_def,鼓,4,,,
en_def_translated_cn_def,鼠,4,,,
en_def_translated_cn_def,鼻,4,,,
en_def_translated_cn_def,齒,4,0.21792044717585665,0.011397750445820051,0.0027820782281428
en_def_translated_cn_def,龍,4,,,
en_def_translated_cn_def,龠,4,,,
en_def_translated_cn_def,𠘨,4,,,
en_def_translated_cn_def,𠚕,4,,,
en_def_translated_cn_def,𠫓,4,,,
en_def_translated_cn_def,𡱕,4,,,
en_def_translated_cn_def,𢆶,4,,,
en_def_translated_cn_def,𣶒,4,,,
en_def_translated_cn_def,𤤴,4,,,
en_def_translated_cn_def,𦍌,4,,,
en_def_translated_cn_def,𧾷,4,0.22271303434536088,0.0146920574611318,0.025601516192955948
en_gloss_unihan,㐬,4,,,
en_gloss_unihan,㐭,4,,,
en_gloss_unihan,㔾,4,,,
en_gloss_unihan,㗊,4,,,
en_gloss_unihan,㝱,4,,,
en_gloss_unihan,㣺,4,,,
en_gloss_unihan,㫃,4,0.29713445454119486,0.016786505094181624,0.002634587965254575
en_gloss_unihan,㹜,4,,,
en_gloss_unihan,㾜,4,,,
en_gloss_unihan,䀠,4,,,
en_gloss_unihan,䖵,4,0.14795815513934935,0.00365907545841615,0.00420003144669205
en_gloss_unihan,一,4,,,
en_gloss_unihan,丂,4,,,
en_gloss_unihan,与,4,,,
en_gloss_unihan,乑,4,,,
en_gloss_unihan,乙,4,,,
en_gloss_unihan,二,4,,,
en_gloss_unihan,云,4,,,
en_gloss_unihan,京,4,,,
en_gloss_unihan,人,4,,,
en_gloss_unihan,亻,4,0.08594343485061655,0.020605905642386672,0.04694995503690043
en_gloss_unihan,儿,4,,,
en_gloss_unihan,光,4,,,
en_gloss_unihan,兮,4,,,
en_gloss_unihan,共,4,,,
en_gloss_unihan,冂,4,,,
en_gloss_unihan,冃,4,,,
en_gloss_unihan,冖,4,,,
en_gloss_unihan,冫,4,0.20988254944005832,0.00265265468359995,0.0025528171621479003
en_gloss_unihan,几,4,,,
en_gloss_unihan,刀,4,,,
en_gloss_unihan,刂,4,0.2303753277696104,0.03009712624706595,0.012909241463542949
en_gloss_unihan,力,4,0.17358279815348593,0.00515456684165735,0.00675024103260435
en_gloss_unihan,勹,4,,,
en_gloss_unihan,匕,4,,,
en_gloss_unihan,匚,4,0.09554845176171507,0.0009572050588437749,0.0012631284007557498
en_gloss_unihan,匸,4,,,
en_gloss_unihan,十,4,,,
en_gloss_unihan,卂,4,,,
en_gloss_unihan,午,4,,,
en_gloss_unihan,半,4,,,
en_gloss_unihan,卜,4,,,
en_gloss_unihan,卩,4,,,
en_gloss_unihan,卵,4,,,
en_gloss_unihan,厂,4,,,
en_gloss_unihan,厶,4,,,
en_gloss_unihan,去,4,,,
en_gloss_unihan,又,4,,,
en_gloss_unihan,口,4,0.22413275914448422,0.011348375088242425,0.0289257764293713
en_gloss_unihan,可,4,,,
en_gloss_unihan,吅,4,,,
en_gloss_unihan,向,4,,,
en_gloss_unihan,喜,4,,,
en_gloss_unihan,囗,4,0.18396470346488053,0.01115280622497525,0.005790990877376025
en_gloss_unihan,土,4,0.18280223678546337,0.02414315145687475,0.0343722362222106
en_gloss_unihan,壬,4,,,
en_gloss_unihan,壴,4,,,
en_gloss_unihan,夂,4,,,
en_gloss_unihan,夕,4,,,
en_gloss_unihan,多,4,,,
en_gloss_unihan,大,4,0.07344682530189547,0.10682888215719197,0.07306929135880384
en_gloss_unihan,夭,4,,,
en_gloss_unihan,夸,4,,,
en_gloss_unihan,女,4,0.1943233703484521,0.010353860006671975,0.0348021236839038
en_gloss_unihan,子,4,0.1588574729394167,0.008898849578710875,0.003695308388500525
en_gloss_unihan,學,4,,,
en_gloss_unihan,宀,4,0.08669315782565343,0.000962342816938275,0.00404640537162365
en_gloss_unihan,寸,4,,,
en_gloss_unihan,尢,4,,,
en_gloss_unihan,尸,4,0.047641255944553276,0.005443402844959925,0.1004344357050226
en_gloss_unihan,尺,4,,,
en_gloss_unihan,履,4,,,
en_gloss_unihan,山,4,0.28944662791749864,0.0310345552665185,0.0153201153868422
en_gloss_unihan,工,4,,,
en_gloss_unihan,巫,4,,,
en_gloss_unihan,巾,4,0.28028318838526806,0.004631124052539525,0.00906320837631545
en_gloss_unihan,幺,4,,,
en_gloss_unihan,广,4,0.12744016600107505,0.07615193251051935,0.0811856173560509
en_gloss_unihan,庚,4,,,
en_gloss_unihan,廾,4,,,
en_gloss_unihan,弓,4,0.22095769994820535,0.01000110609984975,0.003906885624080175
en_gloss_unihan,彡,4,0.02765281535019825,0.00137188817147515,0.01815565464185405
en_gloss_unihan,彣,4,,,
en_gloss_unihan,彳,4,0.12994281979113376,0.007996923152637675,0.01567889427304645
en_gloss_unihan,微,4,,,
en_gloss_unihan,心,4,0.22663082336241908,0.008590545372775624,0.045851431094280096
en_gloss_unihan,忄,4,0.256759829014074,0.0111234296810786,0.0234676315599429
en_gloss_unihan,恣,4,,,
en_gloss_unihan,戈,4,0.166174361905591,0.0012737875458458249,0.004494602870675425
en_gloss_unihan,戊,4,,,
en_gloss_unihan,戶,4,0.12422396766487506,0.00059562257039025,0.0066750303825607
en_gloss_unihan,手,4,0.1633342189947143,0.01188228649934115,0.0083245672651692
en_gloss_unihan,扌,4,0.20099165305905864,0.0177578250459452,0.0422759297082397
en_gloss_unihan,支,4,,,
en_gloss_unihan,攴,4,,,
en_gloss_unihan,攵,4,0.036009946151783545,0.031232849062025874,0.09802018661236465
en_gloss_unihan,敕,4,,,
en_gloss_unihan,文,4,,,
en_gloss_unihan,斗,4,0.03673111181706187,0.0005366536108814,0.0019248998043469752
en_gloss_unihan,斤,4,0.17756060126703227,0.007607750660398175,0.003563512355124425
en_gloss_unihan,日,4,0.215729962412297,0.03255407103079872,0.0711747194372105
en_gloss_unihan,旨,4,,,
en_gloss_unihan,是,4,,,
en_gloss_unihan,曰,4,,,
en_gloss_unihan,月,4,0.17039843357633797,0.040239605730940126,0.002139578370322325
en_gloss_unihan,木,4,0.2231560337521574,0.01299735894290125,0.0236157654375683
en_gloss_unihan,東,4,,,
en_gloss_unihan,林,4,0.06085607809945935,0.00023455225659839999,0.0018729265769270751
en_gloss_unihan,欠,4,0.1269078441616147,0.0011565545583335749,0.0069580122262132005
en_gloss_unihan,止,4,,,
en_gloss_unihan,步,4,,,
en_gloss_unihan,歹,4,0.21872491044375825,0.056460102541567796,0.06271482833685342
en_gloss_unihan,死,4,,,
en_gloss_unihan,殳,4,,,
en_gloss_unihan,比,4,,,
en_gloss_unihan,毛,4,0.15095946798101062,0.016466098949037774,0.046637334274017776
en_gloss_unihan,民,4,,,
en_gloss_unihan,气,4,,,
en_gloss_unihan,水,4,0.12368719017831606,0.0006070709137144001,0.004628404066122225
en_gloss_unihan,氵,4,0.2416229534225945,0.017161543460719225,0.028989079051119998
en_gloss_unihan,火,4,0.25544048702965183,0.04763199612330428,0.049612327884409876
en_gloss_unihan,灬,4,,,
en_gloss_unihan,爪,4,,,
en_gloss_unihan,爭,4,,,
en_gloss_unihan,父,4,,,
en_gloss_unihan,爿,4,,,
en_gloss_unihan,片,4,,,
en_gloss_unihan,牛,4,,,
en_gloss_unihan,牜,4,0.1283976826733643,0.04279769171301138,0.030072556300594726
en_gloss_unihan,犬,4,-0.046019618725404096,0.0040209330828971,0.00859049754116355
en_gloss_unihan,犭,4,0.20304400738901812,0.0015041288026605,0.002307939008934375
en_gloss_unihan,玄,4,,,
en_gloss_unihan,玉,4,,,
en_gloss_unihan,王,4,0.34525012354312745,0.020030796206159725,0.019515153697625673
en_gloss_unihan,瓜,4,,,
en_gloss_unihan,瓦,4,0.29403568578085726,0.004726131118730625,0.00601396440209955
en_gloss_unihan,田,4,0.13569131583118663,0.00301884647545845,0.0305043160785377
en_gloss_unihan,申,4,,,
en_gloss_unihan,男,4,,,
en_gloss_unihan,畢,4,,,
en_gloss_unihan,疒,4,0.31539543326752745,0.005378896967755225,0.007554096424227275
en_gloss_unihan,癶,4,,,
en_gloss_unihan,白,4,0.25896852386982305,0.020703897813093026,0.009149368736553299
en_gloss_unihan,皮,4,,,
en_gloss_unihan,皿,4,0.12455209513956847,0.007306332039362075,0.024390399770416772
en_gloss_unihan,目,4,0.3148940201716351,0.0213911150012972,0.008443820296076949
en_gloss_unihan,矛,4,,,
en_gloss_unihan,矢,4,0.0001875004866936462,0.00029794213296185,0.005232189005543575
en_gloss_unihan,石,4,0.20545180703629734,0.021463960980692823,0.02832358340252155
en_gloss_unihan,示,4,0.049689838290214505,0.0011266747505186499,0.028307671947525096
en_gloss_unihan,礻,4,0.23576362727261663,0.01076266407560685,0.0306972909936207
en_gloss_unihan,禾,4,0.18827348993297405,0.019620280708119574,0.023656145462891374
en_gloss_unihan,穴,4,0.18111735877270496,0.039231003963534176,0.0419053067060677
en_gloss_unihan,立,4,0.010815112502314126,0.000779103710461425,0.003013345168837925
en_gloss_unihan,竹,4,0.28041646916286217,0.015821561356378525,0.01496891338525015
en_gloss_unihan,箕,4,,,
en_gloss_unihan,米,4,0.2595837153360032,0.011569998324966475,0.012011366247060177
en_gloss_unihan,糸,4,0.22012252247805003,0.004755704844402925,0.019046715223656252
en_gloss_unihan,縣,4,,,
en_gloss_unihan,缶,4,,,
en_gloss_unihan,网,4,,,
en_gloss_unihan,罒,4,0.12798529621213672,0.00072503245389505,0.0036321625808498252
en_gloss_unihan,羊,4,0.22228925005765626,0.026157893482302873,0.00225223096165585
en_gloss_unihan,羽,4,0.21972342207445758,0.0101878910727768,0.004763840811796625
en_gloss_unihan,習,4,,,
en_gloss_unihan,老,4,,,
en_gloss_unihan,耂,4,,,
en_gloss_unihan,耒,4,0.1395512229896017,0.0046313999866938,0.00291591153048105
en_gloss_unihan,耳,4,0.1186917638664858,0.001277655391876825,0.005026950007563025
en_gloss_unihan,肉,4,0.23211638557500608,0.0161090952850109,0.024814123103963102
en_gloss_unihan,臣,4,,,
en_gloss_unihan,臤,4,,,
en_gloss_unihan,臥,4,,,
en_gloss_unihan,自,4,,,
en_gloss_unihan,至,4,,,
en_gloss_unihan,舌,4,,,
en_gloss_unihan,舛,4,,,
en_gloss_unihan,舟,4,0.4075310656917281,0.035437767937025376,0.0038408999493861748
en_gloss_unihan,色,4,,,
en_gloss_unihan,艹,4,0.2762944382671439,0.01049804542474075,0.01970518446775365
en_gloss_unihan,蕇,4,,,
en_gloss_unihan,虍,4,,,
en_gloss_unihan,虎,4,,,
en_gloss_unihan,虫,4,0.35888367470338817,0.01237137138014555,0.008446805347382125
en_gloss_unihan,血,4,0.1665549108874984,0.007564677254080925,0.04834178914072278
en_gloss_unihan,行,4,0.06935080503379655,0.12544669622172222,0.12645302586305965
en_gloss_unihan,衣,4,0.18768170535460935,0.0025835516168276,0.013054044418138375
en_gloss_unihan,衤,4,0.2743356464902478,0.008494969488936726,0.00846451436811545
en_gloss_unihan,襾,4,,,
en_gloss_unihan,覀,4,,,
en_gloss_unihan,見,4,0.11348733495105982,0.013400530936535975,0.004397104055237325
en_gloss_unihan,角,4,0.15525603992864484,0.001277258236145125,0.0027252299635510497
en_gloss_unihan,言,4,0.18872501985325163,0.023662721460803372,0.04422788439456812
en_gloss_unihan,谷,4,,,
en_gloss_unihan,豆,4,,,
en_gloss_unihan,豕,4,0.4074493557369957,0.19459809866219543,0.0049773159207614995
en_gloss_unihan,象,4,,,
en_gloss_unihan,豸,4,0.25495381207050133,0.003492741556576325,0.00323685280232495
en_gloss_unihan,貝,4,0.19649934716819017,0.007077412466648576,0.008524865257500375
en_gloss_unihan,赤,4,,,
en_gloss_unihan,走,4,0.07590697007981355,0.00147676244616665,0.004903439795018975
en_gloss_unihan,足,4,,,
en_gloss_unihan,身,4,,,
en_gloss_unihan,車,4,0.23851462642943377,0.0038406156146487498,0.006447072552885975
en_gloss_unihan,辛,4,,,
en_gloss_unihan,辶,4,0.17523284994936342,0.005287931905597825,0.015687539440782675
en_gloss_unihan,邑,4,,,
en_gloss_unihan,酉,4,0.25783600449358346,0.0082458636868037,0.0027243805094799
en_gloss_unihan,釆,4,,,
en_gloss_unihan,里,4,,,
en_gloss_unihan,金,4,,,
en_gloss_unihan,釒,4,0.20577490696236692,0.01012144554129445,0.022557207095349925
en_gloss_unihan,門,4,0.1763036849292656,0.037717607903748854,0.04506868747736102
en_gloss_unihan,阝,4,0.28048507493261593,0.0063262297257986495,0.015284531322788276
en_gloss_unihan,隹,4,0.09622770978603508,0.001175821157241425,0.0029811424483092
en_gloss_unihan,雈,4,,,
en_gloss_unihan,雨,4,0.26323307189159095,0.022875717950877825,0.050459487999824276
en_gloss_unihan,雲,4,,,
en_gloss_unihan,非,4,,,
en_gloss_unihan,面,4,,,
en_gloss_unihan,革,4,0.2718079151508088,0.005349390811292326,0.038598509582259424
en_gloss_unihan,韋,4,0.18566120904870326,0.00180558192220585,0.002558490229433575
en_gloss_unihan,韮,4,,,
en_gloss_unihan,音,4,,,
en_gloss_unihan,頁,4,0.13028632026925188,0.00221276974817535,0.007270785618303025
en_gloss_unihan,風,4,0.32709108189576197,0.1392538706457637,0.03802563321652212
en_gloss_unihan,食,4,0.086223080009222,0.00059524694217065,0.008706705969475126
en_gloss_unihan,飠,4,0.25279179437913823,0.011987278811961299,0.018449361562023873
en_gloss_unihan,首,4,,,
en_gloss_unihan,香,4,,,
en_gloss_unihan,馬,4,0.25410808874457547,0.010658864257166601,0.0309330958181307
en_gloss_unihan,骨,4,0.2932720187549981,0.016943230168220802,0.0034596511351478
en_gloss_unihan,高,4,,,
en_gloss_unihan,髟,4,0.24649973999476055,0.0592410967238894,0.09884397577714607
en_gloss_unihan,鬥,4,,,
en_gloss_unihan,鬼,4,0.25005947830240155,0.019143861550444174,0.0064998253519875
en_gloss_unihan,魚,4,0.4248221155721694,0.0245172660384152,0.0047288695726119
en_gloss_unihan,鳥,4,0.3751226618825908,0.01196416486954655,0.0051628489936917255
en_gloss_unihan,鹵,4,,,
en_gloss_unihan,鹽,4,,,
en_gloss_unihan,鹿,4,0.28216261363455225,0.11704951014171108,0.0117629875195491
en_gloss_unihan,麥,4,0.14410273265093562,0.15766935746390043,0.14742316186606483
en_gloss_unihan,麻,4,,,
en_gloss_unihan,黍,4,,,
en_gloss_unihan,黑,4,0.2343755287378478,0.0049202093201627245,0.0045570266477175
en_gloss_unihan,黹,4,,,
en_gloss_unihan,黽,4,,,
en_gloss_unihan,鼎,4,,,
en_gloss_unihan,鼓,4,0.45153280161321163,0.18301062683926456,0.00423606162082265
en_gloss_unihan,鼠,4,0.26083200126886363,0.021827443011559977,0.0091075540308347
en_gloss_unihan,鼻,4,,,
en_gloss_unihan,齒,4,0.32886742014670745,0.02971310659169195,0.00534424331284645
en_gloss_unihan,龍,4,,,
en_gloss_unihan,龠,4,,,
en_gloss_unihan,𠘨,4,,,
en_gloss_unihan,𠚕,4,,,
en_gloss_unihan,𠫓,4,,,
en_gloss_unihan,𡱕,4,,,
en_gloss_unihan,𢆶,4,,,
en_gloss_unihan,𣶒,4,,,
en_gloss_unihan,𤤴,4,,,
en_gloss_unihan,𦍌,4,,,
en_gloss_unihan,𧾷,4,0.2563094693056952,0.008084467967237725,0.022988394136242225
zh_char,⺝,4,,,
zh_char,㐬,4,,,
zh_char,㐭,4,,,
zh_char,㐺,4,,,
zh_char,㔾,4,,,
zh_char,㗊,4,,,
zh_char,㝱,4,,,
zh_char,㣺,4,,,
zh_char,㫃,4,0.30256305981311016,0.00356677091801115,0.006769938964334
zh_char,㹜,4,,,
zh_char,㾜,4,,,
zh_char,䀠,4,,,
zh_char,䖵,4,0.0015217738226056265,0.00221141274609295,0.0039959399412409
zh_char,一,4,,,
zh_char,丂,4,,,
zh_char,与,4,,,
zh_char,丠,4,,,
zh_char,丮,4,,,
zh_char,乑,4,,,
zh_char,乙,4,,,
zh_char,二,4,,,
zh_char,云,4,,,
zh_char,京,4,,,
zh_char,人,4,,,
zh_char,亻,4,0.15298692498411698,0.04676738198897357,0.08335375165318998
zh_char,儿,4,,,
zh_char,光,4,,,
zh_char,兮,4,,,
zh_char,共,4,,,
zh_char,冂,4,,,
zh_char,冃,4,,,
zh_char,冖,4,,,
zh_char,冥,4,,,
zh_char,冫,4,0.18731551130230606,0.009613721810759625,0.007965965270073575
zh_char,几,4,,,
zh_char,刀,4,,,
zh_char,刂,4,0.21506640061144586,0.0305672150666461,0.03374447572074213
zh_char,力,4,0.1175224059767535,0.02900567180930305,0.043011665863537524
zh_char,勹,4,,,
zh_char,匕,4,,,
zh_char,匚,4,0.19772636913694436,0.001182349640107625,0.006532499109083225
zh_char,匸,4,,,
zh_char,十,4,,,
zh_char,卂,4,,,
zh_char,午,4,,,
zh_char,半,4,,,
zh_char,卜,4,,,
zh_char,卩,4,,,
zh_char,卵,4,,,
zh_char,厂,4,-0.015901526591430102,0.012715956242895825,0.07408728593295046
zh_char,厶,4,,,
zh_char,去,4,,,
zh_char,又,4,,,
zh_char,口,4,0.2540304851860382,0.033477678744477046,0.042082428430773824
zh_char,可,4,,,
zh_char,吅,4,,,
zh_char,向,4,,,
zh_char,喜,4,,,
zh_char,囗,4,0.19827272522855882,0.0484340446186698,0.025837817625004877
zh_char,土,4,0.23196671358086762,0.03462826622840287,0.045335046277902476
zh_char,士,4,,,
zh_char,壬,4,,,
zh_char,壴,4,,,
zh_char,夂,4,,,
zh_char,夊,4,,,
zh_char,夕,4,,,
zh_char,多,4,,,
zh_char,大,4,0.03172268695198,0.054024439856260605,0.07251548102029334
zh_char,夨,4,,,
zh_char,夭,4,,,
zh_char,夰,4,,,
zh_char,夸,4,,,
zh_char,奢,4,,,
zh_char,女,4,0.2510771534794341,0.017085305800997173,0.034766228304782
zh_char,子,4,-0.00033390293053039977,0.005840275186896124,0.00249160488886635
zh_char,學,4,,,
zh_char,宀,4,0.08315117956122513,0.014437677580214225,0.050661641753932424
zh_char,寸,4,,,
zh_char,尢,4,,,
zh_char,尸,4,0.10589391745161258,0.005287378421505675,0.0081864505174516
zh_char,尺,4,,,
zh_char,履,4,,,
zh_char,山,4,0.2646199569402432,0.040322490112717026,0.0518191696081621
zh_char,屾,4,,,
zh_char,工,4,,,
zh_char,巫,4,,,
zh_char,巾,4,0.21773615205394367,0.024313468118295975,0.030086442434829174
zh_char,幺,4,,,
zh_char,广,4,0.19263109902108438,0.04398229448341755,0.062094269123627796
zh_char,庚,4,,,
zh_char,廾,4,,,
zh_char,弓,4,0.123614432880034,0.021045494788251577,0.030366027039522098
zh_char,彡,4,0.002138691222561251,0.010564001035814575,0.023338454862684127
zh_char,彣,4,,,
zh_char,彳,4,0.13592702464053502,0.0099751596166926,0.051887404028236175
zh_char,微,4,,,
zh_char,心,4,0.23080487579910922,0.0181652854320467,0.0318475307017363
zh_char,忄,4,0.2693209744538215,0.0215185599540848,0.03743119538572925
zh_char,恣,4,,,
zh_char,戈,4,0.14012190159833562,0.004611628670239625,0.0110213032998946
zh_char,戊,4,,,
zh_char,戶,4,0.07900921645341437,0.0011234205909107001,0.0082639057227058
zh_char,手,4,0.2440015614265576,0.0434421387213101,0.04131282594644865
zh_char,扌,4,0.2090057838731767,0.026508048273419398,0.043915983662938175
zh_char,支,4,,,
zh_char,攴,4,0.32424744779709724,0.004853848808526575,0.002586841573742375
zh_char,攵,4,0.11170498992405117,0.0069339872175713,0.0217573129585554
zh_char,敕,4,,,
zh_char,文,4,,,
zh_char,斗,4,0.0108927176333964,0.00131878627970365,0.0080867536538567
zh_char,斤,4,0.08139112209901211,0.005758575367156975,0.00712292125725545
zh_char,日,4,0.18892093550816955,0.06205363305513162,0.08881950540489635
zh_char,旨,4,,,
zh_char,是,4,,,
zh_char,曰,4,,,
zh_char,月,4,0.14657655054987923,0.016037298832075077,0.04670615368087382
zh_char,木,4,0.2781149339109626,0.020584961102890174,0.03472038758817277
zh_char,東,4,,,
zh_char,林,4,0.058300108338395724,0.06735278129458508,0.10650228703890943
zh_char,欠,4,0.17315693545000002,0.009487779620766376,0.0255956488059138
zh_char,止,4,,,
zh_char,步,4,,,
zh_char,歹,4,0.2190078062057081,0.0074556999889238,0.0042772372668142
zh_char,死,4,,,
zh_char,殳,4,,,
zh_char,比,4,,,
zh_char,毛,4,0.19478654731065032,0.00244988185814,0.030261212527061102
zh_char,民,4,,,
zh_char,气,4,,,
zh_char,水,4,0.11181515071075401,0.0005066652050981499,0.015402010063002
zh_char,氵,4,0.2557632702453414,0.025945305412752175,0.04651712556107598
zh_char,火,4,0.25272456092261564,0.047238232147221476,0.06733732837275018
zh_char,灬,4,,,
zh_char,炎,4,,,
zh_char,爪,4,,,
zh_char,爭,4,,,
zh_char,父,4,,,
zh_char,爿,4,,,
zh_char,片,4,,,
zh_char,牛,4,,,
zh_char,牜,4,0.19498284725058407,0.0051444795000309745,0.0063757427226794
zh_char,犬,4,-0.038597448884199026,0.011364063709545149,0.013920923712859724
zh_char,犭,4,0.27213179960122535,0.015301279292446351,0.0299248160824815
zh_char,玄,4,,,
zh_char,玉,4,,,
zh_char,王,4,0.2551994489040226,0.061994065639757796,0.07987414684680891
zh_char,瓜,4,,,
zh_char,瓦,4,0.38532182122938907,0.025800174466197753,0.015971164561819
zh_char,田,4,0.12452301937334523,0.03605209054016835,0.05467940301663338
zh_char,申,4,,,
zh_char,男,4,,,
zh_char,甾,4,,,
zh_char,畢,4,,,
zh_char,疒,4,0.3315684836339451,0.03440211495271872,0.0434932730429842
zh_char,癶,4,,,
zh_char,白,4,0.15309275946180734,0.006069142687965125,0.005494119562324475
zh_char,皮,4,0.1637294981628656,0.015110452609774526,0.0020489122808924
zh_char,皿,4,0.10875517937044298,0.01851621707894825,0.03403124997054567
zh_char,目,4,0.27490186945489437,0.03540522233395588,0.04318630042345555
zh_char,盾,4,,,
zh_char,矛,4,,,
zh_char,矢,4,0.12461215808677176,0.0030611291948781996,0.009856285840474224
zh_char,石,4,0.2507073817255555,0.007427932168699325,0.017375748583283473
zh_char,示,4,0.17356669402215627,0.04902174304580825,0.11605911036192125
zh_char,礻,4,0.2165903713122555,0.015906775552036574,0.024944400049707473
zh_char,禾,4,0.24877069223216397,0.012085922285220974,0.01051290508737545
zh_char,穴,4,0.22136853599610426,0.024857155792911374,0.02714153726285505
zh_char,立,4,-0.05905707712684358,0.004762353619476825,0.0075954527589356755
zh_char,竹,4,0.27747383814431514,0.011192703879848775,0.025067808598902425
zh_char,箕,4,,,
zh_char,米,4,0.2594873592024669,0.04723290550646703,0.033031177489324076
zh_char,糸,4,0.3125373290124443,0.0123064364999081,0.018064110523362226
zh_char,縣,4,,,
zh_char,缶,4,0.04598105838522312,0.0056849058198747745,0.009365074726914275
zh_char,网,4,,,
zh_char,罒,4,0.20335444714874026,0.0004661991427543,0.00121882832598275
zh_char,羊,4,0.19640262634493408,0.014902072477900576,0.06279759732811688
zh_char,羽,4,0.30380254245930066,0.0276568791376745,0.012367685921759951
zh_char,習,4,,,
zh_char,老,4,,,
zh_char,耂,4,,,
zh_char,耒,4,0.1192564360597836,0.02146960185394015,0.017385536675335024
zh_char,耳,4,0.08634942439808088,0.010799309376591626,0.0061973675328273505
zh_char,肉,4,0.2603608461501805,0.0116338358917115,0.0176983261991238
zh_char,臣,4,,,
zh_char,臤,4,,,
zh_char,臥,4,,,
zh_char,自,4,,,
zh_char,至,4,,,
zh_char,舌,4,,,
zh_char,舛,4,,,
zh_char,舟,4,0.3406310627469793,0.05184001191087615,0.03835221555455262
zh_char,色,4,,,
zh_char,艹,4,0.2922977325945649,0.03354062840808225,0.056440746239115026
zh_char,蕇,4,,,
zh_char,虍,4,0.1102412277832627,0.002582367806157275,0.0039382590226890255
zh_char,虎,4,,,
zh_char,虫,4,0.4031772705346035,0.0153275939317517,0.015720706348791875
zh_char,血,4,0.3481704406440258,0.0007759293410423751,0.07600039428465108
zh_char,行,4,0.12870317627675829,0.04523815057092935,0.06700710993872677
zh_char,衣,4,0.22333171897723025,0.024360748139759622,0.03784637374489105
zh_char,衤,4,0.33313498132823344,0.009124674070437676,0.026296365177175998
zh_char,襾,4,,,
zh_char,覀,4,,,
zh_char,見,4,0.28349477436859155,0.020849139188568726,0.02999257149340445
zh_char,角,4,0.3279730239883065,0.0023309051541756747,0.016004787198972876
zh_char,言,4,0.2849531528438179,0.023252795807908375,0.030187124782264475
zh_char,谷,4,,,
zh_char,豆,4,,,
zh_char,豕,4,0.4495138935162686,0.0705528289345238,0.0512660101879749
zh_char,象,4,,,
zh_char,豸,4,0.37891724035143853,0.019000435630401227,0.011106268079909526
zh_char,貝,4,0.26645167688944965,0.0132339053012156,0.021873762763639875
zh_char,赤,4,,,
zh_char,走,4,0.24031880192924285,0.004949143781302675,0.026480730542555973
zh_char,足,4,0.25307290023192763,0.0645780640488997,0.11331606317541848
zh_char,身,4,,,
zh_char,車,4,0.3662586435809212,0.013649259446166474,0.0072733854408219
zh_char,辛,4,,,
zh_char,辶,4,0.14645909061821705,0.02762431043561185,0.04794004675037195
zh_char,邑,4,,,
zh_char,酉,4,0.2646613977461432,0.0130101811036227,0.0207840608746912
zh_char,釆,4,,,
zh_char,里,4,,,
zh_char,金,4,,,
zh_char,釒,4,0.33376280999204905,0.01803037254208185,0.026690756861729725
zh_char,镸,4,,,
zh_char,門,4,0.3448470239261431,0.04324905929555525,0.028480881684788125
zh_char,阝,4,0.2975456156646427,0.018354976987953547,0.03596041575921195
zh_char,隹,4,0.14387385782902123,0.06337604360841503,0.0375949996715361
zh_char,雈,4,,,
zh_char,雨,4,0.25522765951852,0.0972205163537107,0.07443637610285846
zh_char,雲,4,,,
zh_char,非,4,,,
zh_char,面,4,,,
zh_char,革,4,0.2860653120681972,0.004536348625103875,0.04068235449832385
zh_char,韋,4,0.2969690213600794,0.0044307304046918745,0.007909612995891525
zh_char,韮,4,,,
zh_char,音,4,0.04441643806057975,0.0011375858074368,0.003612448681912525
zh_char,頁,4,0.26474776917704096,0.01397396895203515,0.0141008844112126
zh_char,風,4,0.22383601409900516,0.03660449447534572,0.019558364985344426
zh_char,食,4,0.12845495793347553,0.0140493293749933,0.0041500099416328
zh_char,飠,4,0.35129590639963937,0.04562128724056573,0.042807279363175854
zh_char,首,4,,,
zh_char,香,4,,,
zh_char,馬,4,0.3554032823268437,0.0131274831189131,0.007190270421291775
zh_char,骨,4,0.2846527471473174,0.00384193474015425,0.005399297059589525
zh_char,高,4,,,
zh_char,髟,4,0.33650796253932636,0.06011136047696495,0.0768531697260901
zh_char,鬥,4,,,
zh_char,鬼,4,0.2563654188998043,0.0123004320980249,0.008232683658779251
zh_char,魚,4,0.5448732579437395,0.03575826077989042,0.013351661852859652
zh_char,鳥,4,0.45520731619178834,0.013144951657084701,0.01211480099516445
zh_char,鹵,4,,,
zh_char,鹽,4,,,
zh_char,鹿,4,0.4004535453224724,0.013546062018513626,0.006843492803176124
zh_char,麥,4,0.24685243554413316,0.05089942055093717,0.0068823116033062
zh_char,麻,4,,,
zh_char,黍,4,,,
zh_char,黑,4,0.2703283443850906,0.00393863503994295,0.014765864096919275
zh_char,黹,4,,,
zh_char,黽,4,,,
zh_char,鼎,4,,,
zh_char,鼓,4,0.4570297123864293,0.010463231170838075,0.0018990401227165
zh_char,鼠,4,0.4488239805731508,0.0448614853170162,0.006769951180820626
zh_char,鼻,4,,,
zh_char,齒,4,0.5109587216919118,0.01740781163157155,0.0030604570826971997
zh_char,龍,4,,,
zh_char,龠,4,,,
zh_char,𠘨,4,,,
zh_char,𠚕,4,,,
zh_char,𠩺,4,,,
zh_char,𠫓,4,,,
zh_char,𡱕,4,,,
zh_char,𢆶,4,,,
zh_char,𣶒,4,,,
zh_char,𤤴,4,,,
zh_char,𥄎,4,,,
zh_char,𦍌,4,,,
zh_char,𧾷,4,0.3038792726500624,0.02516796428955315,0.038549471737778326
