model,channel,minimum_other_training_families,eligible_heldout_edges,candidate_anchor_count,candidate_character_count,inverse_percent_rank_improved,inverse_percent_rank_worsened,inverse_top1_rescues,inverse_top1_losses,inverse_net_top1_gain,inverse_baseline_recall_at_1,inverse_baseline_recall_at_5,inverse_baseline_recall_at_10,inverse_baseline_mrr,inverse_baseline_median_rank,inverse_offset_recall_at_1,inverse_offset_recall_at_5,inverse_offset_recall_at_10,inverse_offset_mrr,inverse_offset_median_rank,inverse_baseline_mean_percentile_rank,inverse_offset_mean_percentile_rank,forward_baseline_recall_at_1,forward_baseline_recall_at_5,forward_baseline_recall_at_10,forward_baseline_mrr,forward_baseline_median_rank,forward_offset_recall_at_1,forward_offset_recall_at_5,forward_offset_recall_at_10,forward_offset_mrr,forward_offset_median_rank,human_interpretation,uniform_top1_reference
bge_m3_1024d,cn_def,3,2960,1053,6039,55.439189189189186,42.46621621621622,4,5,-1,0.011824324324324325,0.026013513513513515,0.03310810810810811,0.022502076217910998,477.0,0.011486486486486487,0.025,0.032432432432432434,0.022708984224512948,469.0,0.5336476210050355,0.5388096033295653,0.006081081081081081,0.011824324324324325,0.014864864864864866,0.010021047147365863,2710.0,0.0057432432432432436,0.016216216216216217,0.02364864864864865,0.015167904123145176,997.0,"Across 2,960 held-out cases, the correct phonophore/source anchor was rank 1 in 1.18% before relation subtraction and 1.15% afterward.",0.000949667616334283
bge_m3_1024d,cn_def,5,2883,1053,6039,55.42837322233785,42.42108914325355,4,5,-1,0.012140131807145335,0.026708289975719737,0.03364550815123136,0.022887843974377053,476.0,0.011793270898369753,0.025667707249392994,0.03295178633368019,0.023108245790823236,466.0,0.5338772982832363,0.5386822450737179,0.006243496357960458,0.012140131807145335,0.014915019077349982,0.01020360061704674,2707.0,0.005896635449184877,0.016302462712452306,0.023933402705515087,0.015351676859403817,988.0,,
bge_m3_1024d,cn_def,8,2790,1053,6039,55.55555555555556,42.22222222222222,4,5,-1,0.012544802867383513,0.027598566308243727,0.03476702508960573,0.0235212793265492,473.5,0.012186379928315413,0.026523297491039426,0.034050179211469536,0.023756483270117076,461.0,0.5358640991046241,0.5413389072870246,0.0064516129032258064,0.012544802867383513,0.015412186379928316,0.010510976104012327,2704.5,0.0060931899641577065,0.016129032258064516,0.023655913978494623,0.015269936432713873,1004.5,,
bge_m3_1024d,en_def_translated_cn_def,3,2960,1053,6039,54.08783783783784,43.851351351351354,4,3,1,0.010135135135135136,0.02027027027027027,0.02702702702702703,0.01923647310048613,503.0,0.010472972972972974,0.02060810810810811,0.027364864864864866,0.01961993659333934,490.0,0.5189873214469222,0.5232937904634672,0.004391891891891892,0.008783783783783784,0.011824324324324325,0.007647099356602504,2759.5,0.005067567567567568,0.011824324324324325,0.019932432432432434,0.012165716660903844,1220.0,"Across 2,960 held-out cases, the correct phonophore/source anchor was rank 1 in 1.01% before relation subtraction and 1.05% afterward.",0.000949667616334283
bge_m3_1024d,en_def_translated_cn_def,5,2883,1053,6039,54.075615678113074,43.84321886923344,4,3,1,0.010058966354491848,0.02046479361775928,0.027402011793270897,0.019287367775207304,501.0,0.01040582726326743,0.02081165452653486,0.02774887270204648,0.01969070668822991,489.0,0.5199121901167061,0.5235496136391513,0.004509191814082553,0.009018383628165106,0.011793270898369753,0.007774737748837895,2755.0,0.005202913631633715,0.012140131807145335,0.02046479361775928,0.01235988325326207,1200.0,,
bge_m3_1024d,en_def_translated_cn_def,8,2790,1053,6039,54.40860215053763,43.47670250896057,4,3,1,0.01039426523297491,0.02114695340501792,0.028315412186379927,0.019805717289734293,498.0,0.010752688172043012,0.021505376344086023,0.02867383512544803,0.020243232654221344,485.5,0.5225762159804843,0.5267495264183599,0.004659498207885305,0.00931899641577061,0.012186379928315413,0.008010355104667088,2739.5,0.005376344086021506,0.011827956989247311,0.02007168458781362,0.012219713029917825,1224.5,,
bge_m3_1024d,en_gloss_unihan,3,4648,1155,9152,57.22891566265061,40.49053356282272,14,8,6,0.01161790017211704,0.030120481927710843,0.04432013769363167,0.02501273668668892,548.0,0.012908777969018933,0.03119621342512909,0.04216867469879518,0.025947440816817265,532.5,0.525740558172278,0.5353624823632237,0.00387263339070568,0.010327022375215147,0.015920826161790018,0.008285341760992836,4132.5,0.006454388984509466,0.018717728055077452,0.02689328743545611,0.015039377730074249,1773.0,"Across 4,648 held-out cases, the correct phonophore/source anchor was rank 1 in 1.16% before relation subtraction and 1.29% afterward.",0.0008658008658008658
bge_m3_1024d,en_gloss_unihan,5,4585,1155,9152,57.36095965103599,40.37077426390404,14,8,6,0.011559432933478735,0.03009814612868048,0.044274809160305344,0.024950399685856748,548.0,0.012868047982551799,0.0311886586695747,0.0420937840785169,0.025917989680887595,533.0,0.5258241685550614,0.5353231564762649,0.003925845147219193,0.010468920392584515,0.01613958560523446,0.00838283809147863,4122.0,0.006543075245365322,0.0183206106870229,0.02639040348964013,0.014921666727493954,1770.0,,
bge_m3_1024d,en_gloss_unihan,8,4472,1155,9152,57.62522361359571,40.09391771019678,14,8,6,0.011627906976744186,0.03041144901610018,0.044722719141323794,0.025136490740682124,544.0,0.0129695885509839,0.03152951699463327,0.042486583184257604,0.02617444809591208,530.0,0.5279422046052774,0.5375903367923036,0.0038014311270125225,0.01050983899821109,0.016323792486583184,0.008309351350452177,4104.0,0.00648479427549195,0.0176654740608229,0.0259391771019678,0.014591929624627069,1768.0,,
bge_m3_1024d,zh_char,3,5240,1171,11150,58.85496183206107,33.83587786259542,11,8,3,0.014694656488549618,0.031297709923664124,0.04045801526717557,0.02702209651868994,488.0,0.015267175572519083,0.03263358778625954,0.04370229007633588,0.028464117777082562,484.0,0.5604586677105762,0.5640847850198996,0.010305343511450382,0.017366412213740457,0.023473282442748093,0.01514922616596971,5064.5,0.011259541984732824,0.018893129770992365,0.023091603053435116,0.015661750696425208,5624.0,"Across 5,240 held-out cases, the correct phonophore/source anchor was rank 1 in 1.47% before relation subtraction and 1.53% afterward.",0.0008539709649871904
bge_m3_1024d,zh_char,5,5179,1171,11150,58.94960417068932,33.7130720216258,11,7,4,0.014481560146746475,0.031087082448349103,0.04035528094226685,0.026857718233011453,487.0,0.015253910021239622,0.032631782197335396,0.043830855377486,0.028477799564392507,483.0,0.5612169791548051,0.5650227826709773,0.010426723305657463,0.017377872176095772,0.023363583703417647,0.015189818962373395,5050.0,0.011392160648773894,0.01911565939370535,0.023363583703417647,0.015838344108231265,5625.0,,
bge_m3_1024d,zh_char,8,5073,1171,11150,59.43228858663513,33.27419672777449,11,7,4,0.014192785334121822,0.03075103489059728,0.04021289178001183,0.02658809640097438,488.0,0.0149812734082397,0.03252513305736251,0.04376108811354228,0.028317770830584062,483.0,0.5612025117051728,0.5660727734057125,0.009856100926473488,0.016952493593534398,0.023063276167947958,0.014689629941766605,5048.0,0.011038833037650306,0.018726591760299626,0.023063276167947958,0.015507817578264582,5624.0,,
gte_multilingual_base_768d,cn_def,3,2960,1053,6039,54.15540540540541,43.648648648648646,4,7,-3,0.013513513513513514,0.02668918918918919,0.03648648648648649,0.023918702457388575,517.0,0.0125,0.025675675675675677,0.033445945945945944,0.02337949647485602,500.0,0.5197664037611757,0.5249441218785326,0.005067567567567568,0.011824324324324325,0.016216216216216217,0.009664046609536639,2664.0,0.0057432432432432436,0.015540540540540541,0.023310810810810812,0.015075983119349271,923.0,"Across 2,960 held-out cases, the correct phonophore/source anchor was rank 1 in 1.35% before relation subtraction and 1.25% afterward.",0.000949667616334283
gte_multilingual_base_768d,cn_def,5,2883,1053,6039,54.075615678113074,43.66978841484565,4,7,-3,0.01387443635102324,0.027055150884495317,0.036073534512660425,0.02421112841521662,517.0,0.012833853624696497,0.025667707249392994,0.03364550815123136,0.02349365066130506,501.0,0.5194525664410092,0.5241661819845983,0.005202913631633715,0.012140131807145335,0.01664932362122789,0.009832497901129951,2664.0,0.005896635449184877,0.015955601803676726,0.023239680887963927,0.015211527702628026,917.0,,
gte_multilingual_base_768d,cn_def,8,2790,1053,6039,54.33691756272402,43.333333333333336,4,7,-3,0.014336917562724014,0.02795698924731183,0.036917562724014336,0.02485236403174493,515.5,0.013261648745519713,0.026523297491039426,0.03476702508960573,0.024113238011137152,499.0,0.521846763972362,0.5263151259931586,0.005376344086021506,0.012544802867383513,0.017204301075268817,0.01012133799840353,2661.0,0.005734767025089606,0.016129032258064516,0.023297491039426525,0.01493516971917103,921.5,,
gte_multilingual_base_768d,en_def_translated_cn_def,3,2960,1053,6039,53.783783783783775,43.88513513513514,10,2,8,0.009121621621621622,0.024324324324324326,0.031081081081081083,0.02049507573362878,475.0,0.011824324324324325,0.024662162162162164,0.030743243243243245,0.02235703619962914,480.0,0.5313450570342205,0.5336967552152914,0.005405405405405406,0.011486486486486487,0.018243243243243244,0.009717160825214982,2723.5,0.006418918918918919,0.017905405405405406,0.026013513513513515,0.0153945870769726,914.0,"Across 2,960 held-out cases, the correct phonophore/source anchor was rank 1 in 0.91% before relation subtraction and 1.18% afterward.",0.000949667616334283
gte_multilingual_base_768d,en_def_translated_cn_def,5,2883,1053,6039,53.93687131460284,43.73916059660076,10,2,8,0.009018383628165106,0.02462712452306625,0.03156434269857787,0.020585593793969525,476.0,0.011793270898369753,0.02497398543184183,0.031217481789802288,0.022506665537994793,481.0,0.5314472936276509,0.5340065468347953,0.005549774540409296,0.011446409989594173,0.018383628165105793,0.009779058706875713,2728.0,0.0065903572667360385,0.018036767256330213,0.026361429066944154,0.015602144661951638,903.0,,
gte_multilingual_base_768d,en_def_translated_cn_def,8,2790,1053,6039,54.15770609318996,43.47670250896057,10,2,8,0.00931899641577061,0.025089605734767026,0.03225806451612903,0.02110446403561232,474.0,0.012186379928315413,0.025806451612903226,0.03225806451612903,0.02314132365714764,478.5,0.5333793286724723,0.5364150210556441,0.005734767025089606,0.011827956989247311,0.01899641577060932,0.01006762595988345,2723.5,0.006810035842293907,0.017921146953405017,0.025448028673835124,0.015406633371659309,932.0,,
gte_multilingual_base_768d,en_gloss_unihan,3,4648,1155,9152,55.33562822719449,41.93201376936317,12,8,4,0.012478485370051634,0.03356282271944923,0.04475043029259897,0.026217583417673034,523.0,0.01333907056798623,0.03248709122203098,0.04238382099827883,0.026614782675904336,509.5,0.5399161637886033,0.5523120583348498,0.005593803786574871,0.012048192771084338,0.016351118760757316,0.010072128035461808,4121.5,0.007530120481927711,0.019793459552495698,0.03119621342512909,0.01682895365739522,1208.5,"Across 4,648 held-out cases, the correct phonophore/source anchor was rank 1 in 1.25% before relation subtraction and 1.33% afterward.",0.0008658008658008658
gte_multilingual_base_768d,en_gloss_unihan,5,4585,1155,9152,55.35441657579062,41.91930207197383,12,8,4,0.012431842966194111,0.03358778625954199,0.04449291166848419,0.02613244723591851,521.0,0.013304252998909487,0.032497273718647766,0.04231188658669575,0.026577350687810745,508.0,0.5406880245847264,0.5526787486132346,0.0056706652126499455,0.012213740458015267,0.016357688113413305,0.010165341410001284,4101.0,0.007633587786259542,0.01941112322791712,0.030534351145038167,0.01674153729901174,1209.0,,
gte_multilingual_base_768d,en_gloss_unihan,8,4472,1155,9152,55.4561717352415,41.77101967799642,12,8,4,0.012522361359570662,0.03398926654740608,0.04516994633273703,0.026376985266289666,517.0,0.013416815742397137,0.03287119856887299,0.04293381037567084,0.026861707282927413,505.0,0.5428035951795575,0.5548616773577477,0.005590339892665474,0.012298747763864044,0.016547406082289804,0.010179221582029968,4081.5,0.0073792486583184255,0.01900715563506261,0.03018783542039356,0.01644606433228639,1200.5,,
gte_multilingual_base_768d,zh_char,3,5240,1171,11150,57.38549618320611,35.43893129770993,15,13,2,0.01698473282442748,0.038931297709923665,0.052290076335877865,0.03141206425765481,460.0,0.017366412213740457,0.03816793893129771,0.05362595419847328,0.032766041039282726,436.5,0.5787223527109023,0.5891386116004436,0.006870229007633588,0.01698473282442748,0.02232824427480916,0.012416245288797777,5073.5,0.008396946564885497,0.017938931297709924,0.02251908396946565,0.013674400561954016,5631.5,"Across 5,240 held-out cases, the correct phonophore/source anchor was rank 1 in 1.70% before relation subtraction and 1.74% afterward.",0.0008539709649871904
gte_multilingual_base_768d,zh_char,5,5179,1171,11150,57.501448156014675,35.25777177061209,15,13,2,0.017184784707472485,0.03938984359915042,0.05290596640278046,0.0317258780828873,460.0,0.017570959644719056,0.03861749372465727,0.05406449121452018,0.033072949069870364,434.0,0.5788079076744842,0.58970959314655,0.006951148870438309,0.017184784707472485,0.022591233828924504,0.012552215845501447,5082.0,0.008495848619424599,0.018150222050588916,0.022784321297547788,0.013815111541225132,5633.0,,
gte_multilingual_base_768d,zh_char,8,5073,1171,11150,57.658190419869904,35.14685590380445,15,13,2,0.01714961561206387,0.03903015966883501,0.05282870096589789,0.0315714883814548,460.0,0.017543859649122806,0.03824167159471713,0.05381431105854524,0.03297502879951191,431.0,0.579691377680733,0.5909591755245215,0.006899270648531441,0.016952493593534398,0.02227478809383008,0.012381963334661076,5090.0,0.00867336881529667,0.018135225704711218,0.02286615414941849,0.013897932091863695,5633.0,,
qwen3_0.6b_1024d,cn_def,3,2960,1053,6039,54.560810810810814,43.310810810810814,4,7,-3,0.011824324324324325,0.02195945945945946,0.034797297297297296,0.021867601192386506,480.0,0.010810810810810811,0.0222972972972973,0.033783783783783786,0.021835144892523826,469.5,0.5332937262357413,0.5401172798273558,0.0057432432432432436,0.0125,0.014527027027027028,0.009989618922573766,2868.5,0.007094594594594595,0.019594594594594596,0.027702702702702704,0.016709362820763518,765.5,"Across 2,960 held-out cases, the correct phonophore/source anchor was rank 1 in 1.18% before relation subtraction and 1.08% afterward.",0.000949667616334283
qwen3_0.6b_1024d,cn_def,5,2883,1053,6039,54.59590704127645,43.21886923343739,4,7,-3,0.012140131807145335,0.022199098161637183,0.03503295178633368,0.022212400450895568,482.0,0.011099549080818592,0.022545959070412763,0.03399236906000694,0.022105605724698305,470.0,0.5329989356777437,0.5402302602511907,0.005896635449184877,0.012833853624696497,0.014568158168574402,0.010162580220609467,2879.0,0.007284079084287201,0.019771071800208116,0.027402011793270897,0.01686592707661517,761.0,,
qwen3_0.6b_1024d,cn_def,8,2790,1053,6039,54.91039426523297,42.867383512544805,4,7,-3,0.012544802867383513,0.022939068100358423,0.03620071684587814,0.0227952477898903,481.0,0.011469534050179211,0.023297491039426525,0.03512544802867384,0.022698390952469498,466.5,0.5346201807105769,0.5423433092113333,0.0060931899641577065,0.013261648745519713,0.015053763440860216,0.010473893689779109,2866.5,0.007526881720430108,0.01935483870967742,0.026523297491039426,0.016851422406742696,781.0,,
qwen3_0.6b_1024d,en_def_translated_cn_def,3,2960,1053,6039,54.59459459459459,43.37837837837838,4,4,0,0.008783783783783784,0.023986486486486488,0.02972972972972973,0.019482778052659452,489.5,0.008783783783783784,0.022635135135135136,0.030405405405405407,0.019286081006547308,477.0,0.529759274483609,0.5346470044188675,0.004054054054054054,0.007770270270270271,0.012162162162162163,0.007516423712576208,2867.5,0.00472972972972973,0.013851351351351352,0.022635135135135136,0.013530080691382302,997.5,"Across 2,960 held-out cases, the correct phonophore/source anchor was rank 1 in 0.88% before relation subtraction and 0.88% afterward.",0.000949667616334283
qwen3_0.6b_1024d,en_def_translated_cn_def,5,2883,1053,6039,54.630593132154004,43.322927506070066,4,4,0,0.008671522719389525,0.023933402705515087,0.029830038154699964,0.019407631220354177,489.0,0.008671522719389525,0.022892819979188347,0.030870620881026708,0.019315735141557714,476.0,0.5300113817857138,0.5345403565413616,0.004162330905306972,0.007630939993062782,0.012140131807145335,0.007483807207670595,2865.0,0.004856052722858134,0.013527575442247659,0.022199098161637183,0.013436174748183876,993.0,,
qwen3_0.6b_1024d,en_def_translated_cn_def,8,2790,1053,6039,54.76702508960574,43.15412186379928,4,4,0,0.008960573476702509,0.024731182795698924,0.03082437275985663,0.019910745359045256,480.5,0.008960573476702509,0.023655913978494623,0.03189964157706093,0.01976967469469116,473.0,0.5325711735284898,0.5371485615383567,0.004301075268817204,0.007885304659498209,0.012544802867383513,0.007693325783462838,2863.5,0.005017921146953405,0.013261648745519713,0.02114695340501792,0.013147704859736941,1016.0,,
qwen3_0.6b_1024d,en_gloss_unihan,3,4648,1155,9152,56.90619621342513,40.85628227194492,10,8,2,0.008820998278829604,0.026462994836488812,0.03700516351118761,0.021174383564185197,555.0,0.009251290877796902,0.02667814113597246,0.03700516351118761,0.021948198117224118,543.0,0.5185389366328895,0.5300682800526194,0.004733218588640275,0.009036144578313253,0.012048192771084338,0.008152473774683335,4199.5,0.00580895008605852,0.015920826161790018,0.027969018932874356,0.015026559323888014,1174.0,"Across 4,648 held-out cases, the correct phonophore/source anchor was rank 1 in 0.88% before relation subtraction and 0.93% afterward.",0.0008658008658008658
qwen3_0.6b_1024d,en_gloss_unihan,5,4585,1155,9152,57.033805888767716,40.697928026172306,10,8,2,0.008942202835332607,0.026608505997818974,0.03707742639040349,0.021326118807492675,554.0,0.009378407851690295,0.027044711014176662,0.03751363140676118,0.02217976238340354,540.0,0.519035208246316,0.5307817481842115,0.004798255179934569,0.008942202835332607,0.011995637949836423,0.00819810034148485,4202.0,0.0058887677208287895,0.015485278080697927,0.02748091603053435,0.014951121726725823,1168.0,,
qwen3_0.6b_1024d,en_gloss_unihan,8,4472,1155,9152,57.26744186046512,40.45169946332737,10,7,3,0.008944543828264758,0.026610017889087657,0.03711985688729875,0.021381220667957224,551.5,0.009615384615384616,0.02728085867620751,0.0377906976744186,0.022445310345474336,537.5,0.5209977816911233,0.5327869074821032,0.004472271914132379,0.00872093023255814,0.011851520572450805,0.007935821605711204,4172.5,0.005366726296958855,0.014311270125223614,0.0259391771019678,0.014158486550079546,1156.0,,
qwen3_0.6b_1024d,zh_char,3,5240,1171,11150,58.530534351145036,39.408396946564885,23,19,4,0.013549618320610687,0.03206106870229008,0.04751908396946565,0.028282234791427593,381.0,0.01431297709923664,0.03797709923664122,0.05458015267175573,0.031998541993973006,351.5,0.6232868467410452,0.6355643635414627,0.005152671755725191,0.011068702290076336,0.013740458015267175,0.00938572221246432,3848.5,0.011068702290076336,0.025572519083969465,0.04179389312977099,0.022980949425143744,996.0,"Across 5,240 held-out cases, the correct phonophore/source anchor was rank 1 in 1.35% before relation subtraction and 1.43% afterward.",0.0008539709649871904
qwen3_0.6b_1024d,zh_char,5,5179,1171,11150,58.69859046147905,39.235373624251785,23,19,4,0.013516122803630045,0.032052519791465534,0.047692604749951725,0.028282012730590392,379.0,0.01428847267812319,0.0382313187874107,0.05502992855763661,0.03208257080808357,350.0,0.6242567370198188,0.636873765354167,0.005213361652828732,0.011199073180150608,0.013902297740876618,0.009471866305669055,3839.0,0.011005985711527323,0.025680633326897084,0.041899980691253134,0.02295266736201001,989.0,,
qwen3_0.6b_1024d,zh_char,8,5073,1171,11150,58.900059136605556,39.030159668835005,23,18,5,0.013404297260003943,0.03213088902030357,0.048097772521190615,0.028277007092776425,378.0,0.01438990735265129,0.0384387936132466,0.05519416518825153,0.0322822963544166,349.0,0.6242008555432564,0.636874790452555,0.005322294500295683,0.011235955056179775,0.013798541297062882,0.009504166558653928,3864.0,0.011235955056179775,0.026020106445890007,0.042184111965306526,0.023252025866185813,974.0,,
qwen3_4b_2560d_int8,cn_def,3,2960,1053,6039,54.66216216216216,42.9054054054054,7,2,5,0.0125,0.026351351351351353,0.03412162162162162,0.02324874067624451,464.0,0.01418918918918919,0.02702702702702703,0.034797297297297296,0.024973550123317412,460.5,0.5384961720275409,0.5455991162264926,0.005405405405405406,0.0125,0.016554054054054055,0.01010825305625497,2761.5,0.005067567567567568,0.018581081081081082,0.028040540540540542,0.016569079879577394,821.5,"Across 2,960 held-out cases, the correct phonophore/source anchor was rank 1 in 1.25% before relation subtraction and 1.42% afterward.",0.000949667616334283
qwen3_4b_2560d_int8,cn_def,5,2883,1053,6039,54.699965313909125,42.8026361429067,6,2,4,0.012833853624696497,0.026708289975719737,0.0346860908775581,0.023612631494578283,466.0,0.01422129725979882,0.027402011793270897,0.03537981269510926,0.0251588789057405,460.0,0.5382958182818119,0.5454862581093575,0.005549774540409296,0.012833853624696497,0.01699618453000347,0.01030226760655396,2773.0,0.005202913631633715,0.019077349982656956,0.02844259451959764,0.016777992922306254,811.0,,
qwen3_4b_2560d_int8,cn_def,8,2790,1053,6039,55.053763440860216,42.365591397849464,6,2,4,0.013261648745519713,0.02724014336917563,0.035483870967741936,0.024155474967900055,463.0,0.014695340501792114,0.02795698924731183,0.035842293906810034,0.025782980459397156,455.0,0.5400043610395628,0.5481451953609441,0.005734767025089606,0.013261648745519713,0.01756272401433692,0.010611556506688895,2761.5,0.005376344086021506,0.01935483870967742,0.02724014336917563,0.01672303753624025,821.5,,
qwen3_4b_2560d_int8,en_def_translated_cn_def,3,2960,1053,6039,53.75,43.986486486486484,3,3,0,0.009797297297297298,0.023310810810810812,0.03445945945945946,0.02086071106959057,501.0,0.009797297297297298,0.022972972972972974,0.031081081081081083,0.02042866010631159,487.5,0.5234427987873805,0.5280370080156201,0.004391891891891892,0.00945945945945946,0.015202702702702704,0.00833005608267899,2757.5,0.004391891891891892,0.013175675675675676,0.026351351351351353,0.013262157133714042,1035.0,"Across 2,960 held-out cases, the correct phonophore/source anchor was rank 1 in 0.98% before relation subtraction and 0.98% afterward.",0.000949667616334283
qwen3_4b_2560d_int8,en_def_translated_cn_def,5,2883,1053,6039,53.69406867845994,44.05133541449879,3,3,0,0.009712105445716268,0.023586541796739507,0.03503295178633368,0.020970669907568237,500.0,0.009712105445716268,0.023239680887963927,0.03156434269857787,0.020521151199343977,488.0,0.5239324135584369,0.5278115186836695,0.004509191814082553,0.009712105445716268,0.015261879986125564,0.008463294282773065,2757.0,0.004509191814082553,0.013527575442247659,0.026361429066944154,0.013371147375569775,1031.0,,
qwen3_4b_2560d_int8,en_def_translated_cn_def,8,2790,1053,6039,53.97849462365591,43.727598566308245,3,3,0,0.01003584229390681,0.024372759856630826,0.035842293906810034,0.02150077741673789,498.5,0.01003584229390681,0.024014336917562724,0.03261648745519713,0.02106202925494128,485.0,0.5261481799473949,0.5305484007250227,0.004659498207885305,0.01003584229390681,0.015770609318996417,0.00871001409592689,2744.0,0.004659498207885305,0.012903225806451613,0.024372759856630826,0.01306475342514577,1056.0,,
qwen3_4b_2560d_int8,en_gloss_unihan,3,4648,1155,9152,56.4328743545611,41.02839931153184,10,7,3,0.012908777969018933,0.03313253012048193,0.04432013769363167,0.02596609923425798,542.0,0.01355421686746988,0.03248709122203098,0.04324440619621343,0.02650924669462295,532.0,0.5238253086622301,0.5327922857560472,0.006024096385542169,0.012908777969018933,0.017857142857142856,0.010566926240575607,4214.5,0.008175559380378658,0.019793459552495698,0.03162650602409638,0.017852361107683644,1204.0,"Across 4,648 held-out cases, the correct phonophore/source anchor was rank 1 in 1.29% before relation subtraction and 1.36% afterward.",0.0008658008658008658
qwen3_4b_2560d_int8,en_gloss_unihan,5,4585,1155,9152,56.597600872410034,40.82878953107961,10,7,3,0.013086150490730643,0.03358778625954199,0.04449291166848419,0.02618070971418713,542.0,0.013740458015267175,0.032497273718647766,0.04340239912758997,0.02669233741131648,531.0,0.5239786131024041,0.5333649588270092,0.0061068702290076335,0.013086150490730643,0.017884405670665213,0.010654507345663143,4214.0,0.00806979280261723,0.01941112322791712,0.030970556161395855,0.017635973010602393,1194.0,,
qwen3_4b_2560d_int8,en_gloss_unihan,8,4472,1155,9152,56.864937388193205,40.54114490161002,10,7,3,0.0129695885509839,0.03398926654740608,0.04516994633273703,0.026292923486817978,541.0,0.013640429338103756,0.03287119856887299,0.04382826475849732,0.026786037599167194,527.0,0.5248680020958446,0.5347986547530097,0.005813953488372093,0.0129695885509839,0.017889087656529516,0.010455661631751876,4207.5,0.0073792486583184255,0.017889087656529516,0.029069767441860465,0.01670102624288309,1185.5,,
qwen3_4b_2560d_int8,zh_char,3,5240,1171,11150,61.164122137404576,35.11450381679389,57,18,39,0.024236641221374047,0.05114503816793893,0.06946564885496183,0.04348306387978699,359.0,0.0316793893129771,0.06564885496183206,0.08988549618320611,0.054819534798061516,319.5,0.632899947804528,0.654421935147126,0.00916030534351145,0.02232824427480916,0.028435114503816795,0.01683377573723974,3335.5,0.024236641221374047,0.06087786259541985,0.08950381679389313,0.04837448782014804,385.0,"Across 5,240 held-out cases, the correct phonophore/source anchor was rank 1 in 2.42% before relation subtraction and 3.17% afterward.",0.0008539709649871904
qwen3_4b_2560d_int8,zh_char,5,5179,1171,11150,61.24734504730643,34.98744931453949,57,18,39,0.024522108515157365,0.051554354122417455,0.07009075111025294,0.043890242369225056,357.0,0.032052519791465534,0.0664220892064105,0.0905580227843213,0.055352021357941275,317.0,0.6342007416539179,0.655664806755751,0.009268198493917745,0.022591233828924504,0.028770032824869667,0.01701785271644591,3331.0,0.024522108515157365,0.061401815022205056,0.08959258544120487,0.04870855794403199,383.0,,
qwen3_4b_2560d_int8,zh_char,8,5073,1171,11150,61.62034299231224,34.594914251921935,57,15,42,0.024048886260595308,0.05105460279913266,0.06978119455943228,0.043510384867946054,357.0,0.03232801103883304,0.06662724226296077,0.09087325054208555,0.055556803879241064,317.0,0.6338155241171208,0.6558669072566174,0.009461856889414548,0.02286615414941849,0.029174058742361522,0.017190198841753622,3338.0,0.024640252316183716,0.06130494776266509,0.08969051843090874,0.048799168424864314,378.0,,
