path,sha256,bytes
Centered_Sensitivity_C2_v1/channel_coverage_and_eligibility_v5.csv,e55668f37dfeb4281b252996d17beed79e90245e1f2889992b78a2584ae76991,2425
Centered_Sensitivity_C2_v1/checkpoints/bge_m3_1024d__cn_def__centered_sensitivity__complete.json,381165ff977ef21212b66e916c715e559a2c75e433d869909d8a42c8830ffb98,328
Centered_Sensitivity_C2_v1/checkpoints/bge_m3_1024d__cn_def__centered_sensitivity__control.csv,7d75acb11f43559678a653c177e2b198de2756cb9eb26cf07fa4381c47dd65a0,1512026
Centered_Sensitivity_C2_v1/checkpoints/bge_m3_1024d__cn_def__centered_sensitivity__coverage.csv,1b4b2d768bcf4993b82d9088e9b90f72f15ab9de95db35a4761c9698ac0b3d3b,551
Centered_Sensitivity_C2_v1/checkpoints/bge_m3_1024d__cn_def__centered_sensitivity__edge.csv,577ae84bf1deecf65a85ed5c20a5c3453b1f424afa7b9a6fed219ec449f4a979,1620164
Centered_Sensitivity_C2_v1/checkpoints/bge_m3_1024d__cn_def__centered_sensitivity__forward.csv,7cb226ca416986a797956a191887f23aa9789d2b61b7d2882f8fec6cd250261f,398371
Centered_Sensitivity_C2_v1/checkpoints/bge_m3_1024d__cn_def__centered_sensitivity__inverse.csv,fecffeed5f15b8e0b5b894b1f1b36eedc65e82c0ccda96f4bcaa1569843755e1,501866
Centered_Sensitivity_C2_v1/checkpoints/bge_m3_1024d__cn_def__centered_sensitivity__learning.csv,851faba5ea2de782b05eb5129feae49431325dcc6549217f52a85afc3a567421,1075996
Centered_Sensitivity_C2_v1/checkpoints/bge_m3_1024d__cn_def__centered_sensitivity__null.csv,6a1b1e6c4a75d7e35e985ac575281dcd41dd71c084855043bdaa158c6f5f2fca,3029634
Centered_Sensitivity_C2_v1/checkpoints/bge_m3_1024d__cn_def__centered_sensitivity__prototypes.npz,aa7ea0d2c9c5f088bcd4cd9e4c090aae58cd0eea27ceda4b0544d85a33a2db86,907508
Centered_Sensitivity_C2_v1/checkpoints/bge_m3_1024d__cn_def__centered_sensitivity__relation.csv,9ea8e5f80242345a7be78203a694b7f743843f570dabc7cc69136a640261395c,34614
Centered_Sensitivity_C2_v1/checkpoints/bge_m3_1024d__cn_def__centered_sensitivity__residual.csv,16cef9f01d5f9745e22267e3dbac0f59ab7fa974d66e08efa09621da9e169ed6,67774
Centered_Sensitivity_C2_v1/checkpoints/bge_m3_1024d__en_def_translated_cn_def__centered_sensitivity__complete.json,660e6a4be91dbc1ca3f3ca1f84ca76621656e7e2322cf76cd72d99c49a5012f9,345
Centered_Sensitivity_C2_v1/checkpoints/bge_m3_1024d__en_def_translated_cn_def__centered_sensitivity__control.csv,65b689374259786d87fd8791fb40e4ae3c79b9a41d64a41b8d6e5eb4b8feb3eb,1778546
Centered_Sensitivity_C2_v1/checkpoints/bge_m3_1024d__en_def_translated_cn_def__centered_sensitivity__coverage.csv,b236215461df7e6880bed0a2b60b4ab76d38cf9d39c46102402c7c38f0f72e62,569
Centered_Sensitivity_C2_v1/checkpoints/bge_m3_1024d__en_def_translated_cn_def__centered_sensitivity__edge.csv,7a0b810e381edcf74ad112e0eaaa82a3c3a58a05d7ad26769728e48a2daf3982,1677609
Centered_Sensitivity_C2_v1/checkpoints/bge_m3_1024d__en_def_translated_cn_def__centered_sensitivity__forward.csv,436f066172d973ee1fab9e38e750fc5121cc28286bc9c2dbe33061d5b1e8237c,452671
Centered_Sensitivity_C2_v1/checkpoints/bge_m3_1024d__en_def_translated_cn_def__centered_sensitivity__inverse.csv,f1937d3f81bcf4b9d66e6ad9b441c41b3d6ed8b45b03d6a2e65ce41b54996b31,555671
Centered_Sensitivity_C2_v1/checkpoints/bge_m3_1024d__en_def_translated_cn_def__centered_sensitivity__learning.csv,966b1820d38912f6bc437a3fb92544205bb2b173c031e06c43f9466d51bd40b1,1316099
Centered_Sensitivity_C2_v1/checkpoints/bge_m3_1024d__en_def_translated_cn_def__centered_sensitivity__null.csv,f0a5108e6917217df51613133d05e9ed17655928126bbb3146ce1490b5516598,3542975
Centered_Sensitivity_C2_v1/checkpoints/bge_m3_1024d__en_def_translated_cn_def__centered_sensitivity__prototypes.npz,00427a5e844d46751dbfca20c570350b14e9538bf1103c1b2a10bb7cc21839be,907472
Centered_Sensitivity_C2_v1/checkpoints/bge_m3_1024d__en_def_translated_cn_def__centered_sensitivity__relation.csv,6596b5f31e1d791e827ae3f3d008d8ea9f049cb5c6933a5676044aaa45e2b633,38960
Centered_Sensitivity_C2_v1/checkpoints/bge_m3_1024d__en_def_translated_cn_def__centered_sensitivity__residual.csv,3176e5dc2a53774d0c85771f6f0f347b13012f2c2c9bd111d579bf3211cadf61,76871
Centered_Sensitivity_C2_v1/checkpoints/bge_m3_1024d__en_gloss_unihan__centered_sensitivity__complete.json,4bc20ce973957b2d85e1ffde826f1210dece3bd55bc7c51093d3e347f600065b,337
Centered_Sensitivity_C2_v1/checkpoints/bge_m3_1024d__en_gloss_unihan__centered_sensitivity__control.csv,414da8729ac9c7fc497344dc7110a79c7eae097af532559c7abd80dffc4d0c17,2598908
Centered_Sensitivity_C2_v1/checkpoints/bge_m3_1024d__en_gloss_unihan__centered_sensitivity__coverage.csv,6fec2c2970e6f383bd477eeef5f8376359f60d803b4ba00be545d7a826918141,561
Centered_Sensitivity_C2_v1/checkpoints/bge_m3_1024d__en_gloss_unihan__centered_sensitivity__edge.csv,a9a1e52d2e11c7deafcd6a52157fa1c885b20a84f48f0e776266f5c83e8d3698,2549355
Centered_Sensitivity_C2_v1/checkpoints/bge_m3_1024d__en_gloss_unihan__centered_sensitivity__forward.csv,4279419e7a8f69287d5ebb651008aadeac50d51f6bd929a56119c4a9c8424610,671846
Centered_Sensitivity_C2_v1/checkpoints/bge_m3_1024d__en_gloss_unihan__centered_sensitivity__inverse.csv,8f64d00957eb7fd3578ea50a0587bf0e23be5c1a0637f9265789dee66cbd1a75,831037
Centered_Sensitivity_C2_v1/checkpoints/bge_m3_1024d__en_gloss_unihan__centered_sensitivity__learning.csv,950e727e3d8090024824b75c1e32ebaa4892ed997a2ea704948f242b8afa690b,1408896
Centered_Sensitivity_C2_v1/checkpoints/bge_m3_1024d__en_gloss_unihan__centered_sensitivity__null.csv,7af436f7745911fa42455c8e92da4136861a0452c3bbf778d3b8fd3150c33aab,3794190
Centered_Sensitivity_C2_v1/checkpoints/bge_m3_1024d__en_gloss_unihan__centered_sensitivity__prototypes.npz,ce380a41376aee02bb8a8eec6eee2c1dffc9ce8b9a27ede7d3674cf4bf8e0b18,1001522
Centered_Sensitivity_C2_v1/checkpoints/bge_m3_1024d__en_gloss_unihan__centered_sensitivity__relation.csv,e9a47cd0f7811854f189a899c17fca15d11c18d3773c77af0e97318d93612ef4,42122
Centered_Sensitivity_C2_v1/checkpoints/bge_m3_1024d__en_gloss_unihan__centered_sensitivity__residual.csv,47a3af1066c137e6c2d3b69ca856b230a27dbe4f28ea2d17571c9a2c969b7344,90002
Centered_Sensitivity_C2_v1/checkpoints/bge_m3_1024d__zh_char__centered_sensitivity__complete.json,51600a09048a0e0c5fd2c75bdd96a5878c270c0c57178c98150395dcbe0d1de2,329
Centered_Sensitivity_C2_v1/checkpoints/bge_m3_1024d__zh_char__centered_sensitivity__control.csv,db5cd0a13e5c623ea7e8608f52a9af9849c8a259a6ed1c0d4caa925a7e624671,2709682
Centered_Sensitivity_C2_v1/checkpoints/bge_m3_1024d__zh_char__centered_sensitivity__coverage.csv,601bc7fbc5b0193fc3e29b99442da544aecf8316f4aa4605556e80fdd96da595,554
Centered_Sensitivity_C2_v1/checkpoints/bge_m3_1024d__zh_char__centered_sensitivity__edge.csv,afb0c160e754fdbcf315496931f21bc13bdc51c0e4168afffab4169ea80116ca,2803576
Centered_Sensitivity_C2_v1/checkpoints/bge_m3_1024d__zh_char__centered_sensitivity__forward.csv,7475de676069486bbfd34a654f8f906722a2e0f0e24876e473283d1a962c14f5,725616
Centered_Sensitivity_C2_v1/checkpoints/bge_m3_1024d__zh_char__centered_sensitivity__inverse.csv,ba14334cf0af3c82d639897e83a9dbc0606eb96502aeeadac6f646867ce55b59,883731
Centered_Sensitivity_C2_v1/checkpoints/bge_m3_1024d__zh_char__centered_sensitivity__learning.csv,9eb9594ca1a19bc5928f4ef9ec5d16a87eb31deb64981ec6e271201548cfd70a,1338501
Centered_Sensitivity_C2_v1/checkpoints/bge_m3_1024d__zh_char__centered_sensitivity__null.csv,7a9017f2ee990e659b3974e2a30c5526e3e1f917e6a6c0acf282ecc4951aeab0,3626034
Centered_Sensitivity_C2_v1/checkpoints/bge_m3_1024d__zh_char__centered_sensitivity__prototypes.npz,7fb809638d32bb4bfcdfda854e7376f4dfa5dbc7f560f58f3c24a61a43944932,1049353
Centered_Sensitivity_C2_v1/checkpoints/bge_m3_1024d__zh_char__centered_sensitivity__relation.csv,bf69b1bbad71873db0d2992236bf5ee9e6e0bd11fdd79ebe5441dd8d7768a592,43241
Centered_Sensitivity_C2_v1/checkpoints/bge_m3_1024d__zh_char__centered_sensitivity__residual.csv,5aa5ee812153537f07ce8e8882942e6b454e6704784151e8c9cfde5c769f8a97,87207
Centered_Sensitivity_C2_v1/checkpoints/gte_multilingual_base_768d__cn_def__centered_sensitivity__complete.json,9b00b7eb4acf54c2e17fa19a31979029b35dc2eb3b55cfd31f2ef248e8f85658,342
Centered_Sensitivity_C2_v1/checkpoints/gte_multilingual_base_768d__cn_def__centered_sensitivity__control.csv,d156c5d7761c409835c90e3d25effb8a83655001957e47f8e877009078dedc12,1719676
Centered_Sensitivity_C2_v1/checkpoints/gte_multilingual_base_768d__cn_def__centered_sensitivity__coverage.csv,a00bb2fbbaa6a609007abe4753c5644589ec8106f5e26549182e4aad3ae91732,565
Centered_Sensitivity_C2_v1/checkpoints/gte_multilingual_base_768d__cn_def__centered_sensitivity__edge.csv,3f9c1401f2217f808736e7ac7809416cdf09be4f75014cd585cb1b558f8967da,1665055
Centered_Sensitivity_C2_v1/checkpoints/gte_multilingual_base_768d__cn_def__centered_sensitivity__forward.csv,1d097957af93076d949da06c01dffd64a8b0c9dd15de81535585af981a30627a,439916
Centered_Sensitivity_C2_v1/checkpoints/gte_multilingual_base_768d__cn_def__centered_sensitivity__inverse.csv,223fd4834ad706917b9f6c3218f5fb2aac6f5a41f2cbfdecf8dcc260c90bd72f,543602
Centered_Sensitivity_C2_v1/checkpoints/gte_multilingual_base_768d__cn_def__centered_sensitivity__learning.csv,94e16ecb1e77d10e29ed6b3f5aa29e27b68e2513ac1c922e1330d2019123367e,1261989
Centered_Sensitivity_C2_v1/checkpoints/gte_multilingual_base_768d__cn_def__centered_sensitivity__null.csv,33c30f31dc555367261344248aeb5eac4540741f1050ec81900e86d2b3bbd93a,3429367
Centered_Sensitivity_C2_v1/checkpoints/gte_multilingual_base_768d__cn_def__centered_sensitivity__prototypes.npz,f7c67bf58d13df1bd8e538e330b5148fc30d3964e1d5f15818269125371c6ae1,681913
Centered_Sensitivity_C2_v1/checkpoints/gte_multilingual_base_768d__cn_def__centered_sensitivity__relation.csv,f133d3c37e9497aef5a0d9a2a491ad8645ec8219734aa66d1e35b629ff3ae5a8,37856
Centered_Sensitivity_C2_v1/checkpoints/gte_multilingual_base_768d__cn_def__centered_sensitivity__residual.csv,ec98f2b3dd4e861c3ab65a06e51e79045572c79e30b529856f9117ab3b7f1dae,74834
Centered_Sensitivity_C2_v1/checkpoints/gte_multilingual_base_768d__en_def_translated_cn_def__centered_sensitivity__complete.json,0607471ffc597a2ee2a8fb55798368be6f257bc71dabfec80ae1159894fdcae8,359
Centered_Sensitivity_C2_v1/checkpoints/gte_multilingual_base_768d__en_def_translated_cn_def__centered_sensitivity__control.csv,62b660d93c6a6e61dad07cfa85370ffa5b390c4882662ad99043b25bb9ca9736,1986643
Centered_Sensitivity_C2_v1/checkpoints/gte_multilingual_base_768d__en_def_translated_cn_def__centered_sensitivity__coverage.csv,26cd6d5edf1b3c9891a253e4e6d4f79d76f704c12f494e1d1ef762cc5a264988,583
Centered_Sensitivity_C2_v1/checkpoints/gte_multilingual_base_768d__en_def_translated_cn_def__centered_sensitivity__edge.csv,38133cb82cac5874670f9905750dbb1ecd674b11cb6e86c4d4947c45526acb5e,1722707
Centered_Sensitivity_C2_v1/checkpoints/gte_multilingual_base_768d__en_def_translated_cn_def__centered_sensitivity__forward.csv,f436d22bba32ca57a47f0ab9fd55312348fc9471b40b62021164ee62db01b65c,493332
Centered_Sensitivity_C2_v1/checkpoints/gte_multilingual_base_768d__en_def_translated_cn_def__centered_sensitivity__inverse.csv,f7a235db4a2c37d01c539ffeb5039803d5e2957a5c147eeb84c5ae3a50afa570,597756
Centered_Sensitivity_C2_v1/checkpoints/gte_multilingual_base_768d__en_def_translated_cn_def__centered_sensitivity__learning.csv,dabde559cdc088c46cb5faf0a0bdc4d4ce8d3699782ac6698768e12773f90fed,1502122
Centered_Sensitivity_C2_v1/checkpoints/gte_multilingual_base_768d__en_def_translated_cn_def__centered_sensitivity__null.csv,593e07027694ecc5b6d05fcecf2827b49c1955b3ce90becdccfe4ade9462eae8,3943037
Centered_Sensitivity_C2_v1/checkpoints/gte_multilingual_base_768d__en_def_translated_cn_def__centered_sensitivity__prototypes.npz,3de6ea43669d8d0362fcd47a014528615e5576283f31c68f8c8cb3f583496344,682001
Centered_Sensitivity_C2_v1/checkpoints/gte_multilingual_base_768d__en_def_translated_cn_def__centered_sensitivity__relation.csv,1a6f2571020f940534f820cad4dd42b7aae25e403b8cd5abc29e84dde6359adc,42176
Centered_Sensitivity_C2_v1/checkpoints/gte_multilingual_base_768d__en_def_translated_cn_def__centered_sensitivity__residual.csv,238cbc8f1a9f1543eb2915cf0a790c52db221f2628ee388845a5033f03f389e1,83843
Centered_Sensitivity_C2_v1/checkpoints/gte_multilingual_base_768d__en_gloss_unihan__centered_sensitivity__complete.json,be9779433190a52bd770878fb78bbd6f8ba66ae671858248863fa4b845918675,351
Centered_Sensitivity_C2_v1/checkpoints/gte_multilingual_base_768d__en_gloss_unihan__centered_sensitivity__control.csv,f124578e10456720120202c99c09e8900b1b52457685efd73fa68f2adaed7d51,2925746
Centered_Sensitivity_C2_v1/checkpoints/gte_multilingual_base_768d__en_gloss_unihan__centered_sensitivity__coverage.csv,d8d8f87e95141bfa5727f4c0e1a7e5f86c96850005f552a39ce2b80fc5d20e71,575
Centered_Sensitivity_C2_v1/checkpoints/gte_multilingual_base_768d__en_gloss_unihan__centered_sensitivity__edge.csv,86cf5039a61ac61fa3afee9d332eafb5031e538096905fd4c4cdf8195c790c37,2619072
Centered_Sensitivity_C2_v1/checkpoints/gte_multilingual_base_768d__en_gloss_unihan__centered_sensitivity__forward.csv,ab1ed13aba083be0b0c0b979788615447bbca7a071e5d0dbdca63fec2d4bdc1c,735928
Centered_Sensitivity_C2_v1/checkpoints/gte_multilingual_base_768d__en_gloss_unihan__centered_sensitivity__inverse.csv,50ade5360ad685de8b016022d28f39e12dd61e74c8b9cd5a963def060f965fde,897434
Centered_Sensitivity_C2_v1/checkpoints/gte_multilingual_base_768d__en_gloss_unihan__centered_sensitivity__learning.csv,be0328e7235e208562c3fc8b014ce09882c83d1599bbecd3a29401778b90a448,1627125
Centered_Sensitivity_C2_v1/checkpoints/gte_multilingual_base_768d__en_gloss_unihan__centered_sensitivity__null.csv,a6e73d70e6fddae8fedd3662f37d90786756b0d1633ca658139336dfed57dc19,4255958
Centered_Sensitivity_C2_v1/checkpoints/gte_multilingual_base_768d__en_gloss_unihan__centered_sensitivity__prototypes.npz,fea51203f8d6c7c39e20829a4a8548f4e3197dfa2d19e75248ff9f699d141d44,752257
Centered_Sensitivity_C2_v1/checkpoints/gte_multilingual_base_768d__en_gloss_unihan__centered_sensitivity__relation.csv,ee8e09144394f7724919b49e11e96536c42ca6c24947ad4bce9ceefafacba1f1,45776
Centered_Sensitivity_C2_v1/checkpoints/gte_multilingual_base_768d__en_gloss_unihan__centered_sensitivity__residual.csv,5a7aa00a521166333b5b49c9aaacb0f9676a749694e0cd1e3bdf4ba7c6886c3e,98785
Centered_Sensitivity_C2_v1/checkpoints/gte_multilingual_base_768d__zh_char__centered_sensitivity__complete.json,925b63ca7b1cf30de9bb9be5f4f33caeb197f2f46b59d22f80687c09e0c31f8c,343
Centered_Sensitivity_C2_v1/checkpoints/gte_multilingual_base_768d__zh_char__centered_sensitivity__control.csv,57d386de1397f49fe30a13e40f8648b58b4f1375b535ccccb0c6de6c668815ea,3077129
Centered_Sensitivity_C2_v1/checkpoints/gte_multilingual_base_768d__zh_char__centered_sensitivity__coverage.csv,7d12e7328bde6f34063bee01fc9ac33210e5093fe07af7698d1ac7230dfe6ec9,568
Centered_Sensitivity_C2_v1/checkpoints/gte_multilingual_base_768d__zh_char__centered_sensitivity__edge.csv,bbff10d668fd8dd825241fd789f360bf55a64b4312a49e980b785ff4b9f30338,2881047
Centered_Sensitivity_C2_v1/checkpoints/gte_multilingual_base_768d__zh_char__centered_sensitivity__forward.csv,a628031f81fa22b1f7ca680e932cde53ba621d9e8af0828e8d7090dd0e351371,798642
Centered_Sensitivity_C2_v1/checkpoints/gte_multilingual_base_768d__zh_char__centered_sensitivity__inverse.csv,563eeade52ae6c2d0df77306bc27c5d853abd9126e3afef7e4e6190d683e8de3,957049
Centered_Sensitivity_C2_v1/checkpoints/gte_multilingual_base_768d__zh_char__centered_sensitivity__learning.csv,8b1fd171ea225ffbe43e325fb288f97233bfb5ae0b02d37a84ddd3be5b6ad4ff,1567626
Centered_Sensitivity_C2_v1/checkpoints/gte_multilingual_base_768d__zh_char__centered_sensitivity__null.csv,450c29e65b0c759cf9099fd4a525d2a45f5e98266356b041f8fb6a90a6ce39d6,4096799
Centered_Sensitivity_C2_v1/checkpoints/gte_multilingual_base_768d__zh_char__centered_sensitivity__prototypes.npz,3d02eda013ec75d7be4273b83595e47e6a300ec809bd8f215754feac1936b72d,788268
Centered_Sensitivity_C2_v1/checkpoints/gte_multilingual_base_768d__zh_char__centered_sensitivity__relation.csv,ba9069071e9e278ab58565d1affc35942cf8e3c0ce16355e86e3ae6e30fe03fe,46906
Centered_Sensitivity_C2_v1/checkpoints/gte_multilingual_base_768d__zh_char__centered_sensitivity__residual.csv,7f3d74983d82605047afe979635e70f0996b1433532ada3eef1fe3a110461681,96446
Centered_Sensitivity_C2_v1/checkpoints/qwen3_0.6b_1024d__cn_def__centered_sensitivity__complete.json,ac7e2306e997e2c6a268be67bcfbaca5002b40321dcf2465c5b4347fc66b78f7,331
Centered_Sensitivity_C2_v1/checkpoints/qwen3_0.6b_1024d__cn_def__centered_sensitivity__control.csv,f3dce377d0058e4d2e0d9924a6183c7f4da487afafc648b95af801405d523d61,1571445
Centered_Sensitivity_C2_v1/checkpoints/qwen3_0.6b_1024d__cn_def__centered_sensitivity__coverage.csv,71fe8dfb675711e79c5592a9651816ccee1eb602e945b6a0967ba1cdd9fc4e5c,555
Centered_Sensitivity_C2_v1/checkpoints/qwen3_0.6b_1024d__cn_def__centered_sensitivity__edge.csv,160845292df0c4945563b78a96cf06d00f5c94b95860aa3c5c0e320b12ba819c,1632499
Centered_Sensitivity_C2_v1/checkpoints/qwen3_0.6b_1024d__cn_def__centered_sensitivity__forward.csv,d81ded701a5e5ec2c117885887e74186f43355af86f8437305b14ba46000e859,409933
Centered_Sensitivity_C2_v1/checkpoints/qwen3_0.6b_1024d__cn_def__centered_sensitivity__inverse.csv,f7a91bcbad1e2c4f682e87fc21374d2513b260bb11337e183f5a98b4318cf2b6,514161
Centered_Sensitivity_C2_v1/checkpoints/qwen3_0.6b_1024d__cn_def__centered_sensitivity__learning.csv,b5562e7f9221aab430cafd82f7a1211401a98e4b4ba63da920386ae44e76533d,1128846
Centered_Sensitivity_C2_v1/checkpoints/qwen3_0.6b_1024d__cn_def__centered_sensitivity__null.csv,9408584e5ac9e4ee544660a805ad3bb3b0ebf7147c141bf8c7547e961011a625,3143873
Centered_Sensitivity_C2_v1/checkpoints/qwen3_0.6b_1024d__cn_def__centered_sensitivity__prototypes.npz,fe7aa2010f434f365f0b19f2f837d6512fb8c70c439e46372a63a4864c013f55,708095
Centered_Sensitivity_C2_v1/checkpoints/qwen3_0.6b_1024d__cn_def__centered_sensitivity__relation.csv,e8c02e89994c1f1aa8362f588f722b0ffd775a910ef37912bba0327a0e8d5602,35504
Centered_Sensitivity_C2_v1/checkpoints/qwen3_0.6b_1024d__cn_def__centered_sensitivity__residual.csv,6b8ca834fb57f58dd66ca6c6863c5acdeed4e80d543d02228afcfe8bced7122f,69826
Centered_Sensitivity_C2_v1/checkpoints/qwen3_0.6b_1024d__en_def_translated_cn_def__centered_sensitivity__complete.json,307b500a4413158e00e2a7c40e84322f065d02135a2ea809a417eee29ce1872a,349
Centered_Sensitivity_C2_v1/checkpoints/qwen3_0.6b_1024d__en_def_translated_cn_def__centered_sensitivity__control.csv,99e6c98b3b993714ade81c41a15bea34e8a85c892e0879bdeb53f29b13572711,1838133
Centered_Sensitivity_C2_v1/checkpoints/qwen3_0.6b_1024d__en_def_translated_cn_def__centered_sensitivity__coverage.csv,4e3cfe4537d9e434d2c7cca01482dfe45f852d0f3d9111336ada0dabd3017d2e,573
Centered_Sensitivity_C2_v1/checkpoints/qwen3_0.6b_1024d__en_def_translated_cn_def__centered_sensitivity__edge.csv,bedf9af52e7ff5b6f68512746edf6f232017c5d56e855b05f911acd3a4944655,1689417
Centered_Sensitivity_C2_v1/checkpoints/qwen3_0.6b_1024d__en_def_translated_cn_def__centered_sensitivity__forward.csv,24f6044868ea0808348f2e2da7e03b491a9fcb3c4251a7da9fb57fe942253424,463830
Centered_Sensitivity_C2_v1/checkpoints/qwen3_0.6b_1024d__en_def_translated_cn_def__centered_sensitivity__inverse.csv,03f19792978fa7041cd21a7f4834ddabd3619b0caaa79c8d8629ef4112519067,567935
Centered_Sensitivity_C2_v1/checkpoints/qwen3_0.6b_1024d__en_def_translated_cn_def__centered_sensitivity__learning.csv,888d27b696c9a272ac337ba3dd5baf523681491e74772fb196d7dbbfd10575e0,1368666
Centered_Sensitivity_C2_v1/checkpoints/qwen3_0.6b_1024d__en_def_translated_cn_def__centered_sensitivity__null.csv,115e374a9bec59d893d741876edf76f92ab133e26b4a775ac644f1b7f67085f5,3656791
Centered_Sensitivity_C2_v1/checkpoints/qwen3_0.6b_1024d__en_def_translated_cn_def__centered_sensitivity__prototypes.npz,1380be293e333977bbf0e3830db4d0e57f7cbaeaa80a94ae6d93e1c73913c8ef,707418
Centered_Sensitivity_C2_v1/checkpoints/qwen3_0.6b_1024d__en_def_translated_cn_def__centered_sensitivity__relation.csv,53a3685907a0f779398d2d4897992f2278402159f099a189986081d11e715f78,39820
Centered_Sensitivity_C2_v1/checkpoints/qwen3_0.6b_1024d__en_def_translated_cn_def__centered_sensitivity__residual.csv,e19e4c27185e42f04392b539fac3bd0fa8df5aa2efa41d5cea5e9c845df9db6d,78905
Centered_Sensitivity_C2_v1/checkpoints/qwen3_0.6b_1024d__en_gloss_unihan__centered_sensitivity__complete.json,14f9c78aea8046ede1a8d5459880523b7811c4db2ecb72c95c0b2210e596c258,341
Centered_Sensitivity_C2_v1/checkpoints/qwen3_0.6b_1024d__en_gloss_unihan__centered_sensitivity__control.csv,524b12dcb1723cf22620dde82898cbe5b47635c7b02b93078e0457061bd50891,2692474
Centered_Sensitivity_C2_v1/checkpoints/qwen3_0.6b_1024d__en_gloss_unihan__centered_sensitivity__coverage.csv,a905d41f6cc5e914ff92f016525d75034cea4fcdb4f43be19b89b54af1378fcd,565
Centered_Sensitivity_C2_v1/checkpoints/qwen3_0.6b_1024d__en_gloss_unihan__centered_sensitivity__edge.csv,7f994a9ba7ca76047822caf1f02e9dfbc3a50658b186e6bc349ef04c65ea6068,2566167
Centered_Sensitivity_C2_v1/checkpoints/qwen3_0.6b_1024d__en_gloss_unihan__centered_sensitivity__forward.csv,23ba5f2acde461dc3e1f037ff5b43bf2292fb7e2e5b4c61a4ab1f6e656825118,689194
Centered_Sensitivity_C2_v1/checkpoints/qwen3_0.6b_1024d__en_gloss_unihan__centered_sensitivity__inverse.csv,dda726f3fd7530c4f3825eb16e4230783c8abaddc768e038bee14e2a61ed1da4,850415
Centered_Sensitivity_C2_v1/checkpoints/qwen3_0.6b_1024d__en_gloss_unihan__centered_sensitivity__learning.csv,455895d0000b698d95e91cd7affc8a194b4f5963ff5ebb09ea2f449b4deaed8f,1470777
Centered_Sensitivity_C2_v1/checkpoints/qwen3_0.6b_1024d__en_gloss_unihan__centered_sensitivity__null.csv,70778d1749dd04e9cd399f0cf7dd639c11cbb7cdfad36007af74070ce152c924,3924470
Centered_Sensitivity_C2_v1/checkpoints/qwen3_0.6b_1024d__en_gloss_unihan__centered_sensitivity__prototypes.npz,c5e110f5c95114915407b1f9d138500ab24ecb75d8f1e47a083a529ee3039e57,791538
Centered_Sensitivity_C2_v1/checkpoints/qwen3_0.6b_1024d__en_gloss_unihan__centered_sensitivity__relation.csv,97f1b6a0ed2865ce6df1c479c96e4dc2c04a4d88c3a40ef207fa5bef94dae1ec,42842
Centered_Sensitivity_C2_v1/checkpoints/qwen3_0.6b_1024d__en_gloss_unihan__centered_sensitivity__residual.csv,855d9899485d6e9786e8e7722b85d4602abbc9f10171dc67ef5f010735259001,92387
Centered_Sensitivity_C2_v1/checkpoints/qwen3_0.6b_1024d__zh_char__centered_sensitivity__complete.json,a21686b740eee65947d24255d57b70398347a0b44d264e70ddc80f77be93ff0c,333
Centered_Sensitivity_C2_v1/checkpoints/qwen3_0.6b_1024d__zh_char__centered_sensitivity__control.csv,fa5e293ea4d6ff8ef6697c452038ffd5244ffcfd6907a6c978a51db6d010e3e5,2823542
Centered_Sensitivity_C2_v1/checkpoints/qwen3_0.6b_1024d__zh_char__centered_sensitivity__coverage.csv,ed30b24aff00e11b3e403f2039b5bd231913e732cbc84aec348162069f962abf,558
Centered_Sensitivity_C2_v1/checkpoints/qwen3_0.6b_1024d__zh_char__centered_sensitivity__edge.csv,98971a0a72c8ca7564f951ca449b007668a464613163216be2317461b4a81bf0,2831928
Centered_Sensitivity_C2_v1/checkpoints/qwen3_0.6b_1024d__zh_char__centered_sensitivity__forward.csv,6ce7280091eed7fe83063b12f9217521ea204c76c177fdc3d471a8525fa16199,744533
Centered_Sensitivity_C2_v1/checkpoints/qwen3_0.6b_1024d__zh_char__centered_sensitivity__inverse.csv,21af91239361e8a154e262f16b3884ad39b147b0b3cb65f0138e650b789c3bb4,909768
Centered_Sensitivity_C2_v1/checkpoints/qwen3_0.6b_1024d__zh_char__centered_sensitivity__learning.csv,52904977d103b7735b5052b632dc1d1d6ed79694f9d24c739762ae24abfee64e,1418660
Centered_Sensitivity_C2_v1/checkpoints/qwen3_0.6b_1024d__zh_char__centered_sensitivity__null.csv,c9e43feb0880b635668698d1f4e8fb8a18d9c0f79bd8158470ad1a413fa42b9b,3766181
Centered_Sensitivity_C2_v1/checkpoints/qwen3_0.6b_1024d__zh_char__centered_sensitivity__prototypes.npz,8acc2229e727ca980b675d0345a153d11ac4e097861f2ff9f0dd9c62216eb91d,833641
Centered_Sensitivity_C2_v1/checkpoints/qwen3_0.6b_1024d__zh_char__centered_sensitivity__relation.csv,c41941d7b0f62c613dfd5a000908ea5741a97df172170b3ac5dd411989e21e9a,44257
Centered_Sensitivity_C2_v1/checkpoints/qwen3_0.6b_1024d__zh_char__centered_sensitivity__residual.csv,62c65026723f10608dcf568acb02516af419d3cf403e3a3a4be9c27ccd25d056,90216
Centered_Sensitivity_C2_v1/checkpoints/qwen3_4b_2560d_int8__cn_def__centered_sensitivity__complete.json,16f79e53997382e7694bf58f35249ee7cba60d92de3e775ff1e50a8a40c2d96e,334
Centered_Sensitivity_C2_v1/checkpoints/qwen3_4b_2560d_int8__cn_def__centered_sensitivity__control.csv,3d9ac9bd730b2b367115445d6829faaefdf54737cadc6e69c0dd980f300b8508,1616398
Centered_Sensitivity_C2_v1/checkpoints/qwen3_4b_2560d_int8__cn_def__centered_sensitivity__coverage.csv,227c2f87499fbcd142d5773af4c92f2797e6705d382a2a8b01fb4f51db64ed61,558
Centered_Sensitivity_C2_v1/checkpoints/qwen3_4b_2560d_int8__cn_def__centered_sensitivity__edge.csv,f3c62b0a0c25b87ff94a1050d47674a355ae0f43708ffacd4af3788a5ba392d2,1642365
Centered_Sensitivity_C2_v1/checkpoints/qwen3_4b_2560d_int8__cn_def__centered_sensitivity__forward.csv,01b0991d8184171ecf2de621e3f7d5164ed73cbe4feb0769618feb3b84988aed,418579
Centered_Sensitivity_C2_v1/checkpoints/qwen3_4b_2560d_int8__cn_def__centered_sensitivity__inverse.csv,fe971a518d648389c8c14f74c5ea7c845fbcad297633cf5cac5742bde20795b5,523466
Centered_Sensitivity_C2_v1/checkpoints/qwen3_4b_2560d_int8__cn_def__centered_sensitivity__learning.csv,da9a22a17aec1370c46d4713f53ef4385d6a8485d27cee7ea1e8493a9019a9a8,1169691
Centered_Sensitivity_C2_v1/checkpoints/qwen3_4b_2560d_int8__cn_def__centered_sensitivity__null.csv,d65a575e44ffc904d79adcc690fe4b0c8f96e73186f8f6e99e1c69ce9c6b5b75,3230387
Centered_Sensitivity_C2_v1/checkpoints/qwen3_4b_2560d_int8__cn_def__centered_sensitivity__prototypes.npz,bdbf5e3eb160b0ec457d8e39fd0dcb52b4e3cf9ea9f3fea9d7122f9dee8e662f,1731009
Centered_Sensitivity_C2_v1/checkpoints/qwen3_4b_2560d_int8__cn_def__centered_sensitivity__relation.csv,06f40d35e729febc444b63c878f8246dbb9112a236109446b6fcfac268513790,36471
Centered_Sensitivity_C2_v1/checkpoints/qwen3_4b_2560d_int8__cn_def__centered_sensitivity__residual.csv,155fd5e5ae0fc0ed046d575b203b1d9e7690e122fb2360b4a5d613795681ad18,71428
Centered_Sensitivity_C2_v1/checkpoints/qwen3_4b_2560d_int8__en_def_translated_cn_def__centered_sensitivity__complete.json,713046268f78c89508d2be74c078b40770f07c2a9fddf4473ce107d8c69e87ae,352
Centered_Sensitivity_C2_v1/checkpoints/qwen3_4b_2560d_int8__en_def_translated_cn_def__centered_sensitivity__control.csv,9d3828dcd6d3406fe32ef9af61d9e55ab9c24828a8d31539dcb7639c95377bc8,1883323
Centered_Sensitivity_C2_v1/checkpoints/qwen3_4b_2560d_int8__en_def_translated_cn_def__centered_sensitivity__coverage.csv,903d725fb0a0470dd0906a5e191a98fed48ca7bd25bff8d8326ee3f14017d843,576
Centered_Sensitivity_C2_v1/checkpoints/qwen3_4b_2560d_int8__en_def_translated_cn_def__centered_sensitivity__edge.csv,62f908604b79ee999ca330179ca3e21a6ecce41c6138279fb076e1b9ffd5d3fe,1699765
Centered_Sensitivity_C2_v1/checkpoints/qwen3_4b_2560d_int8__en_def_translated_cn_def__centered_sensitivity__forward.csv,ceda8fcc4578d3ce3f307d9a1dfbf5bc74fad3f671f9f298d3a78bfaba3dd50d,472284
Centered_Sensitivity_C2_v1/checkpoints/qwen3_4b_2560d_int8__en_def_translated_cn_def__centered_sensitivity__inverse.csv,c5e7fa451305aeaeb068a73ef7dcb05a2cfc9522a44b1c582298efa717b3eac8,577186
Centered_Sensitivity_C2_v1/checkpoints/qwen3_4b_2560d_int8__en_def_translated_cn_def__centered_sensitivity__learning.csv,77a1df1746472ea41e000ce1732007dc702abe822568ccc1ff7fee76e390f3dd,1409348
Centered_Sensitivity_C2_v1/checkpoints/qwen3_4b_2560d_int8__en_def_translated_cn_def__centered_sensitivity__null.csv,18e463044f817ed3a764a21bf913a3bf4a7fda68ae24d5552beeb6cb8e0be0c0,3743561
Centered_Sensitivity_C2_v1/checkpoints/qwen3_4b_2560d_int8__en_def_translated_cn_def__centered_sensitivity__prototypes.npz,c528dda63efe251487dbe760532231287d2b3ac73aa098710e8c25772fd51a8b,1727013
Centered_Sensitivity_C2_v1/checkpoints/qwen3_4b_2560d_int8__en_def_translated_cn_def__centered_sensitivity__relation.csv,2f4dcaf852e82e0913c3e4c2116544797bb1044ba749cb7709cfe98c42c7b978,40454
Centered_Sensitivity_C2_v1/checkpoints/qwen3_4b_2560d_int8__en_def_translated_cn_def__centered_sensitivity__residual.csv,bf116ec59cebfa701b740192b938fe7b67c2f73bbf7cbdc16f2d2498932e1c0f,80373
Centered_Sensitivity_C2_v1/checkpoints/qwen3_4b_2560d_int8__en_gloss_unihan__centered_sensitivity__complete.json,3274855ca0f569d531aacbc11b0f9b1fc72f19f4ec68d9b140cee720ba105b2a,343
Centered_Sensitivity_C2_v1/checkpoints/qwen3_4b_2560d_int8__en_gloss_unihan__centered_sensitivity__control.csv,d065cbb6c03b7e779a38bf4504d3c02f49ad8c1b9bbc30aae322eb945595023c,2762953
Centered_Sensitivity_C2_v1/checkpoints/qwen3_4b_2560d_int8__en_gloss_unihan__centered_sensitivity__coverage.csv,b67796fc51444fc8f212f63ededd61a6caf8e4230016b9edd41b31f6737a2d8a,568
Centered_Sensitivity_C2_v1/checkpoints/qwen3_4b_2560d_int8__en_gloss_unihan__centered_sensitivity__edge.csv,ca0f44fa63e79d3a8d416c79bf84733da3a62201f0c21831773d5f247495c40b,2582969
Centered_Sensitivity_C2_v1/checkpoints/qwen3_4b_2560d_int8__en_gloss_unihan__centered_sensitivity__forward.csv,106cf00d4be177b842b47dd1f962fa225b67d37edbb1e9ee5c5920c3a36a9d3b,702674
Centered_Sensitivity_C2_v1/checkpoints/qwen3_4b_2560d_int8__en_gloss_unihan__centered_sensitivity__inverse.csv,d5b38a5e3be401702261a9238afe6a2c69a6e9aa649c5e489f7dc63cd0349d1d,864856
Centered_Sensitivity_C2_v1/checkpoints/qwen3_4b_2560d_int8__en_gloss_unihan__centered_sensitivity__learning.csv,d4c4d3e3f5a2dcd7d165e706ca1787d12275f30a780329137d6868cea4338fe7,1517904
Centered_Sensitivity_C2_v1/checkpoints/qwen3_4b_2560d_int8__en_gloss_unihan__centered_sensitivity__null.csv,77ad07d07deec90e4e9bb45630146302212daedfb43f601bf3a3f3ee4a5d41e1,4024538
Centered_Sensitivity_C2_v1/checkpoints/qwen3_4b_2560d_int8__en_gloss_unihan__centered_sensitivity__prototypes.npz,96a8c2a7ea4121a805d351fca59e5d6fba3da00a743e9e1b8eb12dc6b41767ef,1936391
Centered_Sensitivity_C2_v1/checkpoints/qwen3_4b_2560d_int8__en_gloss_unihan__centered_sensitivity__relation.csv,d00989d0c66411f95a25673ebd952bd8b7529ae98875cc9400d46868a18201bf,44184
Centered_Sensitivity_C2_v1/checkpoints/qwen3_4b_2560d_int8__en_gloss_unihan__centered_sensitivity__residual.csv,3c38bc412c4da008314aa7dbc73219090b6779cabade6d6f4ef86ded1128df1f,94414
Centered_Sensitivity_C2_v1/checkpoints/qwen3_4b_2560d_int8__zh_char__centered_sensitivity__complete.json,6fd1e40e574ca37dd699d914b4420e18d18fb253287f1bb6a6a94fa686c3f636,335
Centered_Sensitivity_C2_v1/checkpoints/qwen3_4b_2560d_int8__zh_char__centered_sensitivity__control.csv,146efa14735c819f0e845d5dd9a4b30b12cec91683842bb060151ca5ef062ecd,2903013
Centered_Sensitivity_C2_v1/checkpoints/qwen3_4b_2560d_int8__zh_char__centered_sensitivity__coverage.csv,702c692bea3c1127e7046e2cc0751fbba776d8c0c4aa610abca1eb79921800f4,561
Centered_Sensitivity_C2_v1/checkpoints/qwen3_4b_2560d_int8__zh_char__centered_sensitivity__edge.csv,0d65ca268db02ca1a20820e23d154cf1755d13cb2d7a2a852d7be00fd7982c91,2852372
Centered_Sensitivity_C2_v1/checkpoints/qwen3_4b_2560d_int8__zh_char__centered_sensitivity__forward.csv,d72aa40a6598fcc569ac34501e9069faf2182993ef01378e0830a7cb801ff8f8,754104
Centered_Sensitivity_C2_v1/checkpoints/qwen3_4b_2560d_int8__zh_char__centered_sensitivity__inverse.csv,c09c384f6a4d1b57af6f464a9dd3cee5674cc4a0fa4b6c7c3cccd02d4a3a4292,922943
Centered_Sensitivity_C2_v1/checkpoints/qwen3_4b_2560d_int8__zh_char__centered_sensitivity__learning.csv,72fd3b1afed3f242fcfb87feded3cdaa4694c698907689d9d049aa288745d4af,1467176
Centered_Sensitivity_C2_v1/checkpoints/qwen3_4b_2560d_int8__zh_char__centered_sensitivity__null.csv,26d076de132776134051b0cf9af4375b1cee1bef36ccba466ee9c0ae87d8ebf9,3869890
Centered_Sensitivity_C2_v1/checkpoints/qwen3_4b_2560d_int8__zh_char__centered_sensitivity__prototypes.npz,50b36855eda8922f48890012c7028c887de49da47f0fd1a6c3444f92894d9b47,2033991
Centered_Sensitivity_C2_v1/checkpoints/qwen3_4b_2560d_int8__zh_char__centered_sensitivity__relation.csv,bab2511072eab3e80888fb5cb0b1856308d35053ddb30593cbce5a1b64bead70,45778
Centered_Sensitivity_C2_v1/checkpoints/qwen3_4b_2560d_int8__zh_char__centered_sensitivity__residual.csv,132c09a36980787264778165ce53be4a1b23773ae3e83de953fd769332490bd6,91961
Centered_Sensitivity_C2_v1/cross_channel_relation_summary_v5.csv,d75c1cce08c39251de0a35b31e27a890312e4a6031941ece252d470437751b84,57786
Centered_Sensitivity_C2_v1/cross_language_relation_summary_v5.csv,01ba4719c80b6fe911b091a7c05124b64eeece964e09c058ef8f9805daca546b,1
Centered_Sensitivity_C2_v1/cross_model_relation_summary_v5.csv,f1640388a16409be55f1e6c63559328879234e56753a8d7abcdf5a321ed58a96,69494
Centered_Sensitivity_C2_v1/diagnostic_identification_cases_v5.csv,f2846059ecda4c2da0b92b760894046a57edd79a0ec47056d045623ffb602faf,429102
Centered_Sensitivity_C2_v1/edge_offset_scores_v5.csv,faf9716063a2ae1aa795206280fe45bc4f5744ad3415bf2e61c2fcc438445efd,34817343
Centered_Sensitivity_C2_v1/forward_analogy_retrieval_v5.csv,cb19d97830f28b255b111e226de8267eaea2bcb3f166fe7008f015f9b2e58e29,9363563
Centered_Sensitivity_C2_v1/input_fingerprints_v5.json,7d294d95ae19b4e74c75a74ff3f23876e5889bab32e42a58f618b3cbf169500f,3017
Centered_Sensitivity_C2_v1/inverse_anchor_recovery_v5.csv,541e01d1ec959ec07ea1d428b789f40a57597e5758b2869d8fbfb92efe98e56e,11334267
Centered_Sensitivity_C2_v1/matched_control_results_v5.csv,cd7a93f3807b9acc9e3733d2580fd7129dd5eeea131c57710fc3eb0ac11fde7a,36084975
Centered_Sensitivity_C2_v1/matched_cross_channel_inverse_recall_v5.csv,fbbd120acc30aa6747898299154ecd056fc6ff7c4259191187e9c68cd67d2c3e,3128
Centered_Sensitivity_C2_v1/matched_subset_relation_summary_v5.csv,01ba4719c80b6fe911b091a7c05124b64eeece964e09c058ef8f9805daca546b,1
Centered_Sensitivity_C2_v1/null_model_results_v5.csv,d3d9d6800d0861c32c33e189870061bb6c57a346fc607412dd5d5a325bfef8dd,58271944
Centered_Sensitivity_C2_v1/plots/diagnostic_baseline_to_offset_rank.png,e3de8ba79003fbc1304e689f378d35123e9d83b9e48a10c42195538e9610a09a,1133988
Centered_Sensitivity_C2_v1/plots/family_residual_improvement.png,137cd7400114e694d518a58ea13b8c98a719ed82f2d417a58c3465c812bcdf66,30752
Centered_Sensitivity_C2_v1/plots/forward_recall_at_1_baseline_vs_offset.png,8e71c1e52abf61964c266d2801002423ce73662f46f5e3630e6a8e960801f946,94764
Centered_Sensitivity_C2_v1/plots/inverse_median_rank_baseline_vs_offset.png,727ee0bd37d6eab8c774560023835b42f059869490c3f896c4afb64a3b1b2920,102107
Centered_Sensitivity_C2_v1/plots/inverse_rank_change_distribution.png,bbd0c38daeb3f928d6564eab3660e81ad1552094013a3c7aecf255b67b36a1ae,32316
Centered_Sensitivity_C2_v1/plots/inverse_recall_at_1_baseline_vs_offset.png,53729c8e5ae301d0edb6be0c1619086e7f6aeb7c5869fe769f339f17a9b2d0b2,99838
Centered_Sensitivity_C2_v1/plots/inverse_recall_at_5_10_baseline_vs_offset.png,f82beec20bd38604343e84db2e104cece4201bf26033f44acca5b393893c86a5,160440
Centered_Sensitivity_C2_v1/plots/matched_cross_channel_inverse_recall_at_1.png,4af8f0f360b2d46be7a987a19e12c0773df3e90057f09b4a4960571a22d77f0d,57327
Centered_Sensitivity_C2_v1/plots/model_channel_retrieval_comparison.png,3fc3844a69e57fcfa97785b47631369b16a5bb7328c287ba66ba35e46436ae5c,93519
Centered_Sensitivity_C2_v1/plots/relation_learning_curves.png,84c96897fecc5aeabd3f6c1964e2e46216a8fd886395a647cea1c81ebc54e0ae,109620
Centered_Sensitivity_C2_v1/plots/support_sensitivity_inverse_recall_at_1.png,1c91cf1e2de377bf4f324bbfd01e870c1d3263e7c43ee33e81771cde19ed3372,124514
Centered_Sensitivity_C2_v1/plots/within_relation_vs_null_offset_cosine.png,08852c7c58d0d6d879103af7dda22e5c65ac87d4109f47284d85b499e6905949,32628
Centered_Sensitivity_C2_v1/raw_offset_QC_v5.md,849c737e0102e198da52f3b10b7cbc8d4f466be3b2997dfb2c7eae37ccc2fba4,1928
Centered_Sensitivity_C2_v1/raw_offset_method_manifest_v5.json,9ec088a76c2d5ad600e31727070a44e3749bdda667b91dea7d1be5258dd3cb82,2402
Centered_Sensitivity_C2_v1/relation_learning_curves_v5.csv,611143abb225c1a9d70b3f638a2bbe34fd1f40ccb49881f42d0d63c3ca1bfc56,21813660
Centered_Sensitivity_C2_v1/residual_family_coherence_v5.csv,81488a938fa21da64e2868582653d3de1b6681b82255b043fc79df3c62f55dd3,1291980
Centered_Sensitivity_C2_v1/retrieval_identification_summary_v5.csv,0390d99d2d6aefcfc9f406714179e1acb958b84c28602c0b5819ab4ab31da954,27835
Centered_Sensitivity_C2_v1/semantic_relation_prototypes_v5.npz,875fee667f6637af289ee2db82741f9f1fa35307bae499e431d51a93894ea5d5,17242724
Centered_Sensitivity_C2_v1/semantic_relation_summary_v5.csv,3c5a39f10dc680c3d46429412f9f4add29ba19f5055305f1db94db8779cb5ac9,636423
Centered_Sensitivity_D_v1/checkpoints/bge_m3_1024d__cn_def__centered_sensitivity__complete.json,55c5c94847a27bbb32c707fa5f925342a71cec18cfa081774fe3204f0c5589c2,313
Centered_Sensitivity_D_v1/checkpoints/bge_m3_1024d__cn_def__centered_sensitivity__coverage.csv,970b924f5172fef0ad8692067e2ffe7825ae2f732707e50b5e0ef261300b6602,490
Centered_Sensitivity_D_v1/checkpoints/bge_m3_1024d__cn_def__centered_sensitivity__retrieval.csv,a1baedacd9aa13eca9aa716f9c38b3a5612818afc27693ae444ec767f9c2ac49,746491
Centered_Sensitivity_D_v1/checkpoints/bge_m3_1024d__en_def_translated_cn_def__centered_sensitivity__complete.json,344d69474ac8c95df47d5382887a8638fe412072bfe1be1034a19b0d641819e7,331
Centered_Sensitivity_D_v1/checkpoints/bge_m3_1024d__en_def_translated_cn_def__centered_sensitivity__coverage.csv,8432d08912db5d01f22df800f60d69649520a3e648171de4fd57c1d84eedb464,508
Centered_Sensitivity_D_v1/checkpoints/bge_m3_1024d__en_def_translated_cn_def__centered_sensitivity__retrieval.csv,7eb8bd89ec37a2fd04bc920740a9193c7b96129a189c66740e12f33bf114081f,834257
Centered_Sensitivity_D_v1/checkpoints/bge_m3_1024d__en_gloss_unihan__centered_sensitivity__complete.json,bd94fb216c0951add23db1c6aa1cefd00dfab88657027ff1c7ffbd6caf8ff8b7,322
Centered_Sensitivity_D_v1/checkpoints/bge_m3_1024d__en_gloss_unihan__centered_sensitivity__coverage.csv,6eb565314a55944a19139c4cb84f45c424a4bae086b87293647b8984193668ca,498
Centered_Sensitivity_D_v1/checkpoints/bge_m3_1024d__en_gloss_unihan__centered_sensitivity__retrieval.csv,be8fcc988e727c98dd279beb09f1b0bf824f70fdb3badf472afd278fac021acc,1383634
Centered_Sensitivity_D_v1/checkpoints/bge_m3_1024d__zh_char__centered_sensitivity__complete.json,a1663a0e54b1bd6a9067284faa07456b2b9d1b0c64f3de2b6c530937b924ed9d,314
Centered_Sensitivity_D_v1/checkpoints/bge_m3_1024d__zh_char__centered_sensitivity__coverage.csv,d301d6505c6ddf800227fa2467c08223aa6f3812e02726c5390ba8b8803e18d5,491
Centered_Sensitivity_D_v1/checkpoints/bge_m3_1024d__zh_char__centered_sensitivity__retrieval.csv,998f17c99ff3ae53332ea5b9ff49fc1d9a6657a0003bec293313d0c1d36062b3,1508386
Centered_Sensitivity_D_v1/checkpoints/gte_multilingual_base_768d__cn_def__centered_sensitivity__complete.json,052dffdcb64649d9054d749dfcc2c6aa503b2101f6805bda9d6d3ba3d1eeccfb,327
Centered_Sensitivity_D_v1/checkpoints/gte_multilingual_base_768d__cn_def__centered_sensitivity__coverage.csv,ccc5346dd27d50b3ab50c0d703bc34aab6e8b92d1af74e66bb9c30044478adb5,504
Centered_Sensitivity_D_v1/checkpoints/gte_multilingual_base_768d__cn_def__centered_sensitivity__retrieval.csv,4b1b62c5fd2f0bfead942c31a3eb7f98bbff64fced917507835f43323ca755d2,811876
Centered_Sensitivity_D_v1/checkpoints/gte_multilingual_base_768d__en_def_translated_cn_def__centered_sensitivity__complete.json,8e0a794f23b31ce12ac2f2cba26cf6017f474aa4494d2e2279729c84a47bf642,345
Centered_Sensitivity_D_v1/checkpoints/gte_multilingual_base_768d__en_def_translated_cn_def__centered_sensitivity__coverage.csv,c2a5edef230ac1a26df6c5ec35c2e2ea1c5d16ddeb9f4450d32b9666d0cb0393,522
Centered_Sensitivity_D_v1/checkpoints/gte_multilingual_base_768d__en_def_translated_cn_def__centered_sensitivity__retrieval.csv,949e8498b3e2557ec0479af57c0e9030036390aca3a0131850bed8321755fa07,898752
Centered_Sensitivity_D_v1/checkpoints/gte_multilingual_base_768d__en_gloss_unihan__centered_sensitivity__complete.json,a6651a7fe79d0edeca9d90eaf921e56bed8c3b356dac78fdc2422858341e9ff2,336
Centered_Sensitivity_D_v1/checkpoints/gte_multilingual_base_768d__en_gloss_unihan__centered_sensitivity__coverage.csv,a4df96f040abaebd67d770146df47a19dc6e7c86f132bbdf93d8ca57ea16fbbd,512
Centered_Sensitivity_D_v1/checkpoints/gte_multilingual_base_768d__en_gloss_unihan__centered_sensitivity__retrieval.csv,4b5b5e80b611bcf3eb336e85e6a6b4da9211af2e34b8b1387169b871007e7567,1497454
Centered_Sensitivity_D_v1/checkpoints/gte_multilingual_base_768d__zh_char__centered_sensitivity__complete.json,f31e383eaff2c517c7e949282cccfcd8df72c60be93f03231fa434ebdd6959de,328
Centered_Sensitivity_D_v1/checkpoints/gte_multilingual_base_768d__zh_char__centered_sensitivity__coverage.csv,f7221ab794ced589e80cb00318beb7a1c77115c3d522319b5361f399f29408c3,505
Centered_Sensitivity_D_v1/checkpoints/gte_multilingual_base_768d__zh_char__centered_sensitivity__retrieval.csv,45504f42e285c726aff2056ec9e4f5069a6de8e3c39ba0411ec117ecaf5b5d78,1639363
Centered_Sensitivity_D_v1/checkpoints/qwen3_0.6b_1024d__cn_def__centered_sensitivity__complete.json,8fbede63a89b93abce4e40914e06c1c7e5392ecbc4277a7742f5b2b5a049728b,317
Centered_Sensitivity_D_v1/checkpoints/qwen3_0.6b_1024d__cn_def__centered_sensitivity__coverage.csv,5999e361f7996a8f8882fcc952fe5afbe86f2dbb306cc4c582228d8ea3e003b7,494
Centered_Sensitivity_D_v1/checkpoints/qwen3_0.6b_1024d__cn_def__centered_sensitivity__retrieval.csv,215edb1a03fb299bc39b4763c5bc3e3f1ed75f6995f86c315b4f847c6fbf7297,764606
Centered_Sensitivity_D_v1/checkpoints/qwen3_0.6b_1024d__en_def_translated_cn_def__centered_sensitivity__complete.json,4f03b9d68215dc36129725a6e72733cbcac934abf21de779182c16ed74ce29b3,335
Centered_Sensitivity_D_v1/checkpoints/qwen3_0.6b_1024d__en_def_translated_cn_def__centered_sensitivity__coverage.csv,116c875ada6bc8c0b7138600879ea4673c4ef9ffd475829d709edb8f449b313c,512
Centered_Sensitivity_D_v1/checkpoints/qwen3_0.6b_1024d__en_def_translated_cn_def__centered_sensitivity__retrieval.csv,0523a4f153c821d9754fd720035da2d187aa26eb93ce76b231632256b02fa654,851843
Centered_Sensitivity_D_v1/checkpoints/qwen3_0.6b_1024d__en_gloss_unihan__centered_sensitivity__complete.json,0912e4c0184ae9c016eb338189c3527940eb17e2186e03283cdfccb1b95be532,326
Centered_Sensitivity_D_v1/checkpoints/qwen3_0.6b_1024d__en_gloss_unihan__centered_sensitivity__coverage.csv,25bbd288cd80c0b5b38cf72b7e7b6f9b5669d5489e4e9fbc80a1e783ca95b3fd,502
Centered_Sensitivity_D_v1/checkpoints/qwen3_0.6b_1024d__en_gloss_unihan__centered_sensitivity__retrieval.csv,8138c7cdffbc77189699ee9dddad3d967148afc17e9ada9d6e62defe880e957c,1415646
Centered_Sensitivity_D_v1/checkpoints/qwen3_0.6b_1024d__zh_char__centered_sensitivity__complete.json,56498d9ec9fabadc10e276a166ac4630db8869e354911367b5f2dc7d10a21137,318
Centered_Sensitivity_D_v1/checkpoints/qwen3_0.6b_1024d__zh_char__centered_sensitivity__coverage.csv,926ddb2e8abf6affc4a1caaab2c2f857a20b3a4726892df4668251a32d178dc2,495
Centered_Sensitivity_D_v1/checkpoints/qwen3_0.6b_1024d__zh_char__centered_sensitivity__retrieval.csv,545d182fd6e3f669a3a0852e10d032bca855a7a46c375c716e97b860e12cb2a1,1533148
Centered_Sensitivity_D_v1/checkpoints/qwen3_4b_2560d_int8__cn_def__centered_sensitivity__complete.json,e2ab4deb683476aa3870cd4c6d83050301e41719eb78a8eb8aeabd953d793fe9,320
Centered_Sensitivity_D_v1/checkpoints/qwen3_4b_2560d_int8__cn_def__centered_sensitivity__coverage.csv,4ac5a71722af12e8cb3a720b5124818a0fa8c3d3cede64f218ce2d842dfe5ef2,497
Centered_Sensitivity_D_v1/checkpoints/qwen3_4b_2560d_int8__cn_def__centered_sensitivity__retrieval.csv,5b6799d3e09f9cc689174dc17b3e459075758e5aa5c483ed5cfac70719aedbff,778545
Centered_Sensitivity_D_v1/checkpoints/qwen3_4b_2560d_int8__en_def_translated_cn_def__centered_sensitivity__complete.json,04356230d8c2adc5983ef3a0ab0d375b065d0768fdde56947f05dc994b37948a,338
Centered_Sensitivity_D_v1/checkpoints/qwen3_4b_2560d_int8__en_def_translated_cn_def__centered_sensitivity__coverage.csv,36fb415ccf52b60984c583f377758856e6c1e46c0a77c808518e93f805d96331,515
Centered_Sensitivity_D_v1/checkpoints/qwen3_4b_2560d_int8__en_def_translated_cn_def__centered_sensitivity__retrieval.csv,1aa3e620fa64676b8d4a7e17a6ac525c19fc896268289e7ce96086380fb102cb,865028
Centered_Sensitivity_D_v1/checkpoints/qwen3_4b_2560d_int8__en_gloss_unihan__centered_sensitivity__complete.json,bda8b26e1a211be6875c60cf3c5f9b7b0e38e864c77e08a8d1fc0eafc55dd224,329
Centered_Sensitivity_D_v1/checkpoints/qwen3_4b_2560d_int8__en_gloss_unihan__centered_sensitivity__coverage.csv,ec6839d58cb97caf2980949e446aa656fc7068bf2e9b727d138fbffcbcb24208,505
Centered_Sensitivity_D_v1/checkpoints/qwen3_4b_2560d_int8__en_gloss_unihan__centered_sensitivity__retrieval.csv,e0dc3edac7368cd0cdc4d627e41dda91c00ea86d29ad29f2f139d214f7db707e,1436637
Centered_Sensitivity_D_v1/checkpoints/qwen3_4b_2560d_int8__zh_char__centered_sensitivity__complete.json,f8d4cb470079517f367177ba0cf183ffc6eb69806e778e03d980bc3220bbc14f,321
Centered_Sensitivity_D_v1/checkpoints/qwen3_4b_2560d_int8__zh_char__centered_sensitivity__coverage.csv,d0c9353a52ff925e5f90a03c256fc06f60fa8d030c8920678bc661e14cb5c9fd,498
Centered_Sensitivity_D_v1/checkpoints/qwen3_4b_2560d_int8__zh_char__centered_sensitivity__retrieval.csv,a80e5635f8918fc98aa7bd3192e37d6b82065b7ce3e40faf890e350f8a0aca35,1549574
Centered_Sensitivity_D_v1/p_side_centered_input_fingerprints_v1.json,1094bb4888cfeefcd4d4ad2647710400ab55e563f2e21bcd489de6ae540121ee,19232
Centered_Sensitivity_D_v1/p_side_channel_coverage_v1.csv,20a35cff37754969b42d3de74db17d69646f8a1a973d0dd3bf8d6aa6e80d8d21,2228
Centered_Sensitivity_D_v1/p_side_diagnostic_cases_v1.csv,29dd2f76ac7768e62a996f303f957dfdf17974855b5b60be244a7a446f8772ac,739639
Centered_Sensitivity_D_v1/p_side_forward_retrieval_v1.csv,a7f8655b97b5c47ca27fcf503a32aaf3baa78a7aafd51d304a6f31aba2eaed8e,18073618
Centered_Sensitivity_D_v1/p_side_retrieval_identification_summary_v1.csv,a2d52faadab358172985d1ea9804fa6b749c4dce0058ee1339e2d45b854026fa,22641
Centered_Sensitivity_D_v1/p_vs_s_side_matched_retrieval_summary_v1.csv,d52f21aad0c7c7dc85dfbc8e9fc1b59a875b5c33a28252b953aede8ac5d15199,32956
Centered_Sensitivity_D_v1/plots/01_p_side_recall_at_1.png,9e557f09ba00d39ca56c1be3bc60ffa67f0cf371ba6f7d6946689a4dca9b0126,107373
Centered_Sensitivity_D_v1/plots/02_p_side_median_rank.png,7f47ee49138122e3b2a3f05816df2fc782e060bc9db5c16e0d4b46c5ea595abe,101342
Centered_Sensitivity_D_v1/plots/03_p_side_recall_at_5_10.png,1543a2383df78cbaccd36329afafbf90657908b5d93cbe4c7e809e881f1a4139,173048
Centered_Sensitivity_D_v1/plots/04_p_side_rank_change.png,d1c5a9a6693213522afc32b3dd5d60158588ab8e6f8051aac9e7709479f251d2,35177
Centered_Sensitivity_D_v1/plots/05_matched_s_vs_p_recall_at_1_gain.png,9beb2f31373fd3354bca28ebd167c5b8479f5815f827be52560442c2189b643e,105251
Centered_Sensitivity_D_v1/plots/06_matched_s_vs_p_median_rank_improvement.png,5077ca66acadf92754c705dfb85d77ff02f9df39b8144ca8644971290e48cd7d,103728
Centered_Sensitivity_D_v1/plots/07_p_side_support_sensitivity.png,97a433e794f8a49b3f43e2ae28493df1add1adf0704c23f8a0dc92dae2cd401a,146829
Centered_Sensitivity_D_v1/plots/08_model_channel_p_side_effect_matrix.png,e61515b274037a08d35ba7f88c336359a6bdfc06a36fd9e00dcffef935c778e9,94355
Centered_Sensitivity_D_v1/plots/10_diagnostic_baseline_to_offset_rank.png,340c21b521aad542883ac0200aa3f3d7f648cce0ccd5d788d93f8f33c074bca2,1037421
centered_sensitivity_QC_v1.json,b048afe9cef2853d20db4afcc513b619dd857f676e8ccd7cb05d855e6e0582d6,331
embedding_cache_integrity_QC_v1.json,b5f524034611607fb3a3bd2cdd16e6dace2328a28a32425a23540540f57c08af,276
embedding_cache_integrity_manifest_v1.csv,e9298911a4750f1ef39ce52d9d491cb378722c296bd8ea9187d34fa6e5e8088a,7563
raw_vs_centered_C2_recall_gain_v1.png,117c1b5e19e7c4a45e87fcb3ae9114bd6ec042ae93bb1a5c377824c81574671d,103176
raw_vs_centered_C2_summary_v1.csv,4495d7aab42663f929428853afc254d93e8e8cc40fa21d0374435e4e37458ef6,72370
raw_vs_centered_D_recall_gain_v1.png,c0f99fb3ed381a99b65dbbb4d8566d576139401b8ae6594d12b38635889b5996,101288
raw_vs_centered_D_summary_v1.csv,2a050d6ffd18f750b93c5e3e95295e43e718570851ed05e000c79551d2b1ae58,57279
raw_vs_centered_P_family_effects_v1.csv,66118fc2e72f0b211705cbd592728e4105fa731c4b9818ee90a74a3e45e4a995,417353
raw_vs_centered_S_family_effects_v1.csv,9e21a0db82b48c6f5f9b461a57a7ba735989b768f1972583c8dba58c56565c63,757611
