model,channel,minimum_other_training_families,eligible_heldout_edges_raw,candidate_anchor_count_raw,candidate_character_count_raw,inverse_percent_rank_improved_raw,inverse_percent_rank_worsened_raw,inverse_top1_rescues_raw,inverse_top1_losses_raw,inverse_net_top1_gain_raw,inverse_baseline_recall_at_1_raw,inverse_baseline_recall_at_5_raw,inverse_baseline_recall_at_10_raw,inverse_baseline_mrr_raw,inverse_baseline_median_rank_raw,inverse_offset_recall_at_1_raw,inverse_offset_recall_at_5_raw,inverse_offset_recall_at_10_raw,inverse_offset_mrr_raw,inverse_offset_median_rank_raw,inverse_baseline_mean_percentile_rank_raw,inverse_offset_mean_percentile_rank_raw,forward_baseline_recall_at_1_raw,forward_baseline_recall_at_5_raw,forward_baseline_recall_at_10_raw,forward_baseline_mrr_raw,forward_baseline_median_rank_raw,forward_offset_recall_at_1_raw,forward_offset_recall_at_5_raw,forward_offset_recall_at_10_raw,forward_offset_mrr_raw,forward_offset_median_rank_raw,human_interpretation_raw,uniform_top1_reference_raw,eligible_heldout_edges_centered,candidate_anchor_count_centered,candidate_character_count_centered,inverse_percent_rank_improved_centered,inverse_percent_rank_worsened_centered,inverse_top1_rescues_centered,inverse_top1_losses_centered,inverse_net_top1_gain_centered,inverse_baseline_recall_at_1_centered,inverse_baseline_recall_at_5_centered,inverse_baseline_recall_at_10_centered,inverse_baseline_mrr_centered,inverse_baseline_median_rank_centered,inverse_offset_recall_at_1_centered,inverse_offset_recall_at_5_centered,inverse_offset_recall_at_10_centered,inverse_offset_mrr_centered,inverse_offset_median_rank_centered,inverse_baseline_mean_percentile_rank_centered,inverse_offset_mean_percentile_rank_centered,forward_baseline_recall_at_1_centered,forward_baseline_recall_at_5_centered,forward_baseline_recall_at_10_centered,forward_baseline_mrr_centered,forward_baseline_median_rank_centered,forward_offset_recall_at_1_centered,forward_offset_recall_at_5_centered,forward_offset_recall_at_10_centered,forward_offset_mrr_centered,forward_offset_median_rank_centered,human_interpretation_centered,uniform_top1_reference_centered,eligible_heldout_edges_centered_minus_raw,candidate_anchor_count_centered_minus_raw,candidate_character_count_centered_minus_raw,inverse_percent_rank_improved_centered_minus_raw,inverse_percent_rank_worsened_centered_minus_raw,inverse_top1_rescues_centered_minus_raw,inverse_top1_losses_centered_minus_raw,inverse_net_top1_gain_centered_minus_raw,inverse_baseline_recall_at_1_centered_minus_raw,inverse_baseline_recall_at_5_centered_minus_raw,inverse_baseline_recall_at_10_centered_minus_raw,inverse_baseline_mrr_centered_minus_raw,inverse_baseline_median_rank_centered_minus_raw,inverse_offset_recall_at_1_centered_minus_raw,inverse_offset_recall_at_5_centered_minus_raw,inverse_offset_recall_at_10_centered_minus_raw,inverse_offset_mrr_centered_minus_raw,inverse_offset_median_rank_centered_minus_raw,inverse_baseline_mean_percentile_rank_centered_minus_raw,inverse_offset_mean_percentile_rank_centered_minus_raw,forward_baseline_recall_at_1_centered_minus_raw,forward_baseline_recall_at_5_centered_minus_raw,forward_baseline_recall_at_10_centered_minus_raw,forward_baseline_mrr_centered_minus_raw,forward_baseline_median_rank_centered_minus_raw,forward_offset_recall_at_1_centered_minus_raw,forward_offset_recall_at_5_centered_minus_raw,forward_offset_recall_at_10_centered_minus_raw,forward_offset_mrr_centered_minus_raw,forward_offset_median_rank_centered_minus_raw,uniform_top1_reference_centered_minus_raw
bge_m3_1024d,cn_def,3,2960,1053,6039,55.43918918918919,42.46621621621622,4,5,-1,0.0118243243243243,0.0260135135135135,0.0331081081081081,0.0225020762179109,477.0,0.0114864864864864,0.025,0.0324324324324324,0.0227089842245129,469.0,0.5336476210050355,0.5388096033295653,0.006081081081081,0.0118243243243243,0.0148648648648648,0.0100210471473658,2710.0,0.0057432432432432,0.0162162162162162,0.0236486486486486,0.0151679041231451,997.0,"Across 2,960 held-out cases, the correct phonophore/source anchor was rank 1 in 1.18% before relation subtraction and 1.15% afterward.",0.0009496676163342,2960,1053,6039,55.87837837837838,41.72297297297297,2,2,0,0.0121621621621621,0.025,0.0327702702702702,0.0226764900722427,453.0,0.0121621621621621,0.0246621621621621,0.0364864864864864,0.0237105350065913,444.0,0.5538282935977803,0.5576077741239338,0.0054054054054054,0.0118243243243243,0.0155405405405405,0.0097823403549646,2617.0,0.0054054054054054,0.0158783783783783,0.0280405405405405,0.0157678204045074,760.5,"Across 2,960 held-out cases, the correct phonophore/source anchor was rank 1 in 1.22% before relation subtraction and 1.22% afterward.",0.0009496676163342,0,0,0,0.4391891891891859,-0.7432432432432492,-2,-3,1,0.0003378378378377997,-0.0010135135135134997,-0.0003378378378379038,0.000174413854331798,-24.0,0.0006756756756757,-0.0003378378378379003,0.004054054054053999,0.001001550782078399,-25.0,0.02018067259274481,0.01879817079436852,-0.0006756756756756003,0.0,0.0006756756756757,-0.0002387067924012002,-93.0,-0.00033783783783780056,-0.0003378378378379003,0.004391891891891899,0.0005999162813623022,-236.5,0.0
bge_m3_1024d,cn_def,5,2883,1053,6039,55.42837322233785,42.42108914325355,4,5,-1,0.0121401318071453,0.0267082899757197,0.0336455081512313,0.022887843974377,476.0,0.0117932708983697,0.0256677072493929,0.0329517863336801,0.0231082457908232,466.0,0.5338772982832363,0.5386822450737179,0.0062434963579604,0.0121401318071453,0.0149150190773499,0.0102036006170467,2707.0,0.0058966354491848,0.0163024627124523,0.023933402705515,0.0153516768594038,988.0,,,2883,1053,6039,55.809920221990986,41.72736732570239,2,2,0,0.0124869927159209,0.0256677072493929,0.0332986472424557,0.0230490401162941,453.0,0.0124869927159209,0.0253208463406174,0.036420395421436,0.0240928361573204,444.0,0.554023256826104,0.5579142317162757,0.0055497745404092,0.0121401318071453,0.0159556018036767,0.0099700629560739,2626.0,0.0055497745404092,0.0159556018036767,0.0284425945195976,0.0159423508061328,750.0,,,0,0,0,0.3815469996531391,-0.6937218175511646,-2,-3,1,0.0003468609087755991,-0.001040582726326799,-0.00034686090877560083,0.00016119614191709847,-23.0,0.0006937218175511999,-0.0003468609087755002,0.0034686090877558973,0.0009845903664971976,-22.0,0.020145958542867715,0.019231986642557874,-0.0006937218175511999,0.0,0.0010405827263268008,-0.00023353766097279974,-81.0,-0.00034686090877559996,-0.00034686090877559736,0.004509191814082599,0.0005906739467290006,-238.0,
bge_m3_1024d,cn_def,8,2790,1053,6039,55.55555555555556,42.22222222222222,4,5,-1,0.0125448028673835,0.0275985663082437,0.0347670250896057,0.0235212793265492,473.5,0.0121863799283154,0.0265232974910394,0.0340501792114695,0.023756483270117,461.0,0.5358640991046241,0.5413389072870246,0.0064516129032258,0.0125448028673835,0.0154121863799283,0.0105109761040123,2704.5,0.0060931899641577,0.0161290322580645,0.0236559139784946,0.0152699364327138,1004.5,,,2790,1053,6039,55.98566308243728,41.46953405017921,2,2,0,0.0129032258064516,0.0261648745519713,0.0340501792114695,0.0235079848983803,452.5,0.0129032258064516,0.0261648745519713,0.0376344086021505,0.0247234246885278,443.0,0.5545664854109599,0.5593479564441174,0.0057347670250896,0.0125448028673835,0.0164874551971326,0.0102711102957188,2624.5,0.0057347670250896,0.0154121863799283,0.0279569892473118,0.0157327803006792,760.5,,,0,0,0,0.43010752688172005,-0.7526881720430083,-2,-3,1,0.0003584229390680999,-0.0014336917562723997,-0.0007168458781361964,-1.3294428168900141e-05,-21.0,0.0007168458781362016,-0.00035842293906810166,0.0035842293906809958,0.0009669414184108015,-18.0,0.018702386306335805,0.018009049157092782,-0.0007168458781362007,0.0,0.0010752688172042998,-0.0002398658082935004,-80.0,-0.0003584229390680999,-0.0007168458781361981,0.0043010752688172026,0.00046284386796539845,-244.0,
bge_m3_1024d,en_def_translated_cn_def,3,2960,1053,6039,54.08783783783784,43.85135135135136,4,3,1,0.0101351351351351,0.0202702702702702,0.027027027027027,0.0192364731004861,503.0,0.0104729729729729,0.0206081081081081,0.0273648648648648,0.0196199365933393,490.0,0.5189873214469222,0.5232937904634672,0.0043918918918918,0.0087837837837837,0.0118243243243243,0.0076470993566025,2759.5,0.0050675675675675,0.0118243243243243,0.0199324324324324,0.0121657166609038,1220.0,"Across 2,960 held-out cases, the correct phonophore/source anchor was rank 1 in 1.01% before relation subtraction and 1.05% afterward.",0.0009496676163342,2960,1053,6039,54.391891891891895,43.817567567567565,8,5,3,0.0104729729729729,0.0202702702702702,0.0280405405405405,0.0197709316641336,471.0,0.0114864864864864,0.0206081081081081,0.031081081081081,0.0207899441988204,471.0,0.539029904429144,0.5420274123933819,0.0043918918918918,0.0077702702702702,0.0121621621621621,0.007524628783838,2758.0,0.0050675675675675,0.0131756756756756,0.0219594594594594,0.0130539739350728,970.5,"Across 2,960 held-out cases, the correct phonophore/source anchor was rank 1 in 1.05% before relation subtraction and 1.15% afterward.",0.0009496676163342,0,0,0,0.30405405405405617,-0.03378378378379665,4,2,2,0.00033783783783780143,0.0,0.0010135135135134997,0.0005344585636475017,-32.0,0.0010135135135134997,0.0,0.003716216216216199,0.0011700076054811,-19.0,0.020042582982221835,0.01873362192991468,0.0,-0.0010135135135134997,0.0003378378378377997,-0.00012247057276450028,-1.5,0.0,0.0013513513513512994,0.002027027027027003,0.0008882572741689999,-249.5,0.0
bge_m3_1024d,en_def_translated_cn_def,5,2883,1053,6039,54.075615678113074,43.84321886923344,4,3,1,0.0100589663544918,0.0204647936177592,0.0274020117932708,0.0192873677752073,501.0,0.0104058272632674,0.0208116545265348,0.0277488727020464,0.0196907066882299,489.0,0.5199121901167061,0.5235496136391513,0.0045091918140825,0.0090183836281651,0.0117932708983697,0.0077747377488378,2755.0,0.0052029136316337,0.0121401318071453,0.0204647936177592,0.012359883253262,1200.0,,,2883,1053,6039,54.45716267776621,43.73916059660076,8,5,3,0.0104058272632674,0.0204647936177592,0.028095733610822,0.0198183388753163,471.0,0.0114464099895941,0.0208116545265348,0.0315643426985778,0.0208833524887552,474.0,0.5393172774979591,0.5417884966151386,0.0045091918140825,0.0079778009018383,0.0121401318071453,0.0076433850754239,2752.0,0.0052029136316337,0.0135275754422476,0.0225459590704127,0.0132292556712703,961.0,,,0,0,0,0.3815469996531391,-0.10405827263267753,4,2,2,0.00034686090877560083,0.0,0.0006937218175511982,0.0005309711001089991,-30.0,0.0010405827263267001,0.0,0.003815469996531401,0.0011926458005253014,-15.0,0.019405087381253017,0.018238882975987303,0.0,-0.001040582726326799,0.00034686090877560083,-0.00013135267341390054,-3.0,0.0,0.0013874436351022992,0.002081165452653501,0.0008693724180083,-239.0,
bge_m3_1024d,en_def_translated_cn_def,8,2790,1053,6039,54.40860215053763,43.47670250896057,4,3,1,0.0103942652329749,0.0211469534050179,0.0283154121863799,0.0198057172897342,498.0,0.010752688172043,0.021505376344086,0.028673835125448,0.0202432326542213,485.5,0.5225762159804843,0.5267495264183599,0.0046594982078853,0.0093189964157706,0.0121863799283154,0.008010355104667,2739.5,0.0053763440860215,0.0118279569892473,0.0200716845878136,0.0122197130299178,1224.5,,,2790,1053,6039,54.83870967741935,43.297491039426525,8,5,3,0.010752688172043,0.0211469534050179,0.0290322580645161,0.0203489571715493,469.0,0.0118279569892473,0.021505376344086,0.0326164874551971,0.0214825555965279,467.5,0.5410786077381196,0.544084658680513,0.0046594982078853,0.0082437275985663,0.0125448028673835,0.0078744748793641,2741.5,0.0053763440860215,0.0129032258064516,0.0222222222222222,0.0130936771350059,969.5,,,0,0,0,0.43010752688172005,-0.17921146953404588,4,2,2,0.0003584229390680999,0.0,0.0007168458781361998,0.000543239881815101,-29.0,0.0010752688172042998,0.0,0.003942652329749101,0.0012393229423066018,-18.0,0.01850239175763524,0.017335132262153108,0.0,-0.0010752688172042998,0.00035842293906810166,-0.00013588022530289928,2.0,0.0,0.0010752688172043015,0.0021505376344085995,0.0008739641050881011,-255.0,
bge_m3_1024d,en_gloss_unihan,3,4648,1155,9152,57.22891566265061,40.49053356282272,14,8,6,0.011617900172117,0.0301204819277108,0.0443201376936316,0.0250127366866889,548.0,0.0129087779690189,0.031196213425129,0.0421686746987951,0.0259474408168172,532.5,0.525740558172278,0.5353624823632237,0.0038726333907056,0.0103270223752151,0.01592082616179,0.0082853417609928,4132.5,0.0064543889845094,0.0187177280550774,0.0268932874354561,0.0150393777300742,1773.0,"Across 4,648 held-out cases, the correct phonophore/source anchor was rank 1 in 1.16% before relation subtraction and 1.29% afterward.",0.0008658008658008,4648,1155,9152,56.69104991394149,40.94234079173838,13,5,8,0.0126936316695352,0.03184165232358,0.0453958691910499,0.0260257099535621,514.0,0.0144148020654044,0.0329173838209982,0.0462564543889845,0.027667590146905,500.0,0.5430372766132617,0.5558666331580345,0.0040877796901893,0.0101118760757314,0.0163511187607573,0.0086747327818254,4217.0,0.0060240963855421,0.0169965576592082,0.0271084337349397,0.0151409783870001,1291.0,"Across 4,648 held-out cases, the correct phonophore/source anchor was rank 1 in 1.27% before relation subtraction and 1.44% afterward.",0.0008658008658008,0,0,0,-0.5378657487091161,0.45180722891566205,-1,-3,2,0.0010757314974182003,0.0017211703958691996,0.0010757314974182974,0.0010129732668731975,-34.0,0.0015060240963855002,0.001721170395869203,0.004087779690189398,0.0017201493300878015,-32.5,0.017296718440983683,0.020504150794810827,0.00021514629948370025,-0.00021514629948369939,0.00043029259896729816,0.0003893910208326006,84.5,-0.00043029259896730076,-0.0017211703958691996,0.0002151462994836005,0.0001016006569258994,-482.0,0.0
bge_m3_1024d,en_gloss_unihan,5,4585,1155,9152,57.36095965103599,40.37077426390404,14,8,6,0.0115594329334787,0.0300981461286804,0.0442748091603053,0.0249503996858567,548.0,0.0128680479825517,0.0311886586695747,0.0420937840785169,0.0259179896808875,533.0,0.5258241685550614,0.5353231564762649,0.0039258451472191,0.0104689203925845,0.0161395856052344,0.0083828380914786,4122.0,0.0065430752453653,0.0183206106870229,0.0263904034896401,0.0149216667274939,1770.0,,,4585,1155,9152,56.90294438386041,40.719738276990185,13,5,8,0.0126499454743729,0.0318429661941112,0.0455834242093784,0.0260411462179969,516.0,0.0143947655398037,0.0329334787350054,0.0464558342420937,0.0276903995785517,501.0,0.5422410127213864,0.555426197626576,0.004143947655398,0.0102508178844056,0.0163576881134133,0.0087569080651457,4214.0,0.0061068702290076,0.0165757906215921,0.0266085059978189,0.0150689372565559,1281.0,,,0,0,0,-0.4580152671755826,0.348964013086146,-1,-3,2,0.0010905125408941993,0.0017448200654308008,0.0013086150490730988,0.0010907465321402,-32.0,0.001526717557252,0.0017448200654307001,0.004362050163576797,0.001772409897664199,-32.0,0.01641684416632494,0.02010304115031103,0.0002181025081789004,-0.00021810250817889953,0.00021810250817889953,0.0003740699736670995,92.0,-0.0004362050163577002,-0.0017448200654308008,0.0002181025081788024,0.0001472705290620005,-489.0,
bge_m3_1024d,en_gloss_unihan,8,4472,1155,9152,57.62522361359571,40.09391771019678,14,8,6,0.0116279069767441,0.0304114490161001,0.0447227191413237,0.0251364907406821,544.0,0.0129695885509839,0.0315295169946332,0.0424865831842576,0.026174448095912,530.0,0.5279422046052774,0.5375903367923036,0.0038014311270125,0.010509838998211,0.0163237924865831,0.0083093513504521,4104.0,0.0064847942754919,0.0176654740608229,0.0259391771019678,0.014591929624627,1768.0,,,4472,1155,9152,57.13327370304114,40.45169946332737,13,5,8,0.0127459749552772,0.0322003577817531,0.0460644007155635,0.0262346510841567,516.0,0.0145348837209302,0.0333184257602862,0.0469588550983899,0.02797989948384,498.5,0.5427605776594129,0.5563180723190396,0.0040250447227191,0.0100626118067978,0.0163237924865831,0.0086679515228355,4202.5,0.0060375670840787,0.0158765652951699,0.0254919499105545,0.0146489916540573,1281.0,,,0,0,0,-0.4919499105545668,0.35778175313059535,-1,-3,2,0.0011180679785331004,0.0017889087656529981,0.0013416815742398058,0.0010981603434746003,-28.0,0.0015652951699462996,0.0017889087656529981,0.0044722719141323045,0.0018054513879279983,-31.5,0.01481837305413547,0.01872773552673601,0.00022361359570660004,-0.00044722719141320096,0.0,0.00035860017238340154,98.5,-0.0004472271914131992,-0.0017889087656529981,-0.00044722719141329983,5.7062029430300296e-05,-487.0,
bge_m3_1024d,zh_char,3,5240,1171,11150,58.85496183206107,33.83587786259542,11,8,3,0.0146946564885496,0.0312977099236641,0.0404580152671755,0.0270220965186899,488.0,0.015267175572519,0.0326335877862595,0.0437022900763358,0.0284641177770825,484.0,0.5604586677105762,0.5640847850198996,0.0103053435114503,0.0173664122137404,0.023473282442748,0.0151492261659697,5064.5,0.0112595419847328,0.0188931297709923,0.0230916030534351,0.0156617506964252,5624.0,"Across 5,240 held-out cases, the correct phonophore/source anchor was rank 1 in 1.47% before relation subtraction and 1.53% afterward.",0.0008539709649871,5240,1171,11150,47.13740458015267,41.545801526717554,15,8,7,0.0154580152671755,0.0341603053435114,0.0444656488549618,0.0289711418843162,455.0,0.0167938931297709,0.0353053435114503,0.0475190839694656,0.0304729591226487,465.0,0.5742299536765185,0.5746726365237815,0.0099236641221374,0.0179389312977099,0.0227099236641221,0.0152371747837761,4451.0,0.0120229007633587,0.0227099236641221,0.0299618320610687,0.0192372810244296,4052.5,"Across 5,240 held-out cases, the correct phonophore/source anchor was rank 1 in 1.55% before relation subtraction and 1.68% afterward.",0.0008539709649871,0,0,0,-11.717557251908403,7.709923664122137,4,0,4,0.0007633587786259003,0.0028625954198473053,0.004007633587786302,0.0019490453656263,-33.0,0.0015267175572518995,0.002671755725190801,0.003816793893129805,0.0020088413455662014,-19.0,0.013771285965942348,0.010587851503881973,-0.0003816793893129007,0.0005725190839694985,-0.0007633587786258986,8.794861780640068e-05,-613.5,0.0007633587786259003,0.0038167938931298016,0.006870229007633601,0.0035755303280043983,-1571.5,0.0
bge_m3_1024d,zh_char,5,5179,1171,11150,58.94960417068932,33.7130720216258,11,7,4,0.0144815601467464,0.0310870824483491,0.0403552809422668,0.0268577182330114,487.0,0.0152539100212396,0.0326317821973353,0.043830855377486,0.0284777995643925,483.0,0.5612169791548051,0.5650227826709773,0.0104267233056574,0.0173778721760957,0.0233635837034176,0.0151898189623733,5050.0,0.0113921606487738,0.0191156593937053,0.0233635837034176,0.0158383441082312,5625.0,,,5179,1171,11150,47.17126858466886,41.45587951341958,15,7,8,0.0152539100212396,0.0341764819463216,0.0446032052519791,0.0288783150726854,452.0,0.0167986097702259,0.0353350067580614,0.0476926047499517,0.0305336329834285,464.0,0.5751864449296386,0.575200802715767,0.0100405483684108,0.0179571345819656,0.0225912338289245,0.0152902645541417,4435.0,0.0119714230546437,0.0227843212975477,0.0301216451052326,0.0192618797668547,4021.0,,,0,0,0,-11.77833558602046,7.7428074917937835,4,0,4,0.0007723498744931986,0.0030893994979724997,0.004247924309712298,0.002020596839674,-35.0,0.0015446997489863001,0.0027032245607261016,0.003861749372465695,0.0020558334190360003,-19.0,0.01396946577483349,0.010178020044789737,-0.0003861749372465993,0.0005792624058699007,-0.000772349874493098,0.000100445591768401,-615.0,0.000579262405869899,0.0036686619038424004,0.006758061401815001,0.0034235356586235013,-1604.0,
bge_m3_1024d,zh_char,8,5073,1171,11150,59.43228858663513,33.27419672777449,11,7,4,0.0141927853341218,0.0307510348905972,0.0402128917800118,0.0265880964009743,488.0,0.0149812734082397,0.0325251330573625,0.0437610881135422,0.028317770830584,483.0,0.5612025117051728,0.5660727734057125,0.0098561009264734,0.0169524935935343,0.0230632761679479,0.0146896299417666,5048.0,0.0110388330376503,0.0187265917602996,0.0230632761679479,0.0155078175782645,5624.0,,,5073,1171,11150,47.38813325448453,41.21821407451212,15,7,8,0.0149812734082397,0.0339049871870687,0.0443524541691306,0.0286312664504012,452.0,0.0165582495564754,0.035284841316775,0.0475064064656022,0.0303711167039862,462.0,0.5756630123277077,0.5763158737138631,0.0094618568894145,0.0175438596491228,0.02227478809383,0.014799580021751,4442.0,0.0114330770747092,0.0224719101123595,0.0297654247979499,0.0188191147486414,4021.0,,,0,0,0,-12.044155332150602,7.944017346737631,4,0,4,0.0007884880741178997,0.003153952296471498,0.004139562389118799,0.0020431700494269005,-36.0,0.0015769761482357005,0.002759708259412498,0.0037453183520599967,0.0020533458734021993,-21.0,0.0144605006225349,0.010243100308150566,-0.00039424403705889954,0.0005913660555884985,-0.0007884880741178997,0.00010995007998440033,-606.0,0.0003942440370589013,0.003745318352059903,0.006702148630002,0.0033112971703768996,-1603.0,
gte_multilingual_base_768d,cn_def,3,2960,1053,6039,54.15540540540541,43.648648648648646,4,7,-3,0.0135135135135135,0.0266891891891891,0.0364864864864864,0.0239187024573885,517.0,0.0125,0.0256756756756756,0.0334459459459459,0.023379496474856,500.0,0.5197664037611757,0.5249441218785326,0.0050675675675675,0.0118243243243243,0.0162162162162162,0.0096640466095366,2664.0,0.0057432432432432,0.0155405405405405,0.0233108108108108,0.0150759831193492,923.0,"Across 2,960 held-out cases, the correct phonophore/source anchor was rank 1 in 1.35% before relation subtraction and 1.25% afterward.",0.0009496676163342,2960,1053,6039,54.18918918918919,43.51351351351352,2,8,-6,0.0131756756756756,0.025,0.0327702702702702,0.0234242271230704,465.0,0.0111486486486486,0.025,0.0317567567567567,0.0227665623234808,448.0,0.5426356489569417,0.5490160312403659,0.0050675675675675,0.0121621621621621,0.0158783783783783,0.0095787268077112,2690.0,0.0054054054054054,0.0175675675675675,0.0263513513513513,0.015600013024185,805.5,"Across 2,960 held-out cases, the correct phonophore/source anchor was rank 1 in 1.32% before relation subtraction and 1.11% afterward.",0.0009496676163342,0,0,0,0.03378378378378244,-0.13513513513512265,-2,1,-3,-0.0003378378378379003,-0.001689189189189099,-0.003716216216216199,-0.0004944753343180987,-52.0,-0.0013513513513514,-0.0006756756756755994,-0.0016891891891891997,-0.000612934151375203,-52.0,0.022869245195766053,0.024071909361833344,0.0,0.0003378378378377997,-0.0003378378378379003,-8.531980182540158e-05,26.0,-0.00033783783783780056,0.0020270270270269994,0.003040540540540499,0.0005240299048358005,-117.5,0.0
gte_multilingual_base_768d,cn_def,5,2883,1053,6039,54.075615678113074,43.66978841484565,4,7,-3,0.0138744363510232,0.0270551508844953,0.0360735345126604,0.0242111284152166,517.0,0.0128338536246964,0.0256677072493929,0.0336455081512313,0.023493650661305,501.0,0.5194525664410092,0.5241661819845983,0.0052029136316337,0.0121401318071453,0.0166493236212278,0.0098324979011299,2664.0,0.0058966354491848,0.0159556018036767,0.0232396808879639,0.015211527702628,917.0,,,2883,1053,6039,54.31841831425598,43.35761359694762,2,8,-6,0.0135275754422476,0.0253208463406174,0.0332986472424557,0.023664211100373,466.0,0.0114464099895941,0.0253208463406174,0.0319112036073534,0.0229942085658195,449.0,0.5419164263039266,0.5480969469645715,0.0052029136316337,0.0124869927159209,0.0163024627124523,0.0097589827968279,2701.0,0.0055497745404092,0.0176899063475546,0.0263614290669441,0.0156099522637465,806.0,,,0,0,0,0.24280263614290476,-0.3121748178980255,-2,1,-3,-0.00034686090877560083,-0.0017343045438779,-0.0027748872702046956,-0.0005469173148436,-51.0,-0.0013874436351022992,-0.0003468609087755002,-0.0017343045438779,-0.0004994420954855007,-52.0,0.022463859862917324,0.02393076497997315,0.0,0.0003468609087755991,-0.0003468609087755002,-7.351510430200076e-05,37.0,-0.00034686090877559996,0.0017343045438779,0.0031217481789801993,0.0003984245611185003,-111.0,
gte_multilingual_base_768d,cn_def,8,2790,1053,6039,54.33691756272402,43.333333333333336,4,7,-3,0.014336917562724,0.0279569892473118,0.0369175627240143,0.0248523640317449,515.5,0.0132616487455197,0.0265232974910394,0.0347670250896057,0.0241132380111371,499.0,0.521846763972362,0.5263151259931586,0.0053763440860215,0.0125448028673835,0.0172043010752688,0.0101213379984035,2661.0,0.0057347670250896,0.0161290322580645,0.0232974910394265,0.014935169719171,921.5,,,2790,1053,6039,54.33691756272402,43.297491039426525,2,8,-6,0.0139784946236559,0.0261648745519713,0.0340501792114695,0.0242638201043781,465.0,0.0118279569892473,0.0261648745519713,0.0329749103942652,0.0235895011420343,448.0,0.5430836638183627,0.549120977963122,0.0053763440860215,0.0129032258064516,0.0168458781362007,0.0100573584870116,2684.0,0.0053763440860215,0.017921146953405,0.0261648745519713,0.0153885716444188,804.0,,,0,0,0,0.0,-0.035842293906810596,-2,1,-3,-0.0003584229390680999,-0.0017921146953405014,-0.0028673835125447994,-0.0005885439273668018,-50.5,-0.0014336917562724014,-0.00035842293906810166,-0.0017921146953404979,-0.0005237368691028005,-51.0,0.021236899846000745,0.02280585196996343,0.0,0.0003584229390680999,-0.0003584229390680982,-6.397951139189978e-05,23.0,-0.0003584229390680999,0.0017921146953405014,0.0028673835125447994,0.00045340192524779936,-117.5,
gte_multilingual_base_768d,en_def_translated_cn_def,3,2960,1053,6039,53.783783783783775,43.88513513513514,10,2,8,0.0091216216216216,0.0243243243243243,0.031081081081081,0.0204950757336287,475.0,0.0118243243243243,0.0246621621621621,0.0307432432432432,0.0223570361996291,480.0,0.5313450570342205,0.5336967552152914,0.0054054054054054,0.0114864864864864,0.0182432432432432,0.0097171608252149,2723.5,0.0064189189189189,0.0179054054054054,0.0260135135135135,0.0153945870769726,914.0,"Across 2,960 held-out cases, the correct phonophore/source anchor was rank 1 in 0.91% before relation subtraction and 1.18% afterward.",0.0009496676163342,2960,1053,6039,54.02027027027027,43.85135135135136,8,3,5,0.0111486486486486,0.0256756756756756,0.0324324324324324,0.0219467995889208,467.0,0.0128378378378378,0.0256756756756756,0.0341216216216216,0.0236748528230461,469.0,0.5414133953344981,0.541160980372007,0.006081081081081,0.0118243243243243,0.0175675675675675,0.0103450284209006,2705.5,0.006081081081081,0.0168918918918918,0.0266891891891891,0.0158620923412354,809.5,"Across 2,960 held-out cases, the correct phonophore/source anchor was rank 1 in 1.11% before relation subtraction and 1.28% afterward.",0.0009496676163342,0,0,0,0.2364864864864913,-0.033783783783775334,-2,1,-3,0.002027027027027001,0.0013513513513512994,0.0013513513513514,0.0014517238552920995,-8.0,0.0010135135135134997,0.0010135135135134997,0.0033783783783783994,0.001317816623416998,-11.0,0.010068338300277535,0.0074642251567156315,0.0006756756756756003,0.0003378378378379003,-0.0006756756756757,0.0006278675956856994,-18.0,-0.0003378378378379003,-0.0010135135135136003,0.0006756756756755994,0.00046750526426279915,-104.5,0.0
gte_multilingual_base_768d,en_def_translated_cn_def,5,2883,1053,6039,53.93687131460284,43.73916059660076,10,2,8,0.0090183836281651,0.0246271245230662,0.0315643426985778,0.0205855937939695,476.0,0.0117932708983697,0.0249739854318418,0.0312174817898022,0.0225066655379947,481.0,0.5314472936276509,0.5340065468347953,0.0055497745404092,0.0114464099895941,0.0183836281651057,0.0097790587068757,2728.0,0.006590357266736,0.0180367672563302,0.0263614290669441,0.0156021446619516,903.0,,,2883,1053,6039,54.28373222337842,43.56573014221297,8,3,5,0.0110995490808185,0.0260145681581685,0.0326049254249046,0.0220258379605575,467.0,0.0128338536246964,0.0260145681581685,0.0343392299687825,0.0238264075954086,469.0,0.5413094197135694,0.5415052708350644,0.0062434963579604,0.0117932708983697,0.0176899063475546,0.0104170141319568,2704.0,0.0062434963579604,0.0169961845300034,0.0270551508844953,0.0160466506744952,805.0,,,0,0,0,0.3468609087755823,-0.17343045438779114,-2,1,-3,0.0020811654526534003,0.0013874436351022992,0.0010405827263267955,0.0014402441665880006,-9.0,0.0010405827263267001,0.0010405827263267019,0.0031217481789802964,0.0013197420574139022,-12.0,0.009862126085918521,0.007498724000269075,0.0006937218175511999,0.0003468609087755991,-0.0006937218175510976,0.0006379554250810996,-24.0,-0.00034686090877559996,-0.001040582726326799,0.0006937218175512017,0.00044450601254359887,-98.0,
gte_multilingual_base_768d,en_def_translated_cn_def,8,2790,1053,6039,54.15770609318996,43.47670250896057,10,2,8,0.0093189964157706,0.025089605734767,0.032258064516129,0.0211044640356123,474.0,0.0121863799283154,0.0258064516129032,0.032258064516129,0.0231413236571476,478.5,0.5333793286724723,0.5364150210556441,0.0057347670250896,0.0118279569892473,0.0189964157706093,0.0100676259598834,2723.5,0.0068100358422939,0.017921146953405,0.0254480286738351,0.0154066333716593,932.0,,,2790,1053,6039,54.55197132616488,43.2258064516129,8,3,5,0.0114695340501792,0.0268817204301075,0.0333333333333333,0.0226003936235155,466.5,0.0132616487455197,0.0268817204301075,0.0354838709677419,0.0244930122583391,464.0,0.5423729506521117,0.5432829769546316,0.0064516129032258,0.0121863799283154,0.0182795698924731,0.0107352571136138,2702.5,0.0064516129032258,0.0168458781362007,0.0254480286738351,0.0158073843911608,812.0,,,0,0,0,0.39426523297492366,-0.2508960573476742,-2,1,-3,0.0021505376344085995,0.0017921146953404979,0.0010752688172043015,0.0014959295879031984,-7.5,0.0010752688172043015,0.001075268817204298,0.0032258064516129045,0.001351688601191503,-14.5,0.008993621979639377,0.006867955898987477,0.0007168458781362007,0.0003584229390680999,-0.0007168458781361998,0.0006676311537304001,-21.0,-0.0003584229390680999,-0.001075268817204298,0.0,0.0004007510195014989,-120.0,
gte_multilingual_base_768d,en_gloss_unihan,3,4648,1155,9152,55.33562822719449,41.93201376936317,12,8,4,0.0124784853700516,0.0335628227194492,0.0447504302925989,0.026217583417673,523.0,0.0133390705679862,0.0324870912220309,0.0423838209982788,0.0266147826759043,509.5,0.5399161637886033,0.5523120583348498,0.0055938037865748,0.0120481927710843,0.0163511187607573,0.0100721280354618,4121.5,0.0075301204819277,0.0197934595524956,0.031196213425129,0.0168289536573952,1208.5,"Across 4,648 held-out cases, the correct phonophore/source anchor was rank 1 in 1.25% before relation subtraction and 1.33% afterward.",0.0008658008658008,4648,1155,9152,55.529259896729776,41.99655765920826,7,5,2,0.0133390705679862,0.0337779690189328,0.0462564543889845,0.0265060797221993,525.0,0.0137693631669535,0.0324870912220309,0.0449655765920826,0.0271025871313972,490.0,0.5443022399078861,0.558204158550518,0.0060240963855421,0.0120481927710843,0.0157056798623063,0.0102452625655087,4168.5,0.0068846815834767,0.0197934595524956,0.0305507745266781,0.0172146943192051,1017.5,"Across 4,648 held-out cases, the correct phonophore/source anchor was rank 1 in 1.33% before relation subtraction and 1.38% afterward.",0.0008658008658008,0,0,0,0.19363166953528577,0.06454388984509052,-5,-3,-2,0.0008605851979345998,0.00021514629948359704,0.0015060240963856025,0.0002884963045262992,2.0,0.0004302925989672999,0.0,0.002581755593803796,0.0004878044554928983,-19.5,0.004386076119282767,0.005892100215668217,0.0004302925989672999,0.0,-0.0006454388984509993,0.0001731345300469006,47.0,-0.0006454388984510001,0.0,-0.0006454388984508987,0.00038574066180989755,-191.0,0.0
gte_multilingual_base_768d,en_gloss_unihan,5,4585,1155,9152,55.35441657579062,41.91930207197383,12,8,4,0.0124318429661941,0.0335877862595419,0.0444929116684841,0.0261324472359185,521.0,0.0133042529989094,0.0324972737186477,0.0423118865866957,0.0265773506878107,508.0,0.5406880245847264,0.5526787486132346,0.0056706652126499,0.0122137404580152,0.0163576881134133,0.0101653414100012,4101.0,0.0076335877862595,0.0194111232279171,0.0305343511450381,0.0167415372990117,1209.0,,,4585,1155,9152,55.55070883315159,41.94111232279171,7,5,2,0.0135223555070883,0.0338058887677208,0.0462377317339149,0.0266100471777469,524.0,0.013958560523446,0.0327153762268266,0.0449291166848418,0.027266220384366,490.0,0.544801732724259,0.5584892715867619,0.0061068702290076,0.0119956379498364,0.0157033805888767,0.0103120311592659,4155.0,0.006979280261723,0.0194111232279171,0.0298800436205016,0.0171221362355064,1018.0,,,0,0,0,0.196292257360966,0.021810250817878796,-5,-3,-2,0.0010905125408941993,0.00021810250817889953,0.0017448200654308008,0.0004775999418283987,3.0,0.0006543075245365997,0.00021810250817889953,0.0026172300981461005,0.0006888696965553012,-18.0,0.004113708139532601,0.0058105229735272435,0.0004362050163576993,-0.00021810250817879892,-0.000654307524536598,0.00014668974926470082,54.0,-0.0006543075245365,0.0,-0.0006543075245365008,0.0003805989364946971,-191.0,
gte_multilingual_base_768d,en_gloss_unihan,8,4472,1155,9152,55.4561717352415,41.77101967799642,12,8,4,0.0125223613595706,0.033989266547406,0.045169946332737,0.0263769852662896,517.0,0.0134168157423971,0.0328711985688729,0.0429338103756708,0.0268617072829274,505.0,0.5428035951795575,0.5548616773577477,0.0055903398926654,0.012298747763864,0.0165474060822898,0.0101792215820299,4081.5,0.0073792486583184,0.0190071556350626,0.0301878354203935,0.0164460643322863,1200.5,,,4472,1155,9152,55.59033989266548,41.86046511627907,7,5,2,0.0136404293381037,0.0342128801431127,0.0469588550983899,0.0268521582674227,523.0,0.0140876565295169,0.0330948121645796,0.0456171735241502,0.0275804575550139,487.0,0.5461934532759972,0.560264639133387,0.0060375670840787,0.0120751341681574,0.0158765652951699,0.0103235063967153,4141.5,0.0067084078711985,0.0192307692307692,0.0288461538461538,0.0167639597582103,1016.5,,,0,0,0,0.1341681574239857,0.08944543828265239,-5,-3,-2,0.0011180679785331004,0.0002236135957067037,0.001788908765652901,0.00047517300113309943,6.0,0.0006708407871197988,0.0002236135957067037,0.0026833631484793966,0.0007187502720864998,-18.0,0.0033898580964397684,0.005402961775639259,0.0004472271914133007,-0.0002236135957065996,-0.0006708407871198994,0.00014428481468539874,60.0,-0.0006708407871199003,0.0002236135957065996,-0.0013416815742397017,0.0003178954259239995,-184.0,
gte_multilingual_base_768d,zh_char,3,5240,1171,11150,57.38549618320611,35.43893129770993,15,13,2,0.0169847328244274,0.0389312977099236,0.0522900763358778,0.0314120642576548,460.0,0.0173664122137404,0.0381679389312977,0.0536259541984732,0.0327660410392827,436.5,0.5787223527109023,0.5891386116004436,0.0068702290076335,0.0169847328244274,0.0223282442748091,0.0124162452887977,5073.5,0.0083969465648854,0.0179389312977099,0.0225190839694656,0.013674400561954,5631.5,"Across 5,240 held-out cases, the correct phonophore/source anchor was rank 1 in 1.70% before relation subtraction and 1.74% afterward.",0.0008539709649871,5240,1171,11150,50.13358778625954,39.71374045801527,17,9,8,0.0158396946564885,0.0364503816793893,0.05,0.0308774755083021,440.0,0.0173664122137404,0.0372137404580152,0.0494274809160305,0.0322318254711935,433.0,0.5806167221243558,0.5881131336856527,0.007442748091603,0.0154580152671755,0.0219465648854961,0.0129942706741154,4500.5,0.0095419847328244,0.0225190839694656,0.032442748091603,0.017890501564624,3797.0,"Across 5,240 held-out cases, the correct phonophore/source anchor was rank 1 in 1.58% before relation subtraction and 1.74% afterward.",0.0008539709649871,0,0,0,-7.251908396946568,4.274809160305345,2,-4,6,-0.0011450381679389,-0.002480916030534304,-0.0022900763358778,-0.000534588749352697,-20.0,0.0,-0.0009541984732824998,-0.004198473282442702,-0.0005342155680891983,-3.5,0.001894369413453445,-0.0010254779147909066,0.0005725190839695003,-0.0015267175572518995,-0.0003816793893130013,0.000578025385317699,-573.0,0.0011450381679390005,0.0045801526717557,0.009923664122137403,0.0042161010026699995,-1834.5,0.0
gte_multilingual_base_768d,zh_char,5,5179,1171,11150,57.50144815601468,35.25777177061209,15,13,2,0.0171847847074724,0.0393898435991504,0.0529059664027804,0.0317258780828873,460.0,0.017570959644719,0.0386174937246572,0.0540644912145201,0.0330729490698703,434.0,0.5788079076744842,0.58970959314655,0.0069511488704383,0.0171847847074724,0.0225912338289245,0.0125522158455014,5082.0,0.0084958486194245,0.0181502220505889,0.0227843212975477,0.0138151115412251,5633.0,,,5179,1171,11150,50.22205058891678,39.5829310677737,17,9,8,0.0160262598957327,0.0368797065070476,0.050588916779301,0.0311759122822318,440.0,0.017570959644719,0.0376520563815408,0.0498165669048078,0.0325263651146962,433.0,0.5805334825222834,0.5882257902145912,0.0075304112763081,0.0156400849584861,0.0222050588916779,0.0131394686032826,4470.0,0.0096543734311643,0.0227843212975477,0.0328248696659586,0.0180792109742676,3757.0,,,0,0,0,-7.279397567097902,4.325159297161612,2,-4,6,-0.0011585248117397008,-0.0025101370921028,-0.0023170496234793947,-0.0005499658006554997,-20.0,0.0,-0.000965437343116396,-0.0042479243097123046,-0.0005465839551741028,-1.0,0.0017255748477992272,-0.001483802931958822,0.0005792624058698001,-0.0015446997489863001,-0.0003861749372465993,0.0005872527577812005,-612.0,0.0011585248117397997,0.0046340992469588,0.010040548368410899,0.0042640994330425,-1876.0,
gte_multilingual_base_768d,zh_char,8,5073,1171,11150,57.658190419869904,35.14685590380445,15,13,2,0.0171496156120638,0.039030159668835,0.0528287009658978,0.0315714883814548,460.0,0.0175438596491228,0.0382416715947171,0.0538143110585452,0.0329750287995119,431.0,0.579691377680733,0.5909591755245215,0.0068992706485314,0.0169524935935343,0.02227478809383,0.012381963334661,5090.0,0.0086733688152966,0.0181352257047112,0.0228661541494184,0.0138979320918636,5633.0,,,5073,1171,11150,50.34496353242657,39.46382810959984,17,9,8,0.015966883500887,0.0364675734279519,0.0504632367435442,0.0310018264722452,437.0,0.0175438596491228,0.0372560615020697,0.0494776266508969,0.0323995711767944,432.0,0.5810489924032206,0.5886720546685064,0.0074906367041198,0.0153755174452986,0.0218805440567711,0.0129729457991112,4482.0,0.0094618568894145,0.0224719101123595,0.032328011038833,0.017824514721435,3761.0,,,0,0,0,-7.313226887443335,4.316972205795388,2,-4,6,-0.0011827321111767992,-0.0025625862408831038,-0.0023654642223535985,-0.0005696619092095991,-23.0,0.0,-0.0009856100926474015,-0.0043366844076482974,-0.0005754576227174971,1.0,0.0013576147224876323,-0.0022871208560151235,0.0005913660555883996,-0.0015769761482357005,-0.00039424403705889954,0.0005909824644502008,-608.0,0.0007884880741178997,0.004336684407648301,0.009461856889414602,0.003926582629571402,-1872.0,
qwen3_0.6b_1024d,cn_def,3,2960,1053,6039,54.560810810810814,43.310810810810814,4,7,-3,0.0118243243243243,0.0219594594594594,0.0347972972972972,0.0218676011923865,480.0,0.0108108108108108,0.0222972972972973,0.0337837837837837,0.0218351448925238,469.5,0.5332937262357413,0.5401172798273558,0.0057432432432432,0.0125,0.014527027027027,0.0099896189225737,2868.5,0.0070945945945945,0.0195945945945945,0.0277027027027027,0.0167093628207635,765.5,"Across 2,960 held-out cases, the correct phonophore/source anchor was rank 1 in 1.18% before relation subtraction and 1.08% afterward.",0.0009496676163342,2960,1053,6039,53.71621621621622,43.98648648648648,2,4,-2,0.0118243243243243,0.0219594594594594,0.0344594594594594,0.0215940110978028,475.0,0.0111486486486486,0.0226351351351351,0.0347972972972972,0.0218978655690839,455.0,0.5433488978522248,0.5497090484020142,0.006081081081081,0.0121621621621621,0.0148648648648648,0.0101434151251786,2784.0,0.0074324324324324,0.0202702702702702,0.0297297297297297,0.0178256101075737,644.5,"Across 2,960 held-out cases, the correct phonophore/source anchor was rank 1 in 1.18% before relation subtraction and 1.11% afterward.",0.0009496676163342,0,0,0,-0.8445945945945965,0.675675675675663,-2,-3,1,0.0,0.0,-0.0003378378378377997,-0.00027359009458369915,-5.0,0.00033783783783780143,0.00033783783783780316,0.0010135135135134962,6.272067656010183e-05,-14.5,0.010055171616483505,0.009591768574658377,0.0003378378378377997,-0.0003378378378379003,0.0003378378378377997,0.00015379620260489932,-84.5,0.0003378378378379003,0.0006756756756757,0.0020270270270269994,0.0011162472868101979,-121.0,0.0
qwen3_0.6b_1024d,cn_def,5,2883,1053,6039,54.59590704127645,43.21886923343739,4,7,-3,0.0121401318071453,0.0221990981616371,0.0350329517863336,0.0222124004508955,482.0,0.0110995490808185,0.0225459590704127,0.0339923690600069,0.0221056057246983,470.0,0.5329989356777437,0.5402302602511907,0.0058966354491848,0.0128338536246964,0.0145681581685744,0.0101625802206094,2879.0,0.0072840790842872,0.0197710718002081,0.0274020117932708,0.0168659270766151,761.0,,,2883,1053,6039,53.867499132847726,43.773846687478326,2,4,-2,0.0121401318071453,0.0221990981616371,0.0350329517863336,0.0219441044755355,476.0,0.0114464099895941,0.0225459590704127,0.0350329517863336,0.0221679443720989,455.0,0.543072079807024,0.549618584886624,0.0062434963579604,0.0124869927159209,0.0152618799861255,0.0103409222729975,2792.0,0.0076309399930627,0.0204647936177592,0.0298300381546999,0.0180089137751247,640.0,,,0,0,0,-0.7284079084287214,0.5549774540409373,-2,-3,1,0.0,0.0,0.0,-0.0002682959753600028,-6.0,0.00034686090877560083,0.0,0.0010405827263267053,6.233864740060047e-05,-15.0,0.010073144129280287,0.009388324635433265,0.00034686090877559996,-0.0003468609087755002,0.0006937218175510993,0.00017834205238810054,-87.0,0.0003468609087755002,0.000693721817551101,0.0024280263614290983,0.0011429866985095995,-121.0,
qwen3_0.6b_1024d,cn_def,8,2790,1053,6039,54.91039426523297,42.867383512544805,4,7,-3,0.0125448028673835,0.0229390681003584,0.0362007168458781,0.0227952477898903,481.0,0.0114695340501792,0.0232974910394265,0.0351254480286738,0.0226983909524694,466.5,0.5346201807105769,0.5423433092113333,0.0060931899641577,0.0132616487455197,0.0150537634408602,0.0104738936897791,2866.5,0.0075268817204301,0.0193548387096774,0.0265232974910394,0.0168514224067426,781.0,,,2790,1053,6039,54.15770609318996,43.47670250896057,2,4,-2,0.0125448028673835,0.0229390681003584,0.03584229390681,0.0225007507239246,476.5,0.0118279569892473,0.0232974910394265,0.0362007168458781,0.022760831396287,454.5,0.543822314894313,0.5510589149188438,0.0064516129032258,0.0129032258064516,0.0157706093189964,0.0106555900035519,2797.0,0.0078853046594982,0.0204301075268817,0.0293906810035842,0.0179445950696853,644.5,,,0,0,0,-0.7526881720430154,0.6093189964157659,-2,-3,1,0.0,0.0,-0.0003584229390680982,-0.0002944970659656994,-4.5,0.0003584229390680999,0.0,0.0010752688172042946,6.244044381759767e-05,-12.0,0.009202134183736055,0.00871560570751051,0.0003584229390681008,-0.0003584229390680999,0.0007168458781361998,0.0001816963137727997,-69.5,0.0003584229390680999,0.0010752688172043015,0.0028673835125447994,0.0010931726629427006,-136.5,
qwen3_0.6b_1024d,en_def_translated_cn_def,3,2960,1053,6039,54.59459459459459,43.37837837837838,4,4,0,0.0087837837837837,0.0239864864864864,0.0297297297297297,0.0194827780526594,489.5,0.0087837837837837,0.0226351351351351,0.0304054054054054,0.0192860810065473,477.0,0.529759274483609,0.5346470044188675,0.004054054054054,0.0077702702702702,0.0121621621621621,0.0075164237125762,2867.5,0.0047297297297297,0.0138513513513513,0.0226351351351351,0.0135300806913823,997.5,"Across 2,960 held-out cases, the correct phonophore/source anchor was rank 1 in 0.88% before relation subtraction and 0.88% afterward.",0.0009496676163342,2960,1053,6039,54.25675675675675,43.91891891891892,6,1,5,0.0094594594594594,0.0206081081081081,0.0297297297297297,0.0195983896049094,477.5,0.0111486486486486,0.0229729729729729,0.0314189189189189,0.021038843212986,474.0,0.5347491265029288,0.5392948437981707,0.004054054054054,0.0081081081081081,0.0125,0.007444153486764,2815.0,0.0047297297297297,0.0135135135135135,0.0246621621621621,0.0141896672403609,734.0,"Across 2,960 held-out cases, the correct phonophore/source anchor was rank 1 in 0.95% before relation subtraction and 1.11% afterward.",0.0009496676163342,0,0,0,-0.3378378378378386,0.5405405405405403,2,-3,5,0.0006756756756757,-0.0033783783783783022,0.0,0.00011561155225000078,-12.0,0.0023648648648649014,0.0003378378378377997,0.0010135135135135032,0.0017527622064386975,-3.0,0.004989852019319785,0.004647839379303242,0.0,0.0003378378378379003,0.0003378378378379003,-7.227022581219981e-05,-52.5,0.0,-0.0003378378378377997,0.0020270270270269994,0.0006595865489785989,-263.5,0.0
qwen3_0.6b_1024d,en_def_translated_cn_def,5,2883,1053,6039,54.630593132154,43.32292750607007,4,4,0,0.0086715227193895,0.023933402705515,0.0298300381546999,0.0194076312203541,489.0,0.0086715227193895,0.0228928199791883,0.0308706208810267,0.0193157351415577,476.0,0.5300113817857138,0.5345403565413616,0.0041623309053069,0.0076309399930627,0.0121401318071453,0.0074838072076705,2865.0,0.0048560527228581,0.0135275754422476,0.0221990981616371,0.0134361747481838,993.0,,,2883,1053,6039,53.9715574054804,44.19007977800901,6,0,6,0.0090183836281651,0.0204647936177592,0.0298300381546999,0.0192940802945002,475.0,0.0110995490808185,0.0232396808879639,0.0319112036073534,0.0211212389334477,477.0,0.5355179635703725,0.5390920816798092,0.0041623309053069,0.0079778009018383,0.0121401318071453,0.0074461133730695,2804.0,0.0048560527228581,0.0128338536246964,0.0242802636142906,0.0140012653711207,731.0,,,0,0,0,-0.6590357266736007,0.8671522719389344,2,-4,6,0.0003468609087755991,-0.0034686090877558,0.0,-0.00011355092585390095,-14.0,0.0024280263614289994,0.00034686090877559736,0.0010405827263267019,0.0018055037918900015,1.0,0.005506581784658682,0.004551725138447593,0.0,0.00034686090877559996,0.0,-3.769383460100039e-05,-61.0,0.0,-0.0006937218175511999,0.002081165452653501,0.0005650906229369007,-262.0,
qwen3_0.6b_1024d,en_def_translated_cn_def,8,2790,1053,6039,54.76702508960574,43.15412186379928,4,4,0,0.0089605734767025,0.0247311827956989,0.0308243727598566,0.0199107453590452,480.5,0.0089605734767025,0.0236559139784946,0.0318996415770609,0.0197696746946911,473.0,0.5325711735284898,0.5371485615383567,0.0043010752688172,0.0078853046594982,0.0125448028673835,0.0076933257834628,2863.5,0.0050179211469534,0.0132616487455197,0.0211469534050179,0.0131477048597369,1016.0,,,2790,1053,6039,53.97849462365591,44.12186379928316,6,0,6,0.0093189964157706,0.0211469534050179,0.0308243727598566,0.0197779706165692,471.5,0.0114695340501792,0.0240143369175627,0.0329749103942652,0.0216362323971462,472.0,0.5375189091949794,0.5406690788666749,0.0043010752688172,0.0082437275985663,0.0125448028673835,0.007666553057733,2792.0,0.0050179211469534,0.0121863799283154,0.0225806451612903,0.0137405127251221,741.0,,,0,0,0,-0.788530465949826,0.967741935483879,2,-4,6,0.0003584229390680999,-0.0035842293906809992,0.0,-0.00013277474247599952,-9.0,0.0025089605734766995,0.00035842293906810166,0.0010752688172043015,0.0018665577024550989,-1.0,0.004947735666489539,0.0035205173283182623,0.0,0.0003584229390680999,0.0,-2.67727257297996e-05,-71.5,0.0,-0.0010752688172043015,0.0014336917562723997,0.0005928078653852,-275.0,
qwen3_0.6b_1024d,en_gloss_unihan,3,4648,1155,9152,56.90619621342513,40.85628227194492,10,8,2,0.0088209982788296,0.0264629948364888,0.0370051635111876,0.0211743835641851,555.0,0.0092512908777969,0.0266781411359724,0.0370051635111876,0.0219481981172241,543.0,0.5185389366328895,0.5300682800526194,0.0047332185886402,0.0090361445783132,0.0120481927710843,0.0081524737746833,4199.5,0.0058089500860585,0.01592082616179,0.0279690189328743,0.015026559323888,1174.0,"Across 4,648 held-out cases, the correct phonophore/source anchor was rank 1 in 0.88% before relation subtraction and 0.93% afterward.",0.0008658008658008,4648,1155,9152,55.895008605851984,42.147160068846816,13,8,5,0.0096815834767642,0.028184165232358,0.0402323580034423,0.0227219284500578,520.5,0.0107573149741824,0.0279690189328743,0.0402323580034423,0.024031697442,475.5,0.5462521663778164,0.5654663715520662,0.0045180722891566,0.0094664371772805,0.0124784853700516,0.0083062632180913,4206.0,0.0055938037865748,0.0165662650602409,0.0260327022375215,0.0156636608914454,867.5,"Across 4,648 held-out cases, the correct phonophore/source anchor was rank 1 in 0.97% before relation subtraction and 1.08% afterward.",0.0008658008658008,0,0,0,-1.0111876075731487,1.2908777969018956,3,0,3,0.0008605851979345998,0.001721170395869203,0.003227194492254698,0.0015475448858726995,-34.5,0.0015060240963855002,0.0012908777969019014,0.003227194492254698,0.0020834993247758997,-67.5,0.02771322974492685,0.03539809149944684,-0.00021514629948359964,0.0004302925989672999,0.0004302925989672999,0.00015378944340799922,6.5,-0.00021514629948370025,0.0006454388984508987,-0.0019363166953528,0.0006371015675573997,-306.5,0.0
qwen3_0.6b_1024d,en_gloss_unihan,5,4585,1155,9152,57.03380588876772,40.69792802617231,10,8,2,0.0089422028353326,0.0266085059978189,0.0370774263904034,0.0213261188074926,554.0,0.0093784078516902,0.0270447110141766,0.0375136314067611,0.0221797623834035,540.0,0.519035208246316,0.5307817481842115,0.0047982551799345,0.0089422028353326,0.0119956379498364,0.0081981003414848,4202.0,0.0058887677208287,0.0154852780806979,0.0274809160305343,0.0149511217267258,1168.0,,,4585,1155,9152,56.07415485278081,41.94111232279171,13,8,5,0.0098146128680479,0.0283533260632497,0.0401308615049073,0.0228790202222731,519.0,0.0109051254089422,0.0283533260632497,0.0407851690294438,0.0242835610937692,475.0,0.5461961523996001,0.5654230035777127,0.0045801526717557,0.0093784078516902,0.0124318429661941,0.0083655359473147,4210.0,0.0056706652126499,0.0163576881134133,0.0255179934569247,0.0156232481780376,859.0,,,0,0,0,-0.9596510359869157,1.243184296619397,3,0,3,0.0008724100327152998,0.0017448200654307973,0.0030534351145038996,0.0015529014147805005,-35.0,0.001526717557252,0.0013086150490730988,0.003271537622682695,0.0021037987103657008,-65.0,0.027160944153284072,0.03464125539350116,-0.0002181025081787998,0.0004362050163575996,0.0004362050163577002,0.0001674356058298989,8.0,-0.0002181025081787998,0.0008724100327153986,-0.0019629225736095997,0.000672126451311799,-309.0,
qwen3_0.6b_1024d,en_gloss_unihan,8,4472,1155,9152,57.26744186046512,40.45169946332737,10,7,3,0.0089445438282647,0.0266100178890876,0.0371198568872987,0.0213812206679572,551.5,0.0096153846153846,0.0272808586762075,0.0377906976744186,0.0224453103454743,537.5,0.5209977816911233,0.5327869074821032,0.0044722719141323,0.0087209302325581,0.0118515205724508,0.0079358216057112,4172.5,0.0053667262969588,0.0143112701252236,0.0259391771019678,0.0141584865500795,1156.0,,,4472,1155,9152,56.14937388193202,41.838103756708406,13,7,6,0.0098389982110912,0.0286225402504472,0.0402504472271914,0.0229767106553797,515.0,0.0111806797853309,0.0286225402504472,0.0411449016100178,0.0245915866833956,474.0,0.5473002824429611,0.5664085873821475,0.0044722719141323,0.0091681574239713,0.012298747763864,0.0082472540196412,4186.0,0.0051431127012522,0.0154293381037567,0.0241502683363148,0.0149135718569197,852.5,,,0,0,0,-1.118067978533098,1.3864042933810339,3,0,3,0.0008944543828264991,0.002012522361359601,0.0031305903398927,0.0015954899874225,-36.5,0.0015652951699462996,0.0013416815742396983,0.0033542039355991954,0.0021462763379212976,-63.5,0.02630250075183782,0.03362167990004428,0.0,0.00044722719141320096,0.00044722719141320096,0.00031143241393,13.5,-0.00022361359570660048,0.0011180679785331004,-0.0017889087656529981,0.0007550853068401999,-303.5,
qwen3_0.6b_1024d,zh_char,3,5240,1171,11150,58.53053435114504,39.408396946564885,23,19,4,0.0135496183206106,0.03206106870229,0.0475190839694656,0.0282822347914275,381.0,0.0143129770992366,0.0379770992366412,0.0545801526717557,0.031998541993973,351.5,0.6232868467410452,0.6355643635414627,0.0051526717557251,0.0110687022900763,0.0137404580152671,0.0093857222124643,3848.5,0.0110687022900763,0.0255725190839694,0.0417938931297709,0.0229809494251437,996.0,"Across 5,240 held-out cases, the correct phonophore/source anchor was rank 1 in 1.35% before relation subtraction and 1.43% afterward.",0.0008539709649871,5240,1171,11150,57.88167938931298,40.26717557251908,24,16,8,0.0133587786259541,0.03206106870229,0.0458015267175572,0.0286210037195196,365.0,0.0148854961832061,0.0408396946564885,0.0580152671755725,0.0336610724556187,336.0,0.636590167677954,0.6458537221896,0.0051526717557251,0.0103053435114503,0.0143129770992366,0.0096059645524111,3660.0,0.0097328244274809,0.0284351145038167,0.0459923664122137,0.02392981966462,810.0,"Across 5,240 held-out cases, the correct phonophore/source anchor was rank 1 in 1.34% before relation subtraction and 1.49% afterward.",0.0008539709649871,0,0,0,-0.6488549618320647,0.8587786259541943,1,-3,4,-0.00019083969465650066,0.0,-0.0017175572519083984,0.0003387689280920994,-16.0,0.0005725190839695003,0.0028625954198472983,0.0034351145038168038,0.0016625304616457032,-15.5,0.01330332093690878,0.010289358648137292,0.0,-0.0007633587786259992,0.0005725190839694985,0.00022024233994679884,-188.5,-0.0013358778625953988,0.002862595419847302,0.0041984732824427995,0.0009488702394763009,-186.0,0.0
qwen3_0.6b_1024d,zh_char,5,5179,1171,11150,58.69859046147905,39.235373624251785,23,19,4,0.01351612280363,0.0320525197914655,0.0476926047499517,0.0282820127305903,379.0,0.0142884726781231,0.0382313187874107,0.0550299285576366,0.0320825708080835,350.0,0.6242567370198188,0.636873765354167,0.0052133616528287,0.0111990731801506,0.0139022977408766,0.009471866305669,3839.0,0.0110059857115273,0.025680633326897,0.0418999806912531,0.02295266736201,989.0,,,5179,1171,11150,58.10001930874687,40.06564973933192,24,16,8,0.0133230353350067,0.0320525197914655,0.0459548175323421,0.028630904515908,365.0,0.014867735083993,0.0411276308167599,0.0585055029928557,0.0337733634813266,334.0,0.6367463606312804,0.6466695712302973,0.0052133616528287,0.0104267233056574,0.0144815601467464,0.0096973506970635,3658.0,0.0098474608997876,0.0285769453562463,0.0457617300637188,0.024028655250832,809.0,,,0,0,0,-0.5985711527321769,0.8302761150801317,1,-3,4,-0.00019308746862329966,0.0,-0.0017377872176095946,0.00034889178531770024,-14.0,0.0005792624058699007,0.0028963120293492017,0.003475574435219099,0.0016907926732430967,-16.0,0.012489623611461664,0.009795805876130381,0.0,-0.0007723498744932004,0.0005792624058698001,0.0002254843913944999,-181.0,-0.0011585248117397008,0.002896312029349299,0.0038617493724657018,0.0010759878888219991,-180.0,
qwen3_0.6b_1024d,zh_char,8,5073,1171,11150,58.90005913660556,39.030159668835005,23,18,5,0.0134042972600039,0.0321308890203035,0.0480977725211906,0.0282770070927764,378.0,0.0143899073526512,0.0384387936132466,0.0551941651882515,0.0322822963544166,349.0,0.6242008555432564,0.636874790452555,0.0053222945002956,0.0112359550561797,0.0137985412970628,0.0095041665586539,3864.0,0.0112359550561797,0.02602010644589,0.0421841119653065,0.0232520258661858,974.0,,,5073,1171,11150,58.3284052828701,39.87778434851173,24,16,8,0.0132071752414744,0.0321308890203035,0.0463236743544253,0.0285993000981593,365.0,0.0147841513897102,0.0413956238911886,0.0591366055588409,0.0338557401346501,333.0,0.6368031863005251,0.6468653387044871,0.0051251724817662,0.0104474669820618,0.0143899073526512,0.0096377150578995,3667.0,0.0100532229450029,0.028976936723832,0.0463236743544253,0.0243232166351859,799.0,,,0,0,0,-0.5716538537354623,0.847624679676727,1,-2,3,-0.00019712201852950008,0.0,-0.0017740981667653047,0.00032229300538290026,-13.0,0.00039424403705900016,0.0029568302779420033,0.003942440370589398,0.0015734437802334966,-16.0,0.012602330757268687,0.00999054825193213,-0.00019712201852940033,-0.0007884880741178997,0.0005913660555883996,0.00013354849924559868,-197.0,-0.001182732111176801,0.002956830277942,0.004139562389118799,0.0010711907690000994,-175.0,
qwen3_4b_2560d_int8,cn_def,3,2960,1053,6039,54.66216216216216,42.9054054054054,7,2,5,0.0125,0.0263513513513513,0.0341216216216216,0.0232487406762445,464.0,0.0141891891891891,0.027027027027027,0.0347972972972972,0.0249735501233174,460.5,0.5384961720275409,0.5455991162264926,0.0054054054054054,0.0125,0.016554054054054,0.0101082530562549,2761.5,0.0050675675675675,0.018581081081081,0.0280405405405405,0.0165690798795773,821.5,"Across 2,960 held-out cases, the correct phonophore/source anchor was rank 1 in 1.25% before relation subtraction and 1.42% afterward.",0.0009496676163342,2960,1053,6039,54.22297297297297,43.41216216216216,7,3,4,0.0128378378378378,0.0277027027027027,0.039527027027027,0.0240893533212187,454.0,0.0141891891891891,0.0287162162162162,0.0391891891891891,0.0255950642930318,446.0,0.5501560733737539,0.5577792621518858,0.0057432432432432,0.0121621621621621,0.016554054054054,0.0102656131761544,2681.5,0.0054054054054054,0.018581081081081,0.0293918918918918,0.0174827888714767,615.5,"Across 2,960 held-out cases, the correct phonophore/source anchor was rank 1 in 1.28% before relation subtraction and 1.42% afterward.",0.0009496676163342,0,0,0,-0.43918918918919303,0.5067567567567579,0,1,-1,0.0003378378378377997,0.0013513513513514,0.005405405405405399,0.0008406126449742,-10.0,0.0,0.0016891891891891997,0.0043918918918919025,0.0006215141697144023,-14.5,0.011659901346213086,0.012180145925393182,0.00033783783783780056,-0.0003378378378379003,0.0,0.00015736011989950054,-80.0,0.00033783783783789944,0.0,0.0013513513513512994,0.0009137089918993986,-206.0,0.0
qwen3_4b_2560d_int8,cn_def,5,2883,1053,6039,54.699965313909125,42.8026361429067,6,2,4,0.0128338536246964,0.0267082899757197,0.0346860908775581,0.0236126314945782,466.0,0.0142212972597988,0.0274020117932708,0.0353798126951092,0.0251588789057405,460.0,0.5382958182818119,0.5454862581093575,0.0055497745404092,0.0128338536246964,0.0169961845300034,0.0103022676065539,2773.0,0.0052029136316337,0.0190773499826569,0.0284425945195976,0.0167779929223062,811.0,,,2883,1053,6039,54.31841831425598,43.28824141519251,6,3,3,0.013180714533472,0.028095733610822,0.0402358654179673,0.0244602268891224,459.0,0.0142212972597988,0.0291363163371488,0.0398890045091918,0.0258058971859078,446.0,0.5498401538321536,0.55755418217979,0.0058966354491848,0.0124869927159209,0.0169961845300034,0.0104816988627011,2692.0,0.0055497745404092,0.0190773499826569,0.0298300381546999,0.0177025178787497,611.0,,,0,0,0,-0.3815469996531462,0.4856052722858095,0,1,-1,0.00034686090877560083,0.0013874436351022992,0.005549774540409204,0.000847595394544199,-7.0,0.0,0.0017343045438780007,0.004509191814082596,0.0006470182801673018,-14.0,0.011544335550341622,0.012067924070432556,0.00034686090877559996,-0.0003468609087755002,0.0,0.00017943125614719967,-81.0,0.0003468609087755002,0.0,0.0013874436351022992,0.0009245249564435003,-200.0,
qwen3_4b_2560d_int8,cn_def,8,2790,1053,6039,55.053763440860216,42.36559139784946,6,2,4,0.0132616487455197,0.0272401433691756,0.0354838709677419,0.0241554749679,463.0,0.0146953405017921,0.0279569892473118,0.03584229390681,0.0257829804593971,455.0,0.5400043610395628,0.5481451953609441,0.0057347670250896,0.0132616487455197,0.0175627240143369,0.0106115565066888,2761.5,0.0053763440860215,0.0193548387096774,0.0272401433691756,0.0167230375362402,821.5,,,2790,1053,6039,54.69534050179211,42.831541218638,6,3,3,0.0136200716845878,0.028673835125448,0.0412186379928315,0.0249797124883481,459.0,0.0146953405017921,0.0301075268817204,0.0408602150537634,0.0264880096072108,444.0,0.5511744143260149,0.5604102784251196,0.0060931899641577,0.0129032258064516,0.0175627240143369,0.0107978214365789,2691.5,0.0057347670250896,0.0193548387096774,0.0293906810035842,0.0176613903044807,614.0,,,0,0,0,-0.35842293906810596,0.46594982078854486,0,1,-1,0.0003584229390680999,0.0014336917562723997,0.005734767025089599,0.0008242375204480998,-4.0,0.0,0.0021505376344085995,0.005017921146953402,0.0007050291478136982,-11.0,0.011170053286452042,0.012265083064175508,0.0003584229390680999,-0.0003584229390680999,0.0,0.0001862649298901009,-70.0,0.0003584229390680999,0.0,0.0021505376344085995,0.0009383527682404989,-207.5,
qwen3_4b_2560d_int8,en_def_translated_cn_def,3,2960,1053,6039,53.75,43.98648648648648,3,3,0,0.0097972972972972,0.0233108108108108,0.0344594594594594,0.0208607110695905,501.0,0.0097972972972972,0.0229729729729729,0.031081081081081,0.0204286601063115,487.5,0.5234427987873805,0.5280370080156201,0.0043918918918918,0.0094594594594594,0.0152027027027027,0.0083300560826789,2757.5,0.0043918918918918,0.0131756756756756,0.0263513513513513,0.013262157133714,1035.0,"Across 2,960 held-out cases, the correct phonophore/source anchor was rank 1 in 0.98% before relation subtraction and 0.98% afterward.",0.0009496676163342,2960,1053,6039,54.054054054054056,43.71621621621621,5,1,4,0.0094594594594594,0.0243243243243243,0.0327702702702702,0.021125294905748,469.0,0.0108108108108108,0.0239864864864864,0.0344594594594594,0.0222435292376491,457.0,0.5445830336039461,0.5490683768369129,0.0050675675675675,0.0094594594594594,0.0135135135135135,0.0089643105318199,2736.5,0.0050675675675675,0.0121621621621621,0.0260135135135135,0.0145967969962479,698.0,"Across 2,960 held-out cases, the correct phonophore/source anchor was rank 1 in 0.95% before relation subtraction and 1.08% afterward.",0.0009496676163342,0,0,0,0.30405405405405617,-0.2702702702702666,2,-2,4,-0.00033783783783780143,0.0010135135135134997,-0.0016891891891891997,0.00026458383615749967,-32.0,0.0010135135135135986,0.0010135135135134997,0.0033783783783783994,0.0018148691313376007,-30.5,0.021140234816565573,0.02103136882129275,0.0006756756756757,0.0,-0.0016891891891891997,0.0006342544491409995,-21.0,0.0006756756756757,-0.0010135135135134997,-0.0003378378378377997,0.0013346398625339005,-337.0,0.0
qwen3_4b_2560d_int8,en_def_translated_cn_def,5,2883,1053,6039,53.69406867845994,44.05133541449879,3,3,0,0.0097121054457162,0.0235865417967395,0.0350329517863336,0.0209706699075682,500.0,0.0097121054457162,0.0232396808879639,0.0315643426985778,0.0205211511993439,488.0,0.5239324135584369,0.5278115186836695,0.0045091918140825,0.0097121054457162,0.0152618799861255,0.008463294282773,2757.0,0.0045091918140825,0.0135275754422476,0.0263614290669441,0.0133711473755697,1031.0,,,2883,1053,6039,54.00624349635797,43.73916059660076,5,1,4,0.0093652445369406,0.0246271245230662,0.0332986472424557,0.0212109943839692,469.0,0.010752688172043,0.0242802636142906,0.0350329517863336,0.0223625609478146,459.0,0.5446850489759689,0.5485539329147263,0.0052029136316337,0.0093652445369406,0.0135275754422476,0.0090928219294741,2726.0,0.0052029136316337,0.0121401318071453,0.0260145681581685,0.0146583061979749,695.0,,,0,0,0,0.3121748178980255,-0.3121748178980255,2,-2,4,-0.00034686090877560083,0.0010405827263267019,-0.0017343045438779,0.00024032447640100207,-31.0,0.001040582726326799,0.0010405827263267019,0.0034686090877558,0.0018414097484707008,-29.0,0.020752635417532028,0.020742414231056827,0.0006937218175511999,-0.00034686090877560083,-0.0017343045438779,0.0006295276467011002,-31.0,0.0006937218175511999,-0.0013874436351022992,-0.00034686090877559736,0.0012871588224051995,-336.0,
qwen3_4b_2560d_int8,en_def_translated_cn_def,8,2790,1053,6039,53.97849462365591,43.727598566308245,3,3,0,0.0100358422939068,0.0243727598566308,0.03584229390681,0.0215007774167378,498.5,0.0100358422939068,0.0240143369175627,0.0326164874551971,0.0210620292549412,485.0,0.5261481799473949,0.5305484007250227,0.0046594982078853,0.0100358422939068,0.0157706093189964,0.0087100140959268,2744.0,0.0046594982078853,0.0129032258064516,0.0243727598566308,0.0130647534251457,1056.0,,,2790,1053,6039,54.3010752688172,43.36917562724014,5,1,4,0.0096774193548387,0.0254480286738351,0.0340501792114695,0.0217180064846847,467.5,0.0111111111111111,0.025089605734767,0.0362007168458781,0.0229550956456295,455.0,0.546166373659321,0.550726044945964,0.0053763440860215,0.0096774193548387,0.0139784946236559,0.0093642553950744,2725.5,0.0053763440860215,0.0118279569892473,0.0236559139784946,0.0143516500685401,707.0,,,0,0,0,0.32258064516128826,-0.35842293906810596,2,-2,4,-0.0003584229390680999,0.0010752688172043015,-0.0017921146953404979,0.00021722906794690092,-31.0,0.0010752688172042998,0.0010752688172043015,0.0035842293906809958,0.0018930663906883,-30.0,0.020018193711926036,0.02017764422094126,0.0007168458781361998,-0.0003584229390680999,-0.0017921146953404996,0.0006542412991476006,-18.5,0.0007168458781361998,-0.0010752688172043015,-0.0007168458781361998,0.0012868966433943994,-349.0,
qwen3_4b_2560d_int8,en_gloss_unihan,3,4648,1155,9152,56.4328743545611,41.02839931153184,10,7,3,0.0129087779690189,0.0331325301204819,0.0443201376936316,0.0259660992342579,542.0,0.0135542168674698,0.0324870912220309,0.0432444061962134,0.0265092466946229,532.0,0.5238253086622301,0.5327922857560472,0.0060240963855421,0.0129087779690189,0.0178571428571428,0.0105669262405756,4214.5,0.0081755593803786,0.0197934595524956,0.0316265060240963,0.0178523611076836,1204.0,"Across 4,648 held-out cases, the correct phonophore/source anchor was rank 1 in 1.29% before relation subtraction and 1.36% afterward.",0.0008658008658008,4648,1155,9152,55.27108433734939,42.147160068846816,10,5,5,0.0135542168674698,0.0331325301204819,0.0462564543889845,0.0274719702850709,515.0,0.0146299483648881,0.0342082616179001,0.0453958691910499,0.0284814167785298,497.0,0.5415396421039445,0.5561302526272458,0.0055938037865748,0.0129087779690189,0.0180722891566265,0.0103743885933336,4201.5,0.0075301204819277,0.0215146299483648,0.0309810671256454,0.0183201570190832,849.0,"Across 4,648 held-out cases, the correct phonophore/source anchor was rank 1 in 1.36% before relation subtraction and 1.46% afterward.",0.0008658008658008,0,0,0,-1.1617900172117075,1.1187607573149734,0,-2,2,0.0006454388984509004,0.0,0.0019363166953529007,0.0015058710508129985,-27.0,0.0010757314974182992,0.0017211703958691996,0.0021514629948364977,0.0019721700839068976,-35.0,0.01771433344171436,0.0233379668711986,-0.0004302925989672999,0.0,0.00021514629948369765,-0.00019253764724200088,-13.0,-0.0006454388984509004,0.0017211703958691996,-0.0006454388984508987,0.00046779591139960164,-355.0,0.0
qwen3_4b_2560d_int8,en_gloss_unihan,5,4585,1155,9152,56.597600872410034,40.82878953107961,10,7,3,0.0130861504907306,0.0335877862595419,0.0444929116684841,0.0261807097141871,542.0,0.0137404580152671,0.0324972737186477,0.0434023991275899,0.0266923374113164,531.0,0.5239786131024041,0.5333649588270092,0.0061068702290076,0.0130861504907306,0.0178844056706652,0.0106545073456631,4214.0,0.0080697928026172,0.0194111232279171,0.0309705561613958,0.0176359730106023,1194.0,,,4585,1155,9152,55.528898582333696,41.853871319520174,10,5,5,0.0137404580152671,0.0335877862595419,0.0462377317339149,0.0276880271224146,515.0,0.0148309705561613,0.0342420937840785,0.0455834242093784,0.0287187298240619,497.0,0.5412606854164266,0.5563452899119086,0.0056706652126499,0.0130861504907306,0.0183206106870229,0.010485183223924,4210.0,0.0074154852780806,0.0213740458015267,0.0303162486368593,0.018129838731147,845.0,,,0,0,0,-1.068702290076338,1.0250817884405663,0,-2,2,0.0006543075245365008,0.0,0.0017448200654308008,0.0015073174082275015,-27.0,0.0010905125408941993,0.0017448200654308008,0.0021810250817885027,0.0020263924127454994,-34.0,0.017282072314022456,0.022980331084899386,-0.0004362050163576993,0.0,0.0004362050163577019,-0.00016932412173909991,-4.0,-0.0006543075245365997,0.0019629225736095997,-0.0006543075245365008,0.0004938657205446999,-349.0,
qwen3_4b_2560d_int8,en_gloss_unihan,8,4472,1155,9152,56.864937388193205,40.54114490161002,10,7,3,0.0129695885509839,0.033989266547406,0.045169946332737,0.0262929234868179,541.0,0.0136404293381037,0.0328711985688729,0.0438282647584973,0.0267860375991671,527.0,0.5248680020958446,0.5347986547530097,0.005813953488372,0.0129695885509839,0.0178890876565295,0.0104556616317518,4207.5,0.0073792486583184,0.0178890876565295,0.0290697674418604,0.016701026242883,1185.5,,,4472,1155,9152,55.72450805008945,41.61449016100179,10,4,6,0.0136404293381037,0.033989266547406,0.0469588550983899,0.0278368428764724,513.5,0.0149821109123434,0.0344364937388193,0.0460644007155635,0.0289600114162028,496.0,0.5415562808679771,0.5569346567744455,0.0053667262969588,0.0129695885509839,0.0183363148479427,0.0102875950264012,4206.5,0.0069320214669051,0.019901610017889,0.0286225402504472,0.0173036342898871,838.5,,,0,0,0,-1.1404293381037576,1.0733452593917718,0,-3,3,0.0006708407871198006,0.0,0.001788908765652901,0.0015439193896544974,-27.5,0.0013416815742397,0.0015652951699464054,0.0022361359570662043,0.0021739738170356987,-31.0,0.016688278772132525,0.02213600202143584,-0.0004472271914132001,0.0,0.0004472271914132027,-0.0001680666053505992,-1.0,-0.0004472271914133007,0.0020125223613595006,-0.0004472271914131992,0.0006026080470040995,-347.0,
qwen3_4b_2560d_int8,zh_char,3,5240,1171,11150,61.164122137404576,35.11450381679389,57,18,39,0.024236641221374,0.0511450381679389,0.0694656488549618,0.0434830638797869,359.0,0.0316793893129771,0.065648854961832,0.0898854961832061,0.0548195347980615,319.5,0.632899947804528,0.654421935147126,0.0091603053435114,0.0223282442748091,0.0284351145038167,0.0168337757372397,3335.5,0.024236641221374,0.0608778625954198,0.0895038167938931,0.048374487820148,385.0,"Across 5,240 held-out cases, the correct phonophore/source anchor was rank 1 in 2.42% before relation subtraction and 3.17% afterward.",0.0008539709649871,5240,1171,11150,58.98854961832061,37.70992366412214,70,15,55,0.0248091603053435,0.0530534351145038,0.0719465648854961,0.0451571613490473,284.0,0.0353053435114503,0.0740458015267175,0.098854961832061,0.060768234224237,247.5,0.6795772166764533,0.6958904221308801,0.0083969465648854,0.0206106870229007,0.0284351145038167,0.0160292143841037,2869.0,0.0225190839694656,0.0631679389312977,0.090648854961832,0.0482463278762339,300.0,"Across 5,240 held-out cases, the correct phonophore/source anchor was rank 1 in 2.48% before relation subtraction and 3.53% afterward.",0.0008539709649871,0,0,0,-2.175572519083964,2.5954198473282446,13,-3,16,0.000572519083969502,0.0019083969465648956,0.002480916030534297,0.0016740974692604008,-75.0,0.003625954198473204,0.008396946564885502,0.008969465648854896,0.005948699426175499,-72.0,0.04667726887192536,0.04146848698375416,-0.0007633587786260009,-0.0017175572519083984,0.0,-0.0008045613531359984,-466.5,-0.0017175572519083984,0.002290076335877897,0.0011450381679389,-0.0001281599439140954,-85.0,0.0
qwen3_4b_2560d_int8,zh_char,5,5179,1171,11150,61.24734504730643,34.98744931453949,57,18,39,0.0245221085151573,0.0515543541224174,0.0700907511102529,0.043890242369225,357.0,0.0320525197914655,0.0664220892064105,0.0905580227843213,0.0553520213579412,317.0,0.6342007416539179,0.655664806755751,0.0092681984939177,0.0225912338289245,0.0287700328248696,0.0170178527164459,3331.0,0.0245221085151573,0.061401815022205,0.0895925854412048,0.0487085579440319,383.0,,,5179,1171,11150,59.06545665186329,37.59413014095385,70,15,55,0.0251013709210272,0.0534852288086503,0.0726008882023556,0.0455771492687148,283.0,0.0357211816953079,0.0749179378258351,0.099826221278239,0.0613801054337061,246.0,0.6804395793003633,0.6969670414543943,0.0084958486194245,0.0208534466113149,0.0287700328248696,0.0162068897251064,2850.0,0.0227843212975477,0.0637188646456844,0.0909441977215678,0.0485950413384526,299.0,,,0,0,0,-2.1818883954431385,2.6066808264143617,13,-3,16,0.0005792624058699007,0.001930874686232903,0.00251013709210271,0.001686906899489797,-74.0,0.0036686619038424004,0.008495848619424595,0.00926819849391769,0.006028084075764904,-71.0,0.04623883764644532,0.04130223469864325,-0.0007723498744932004,-0.0017377872176096015,0.0,-0.0008109629913394985,-481.0,-0.001737787217609598,0.0023170496234793947,0.0013516122803629987,-0.00011351660557930299,-84.0,
qwen3_4b_2560d_int8,zh_char,8,5073,1171,11150,61.62034299231224,34.594914251921935,57,15,42,0.0240488862605953,0.0510546027991326,0.0697811945594322,0.043510384867946,357.0,0.032328011038833,0.0666272422629607,0.0908732505420855,0.055556803879241,317.0,0.6338155241171208,0.6558669072566174,0.0094618568894145,0.0228661541494184,0.0291740587423615,0.0171901988417536,3338.0,0.0246402523161837,0.061304947762665,0.0896905184309087,0.0487991684248643,378.0,,,5073,1171,11150,59.41257638478218,37.23634930021684,69,15,54,0.0252316183717721,0.0534200670214863,0.0727380248373743,0.0456969486594376,284.0,0.0358762073723634,0.0753006110782574,0.100729351468559,0.0616852272460746,244.0,0.6800616975069962,0.6975988179418102,0.0086733688152966,0.0210920559826532,0.028976936723832,0.0164050867091568,2871.0,0.022669032130889,0.0636704119850187,0.091070372560615,0.0485989518276205,297.0,,,0,0,0,-2.2077666075300613,2.641435048294902,12,0,12,0.0011827321111767992,0.0023654642223537026,0.0029568302779420935,0.002186563791491604,-73.0,0.0035481963335303943,0.008673368815296706,0.009856100926473502,0.006128423366833599,-73.0,0.046246173389875356,0.041731910685192775,-0.0007884880741178997,-0.0017740981667652006,-0.0001971220185295018,-0.0007851121325968026,-467.0,-0.001971220185294699,0.0023654642223537026,0.001379854129706301,-0.00020021659724379914,-81.0,
