model,channel,support_threshold,n_heldout_cases_raw,n_p_root_families_raw,n_distinct_mapped_s_contexts_raw,candidate_count_raw,percent_rank_improved_raw,percent_rank_worsened_raw,percent_rank_tied_raw,top1_rescues_raw,top1_losses_raw,top1_net_raw,baseline_recall_at_1_raw,baseline_recall_at_5_raw,baseline_recall_at_10_raw,baseline_mrr_raw,baseline_median_rank_raw,baseline_mean_rank_raw,offset_recall_at_1_raw,offset_recall_at_5_raw,offset_recall_at_10_raw,offset_mrr_raw,offset_median_rank_raw,offset_mean_rank_raw,recall_at_1_gain_raw,recall_at_5_gain_raw,recall_at_10_gain_raw,human_interpretation_raw,n_heldout_cases_centered,n_p_root_families_centered,n_distinct_mapped_s_contexts_centered,candidate_count_centered,percent_rank_improved_centered,percent_rank_worsened_centered,percent_rank_tied_centered,top1_rescues_centered,top1_losses_centered,top1_net_centered,baseline_recall_at_1_centered,baseline_recall_at_5_centered,baseline_recall_at_10_centered,baseline_mrr_centered,baseline_median_rank_centered,baseline_mean_rank_centered,offset_recall_at_1_centered,offset_recall_at_5_centered,offset_recall_at_10_centered,offset_mrr_centered,offset_median_rank_centered,offset_mean_rank_centered,recall_at_1_gain_centered,recall_at_5_gain_centered,recall_at_10_gain_centered,human_interpretation_centered,n_heldout_cases_centered_minus_raw,n_p_root_families_centered_minus_raw,n_distinct_mapped_s_contexts_centered_minus_raw,candidate_count_centered_minus_raw,percent_rank_improved_centered_minus_raw,percent_rank_worsened_centered_minus_raw,percent_rank_tied_centered_minus_raw,top1_rescues_centered_minus_raw,top1_losses_centered_minus_raw,top1_net_centered_minus_raw,baseline_recall_at_1_centered_minus_raw,baseline_recall_at_5_centered_minus_raw,baseline_recall_at_10_centered_minus_raw,baseline_mrr_centered_minus_raw,baseline_median_rank_centered_minus_raw,baseline_mean_rank_centered_minus_raw,offset_recall_at_1_centered_minus_raw,offset_recall_at_5_centered_minus_raw,offset_recall_at_10_centered_minus_raw,offset_mrr_centered_minus_raw,offset_median_rank_centered_minus_raw,offset_mean_rank_centered_minus_raw,recall_at_1_gain_centered_minus_raw,recall_at_5_gain_centered_minus_raw,recall_at_10_gain_centered_minus_raw
bge_m3_1024d,cn_def,3,2398,320,177,6039,50.20850708924104,47.956630525437866,1.834862385321101,2,0,2,0.0033361134278565,0.0237698081734779,0.036697247706422,0.0170019619967231,1163.5,1749.23352793995,0.0041701417848206,0.0221017514595496,0.0350291909924937,0.0173904458822328,1194.0,1726.4720600500416,0.0008340283569641,-0.0016680567139282,-0.0016680567139282,"Across 2,398 held-out members of P families, the correct derived character was rank 1 in 0.33% using S alone and 0.42% after adding r_P.",2398,320,177,6039,54.04503753127607,44.28690575479566,1.6680567139282736,3,1,2,0.0037531276063386,0.024603836530442,0.0387823185988323,0.0180597214486964,1087.5,1780.5650542118433,0.0045871559633027,0.0212677231025854,0.037114261884904,0.0177513333739292,1026.0,1649.4353628023352,0.0008340283569641,-0.0033361134278565,-0.0016680567139282,"Across 2,398 held-out members of P families, the correct derived character was rank 1 in 0.38% using S alone and 0.46% after adding r_P.",0,0,0,0,3.836530442035034,-3.6697247706422047,-0.16680567139282743,1,1,0,0.00041701417848210003,0.0008340283569641012,0.0020850708924103,0.001057759451973301,-76.0,31.33152627189338,0.00041701417848210003,-0.0008340283569641983,0.0020850708924103,0.0003608874916963996,-168.0,-77.03669724770634,0.0,-0.0016680567139283002,0.0
bge_m3_1024d,cn_def,5,1804,185,164,6039,51.21951219512195,46.84035476718403,1.9401330376940131,2,0,2,0.003880266075388,0.024390243902439,0.0376940133037694,0.0172049088870539,1205.5,1765.5593126385809,0.0049889135254988,0.0238359201773835,0.0343680709534368,0.0179169070237819,1175.5,1730.9645232815965,0.0011086474501108,-0.0005543237250554,-0.0033259423503325,,1804,185,164,6039,55.54323725055432,42.572062084257205,1.88470066518847,3,1,2,0.003880266075388,0.0249445676274944,0.0399113082039911,0.0180726497559751,1103.5,1791.6402439024391,0.0049889135254988,0.0210643015521064,0.0376940133037694,0.0181308154255901,1010.5,1643.2926829268292,0.0011086474501108,-0.003880266075388,-0.0022172949002217,,0,0,0,0,4.323725055432369,-4.268292682926827,-0.055432372505543226,1,1,0,0.0,0.0005543237250554001,0.0022172949002217043,0.0008677408689212011,-102.0,26.080931263858247,0.0,-0.002771618625277101,0.0033259423503325947,0.00021390840180820006,-165.0,-87.67184035476726,0.0,-0.0033259423503326,0.0011086474501108001
bge_m3_1024d,cn_def,8,1112,86,135,6039,52.42805755395683,45.50359712230216,2.068345323741007,2,0,2,0.0026978417266187,0.0242805755395683,0.0377697841726618,0.0163041008308472,1276.0,1794.7778776978416,0.0044964028776978,0.0215827338129496,0.033273381294964,0.0170022178258155,1215.0,1734.1223021582734,0.0017985611510791,-0.0026978417266187,-0.0044964028776978,,1112,86,135,6039,57.19424460431655,41.09712230215828,1.70863309352518,2,0,2,0.0026978417266187,0.0251798561151079,0.039568345323741,0.0172835875158253,1218.5,1810.4703237410072,0.0044964028776978,0.02068345323741,0.0341726618705036,0.0174489549148483,996.5,1646.05035971223,0.0017985611510791,-0.0044964028776978,-0.0053956834532374,,0,0,0,0,4.766187050359719,-4.4064748201438775,-0.3597122302158273,0,0,0,0.0,0.0008992805755396009,0.001798561151079195,0.0009794866849781002,-57.5,15.692446043165546,0.0,-0.0008992805755396009,0.0008992805755395974,0.0004467370890328011,-218.5,-88.07194244604352,0.0,-0.0017985611510791,-0.0008992805755396
bge_m3_1024d,en_def_translated_cn_def,3,2398,320,177,6039,49.9582985821518,48.54045037531276,1.5012510425354462,2,4,-2,0.0058381984987489,0.0195996663886572,0.0341951626355296,0.016484536612875,1445.0,1949.7718932443704,0.0050041701417848,0.0158465387823186,0.0325271059216013,0.0152284851581774,1420.0,1937.8073394495411,-0.0008340283569641,-0.0037531276063386,-0.0016680567139282,"Across 2,398 held-out members of P families, the correct derived character was rank 1 in 0.58% using S alone and 0.50% after adding r_P.",2398,320,177,6039,51.66805671392828,46.705587989991656,1.626355296080067,3,2,1,0.0054211843202668,0.0229357798165137,0.0358632193494578,0.0174347363575055,1316.5,1941.977481234362,0.0058381984987489,0.0204336947456213,0.0362802335279399,0.0167861433951473,1282.5,1839.956630525438,0.000417014178482,-0.0025020850708924,0.000417014178482,"Across 2,398 held-out members of P families, the correct derived character was rank 1 in 0.54% using S alone and 0.58% after adding r_P.",0,0,0,0,1.709758131776482,-1.8348623853211024,0.12510425354462074,1,-2,3,-0.00041701417848210003,0.003336113427856502,0.0016680567139281954,0.0009501997446305019,-128.5,-7.7944120100085,0.0008340283569641003,0.0045871559633027005,0.0037531276063385993,0.0015576582369699003,-137.5,-97.85070892410317,0.0012510425354461,0.0012510425354462004,0.0020850708924102
bge_m3_1024d,en_def_translated_cn_def,5,1804,185,164,6039,51.10864745011087,47.28381374722838,1.6075388026607538,2,3,-1,0.0060975609756097,0.0194013303769401,0.0354767184035476,0.0166630950050169,1436.5,1971.2439024390244,0.0055432372505543,0.0149667405764966,0.0315964523281596,0.0155769217303057,1423.0,1944.8231707317077,-0.0005543237250554,-0.0044345898004434,-0.003880266075388,,1804,185,164,6039,52.99334811529933,45.23281596452328,1.7738359201773837,3,1,2,0.0055432372505543,0.0232815964523281,0.0376940133037694,0.0179027358019861,1300.5,1945.5144124168517,0.0066518847006651,0.020509977827051,0.0376940133037694,0.0176317127130376,1276.0,1823.579822616408,0.0011086474501108,-0.0027716186252771,0.0,,0,0,0,0,1.8847006651884541,-2.050997782705096,0.1662971175166299,1,-2,3,-0.0005543237250554001,0.0038802660753880017,0.0022172949002217945,0.0012396407969691992,-136.0,-25.72949002217274,0.0011086474501108001,0.0055432372505544,0.006097560975609796,0.0020547909827318984,-147.0,-121.2433481152998,0.0016629711751661998,0.0016629711751663,0.003880266075388
bge_m3_1024d,en_def_translated_cn_def,8,1112,86,135,6039,51.34892086330935,46.76258992805755,1.8884892086330936,0,2,-2,0.0062949640287769,0.0161870503597122,0.0323741007194244,0.015717848722676,1388.0,1947.431654676259,0.0044964028776978,0.0125899280575539,0.0296762589928057,0.0144184139430114,1414.0,1906.7275179856117,-0.0017985611510791,-0.0035971223021582,-0.0026978417266187,,1112,86,135,6039,52.96762589928058,45.32374100719424,1.70863309352518,3,1,2,0.0044964028776978,0.0224820143884892,0.0368705035971223,0.0168158480887736,1255.5,1914.238309352518,0.0062949640287769,0.0161870503597122,0.0359712230215827,0.0168789274498011,1225.5,1782.6807553956835,0.0017985611510791,-0.0062949640287769,-0.0008992805755395,,0,0,0,0,1.6187050359712245,-1.4388489208633075,-0.17985611510791366,3,-1,4,-0.0017985611510791004,0.006294964028777002,0.004496402877697904,0.0010979993660976024,-132.5,-33.19334532374114,0.0017985611510791004,0.0035971223021582996,0.006294964028776998,0.0024605135067897015,-188.5,-124.04676258992822,0.0035971223021582,-0.0026978417266187004,0.0017985611510792
bge_m3_1024d,en_gloss_unihan,3,4186,448,211,9152,59.79455327281414,39.46488294314381,0.7405637840420449,18,5,13,0.0031055900621118,0.009077878643096,0.0162446249402771,0.0094926817379514,1845.0,2729.00955566173,0.0062111801242236,0.0279503105590062,0.0430004777830864,0.0205997704260767,1608.5,2574.987577639752,0.0031055900621118,0.0188724319159101,0.0267558528428093,"Across 4,186 held-out members of P families, the correct derived character was rank 1 in 0.31% using S alone and 0.62% after adding r_P.",4186,448,211,9152,64.28571428571429,34.9976110845676,0.716674629718108,19,3,16,0.0031055900621118,0.0086000955566172,0.013616817964644,0.0089443177059861,1553.0,2522.7878643096037,0.0069278547539417,0.0243669374104156,0.033683707596751,0.0196572645546122,1139.0,2223.624223602485,0.0038222646918299,0.0157668418537983,0.020066889632107,"Across 4,186 held-out members of P families, the correct derived character was rank 1 in 0.31% using S alone and 0.69% after adding r_P.",0,0,0,0,4.49116101290015,-4.467271858576211,-0.0238891543239369,1,-2,3,0.0,-0.0004777830864787988,-0.0026278069756330985,-0.000548364031965301,-292.0,-206.22169135212607,0.0007166746297180993,-0.0035833731485906024,-0.009316770186335394,-0.000942505871464501,-469.5,-351.3633540372671,0.0007166746297180998,-0.0031055900621118,-0.006688963210702302
bge_m3_1024d,en_gloss_unihan,5,3577,312,203,9152,60.83310036343305,38.30025160749232,0.8666480290746437,17,4,13,0.0033547665641599,0.0092256080514397,0.0159351411797595,0.0097109610745368,1852.0,2750.743360357842,0.0069890970086664,0.0273972602739726,0.0430528375733855,0.0211054486652644,1582.0,2577.835336874476,0.0036343304445065,0.0181716522225328,0.0271176963936259,,3577,312,203,9152,65.89320659770758,33.407883701425774,0.698909700866648,17,3,14,0.0033547665641599,0.008946044171093,0.0139781940173329,0.009261052444871,1532.0,2525.82275649986,0.0072686608890131,0.0240424937098126,0.0332681017612524,0.0199878332922654,1094.0,2196.489236790607,0.0039138943248532,0.0150964495387195,0.0192899077439194,,0,0,0,0,5.060106234274528,-4.892367906066546,-0.1677383282079956,0,-1,1,0.0,-0.0002795638803467001,-0.0019569471624265988,-0.00044990862966579927,-320.0,-224.92060385798186,0.0002795638803467001,-0.003354766564160002,-0.0097847358121331,-0.001117615372999002,-488.0,-381.34610008386926,0.0002795638803467001,-0.003075202683813302,-0.007827788649706499
bge_m3_1024d,en_gloss_unihan,8,2667,181,190,9152,61.942257217847775,37.232845894263214,0.8248968878890138,14,3,11,0.0026246719160104,0.0089988751406074,0.0157480314960629,0.009268638690071,1885.0,2757.632920884889,0.0067491563554555,0.0288713910761154,0.0446194225721784,0.0218382415278527,1575.0,2588.937757780277,0.004124484439445,0.019872515935508,0.0288713910761154,,2667,181,190,9152,67.45406824146981,31.90851143607049,0.6374203224596925,14,1,13,0.0022497187851518,0.0082489688788901,0.0138732658417697,0.008558008166663,1536.0,2507.92125984252,0.0071241094863142,0.025121859767529,0.0341207349081364,0.0204970357298511,1087.0,2183.1949756280464,0.0048743907011623,0.0168728908886389,0.0202474690663667,,0,0,0,0,5.5118110236220375,-5.324334458192723,-0.18747656542932134,0,-2,2,-0.00037495313085860035,-0.0007499062617173004,-0.0018747656542932017,-0.0007106305234079995,-349.0,-249.71166104236863,0.00037495313085869966,-0.0037495313085864,-0.010498687664042002,-0.0013412057980016004,-488.0,-405.7427821522306,0.0007499062617173004,-0.002999625046869101,-0.008623922009748698
bge_m3_1024d,zh_char,3,4763,474,220,11150,68.4232626495906,30.925887045979422,0.650850304429981,7,9,-2,0.003779130799916,0.0149065714885576,0.0243543984883476,0.011467300210754,4672.0,4634.63762334663,0.0033592273777031,0.0121771992441738,0.0180558471551543,0.0086251681195995,5609.0,4976.595423052698,-0.0004199034222128,-0.0027293722443837,-0.0062985513331933,"Across 4,763 held-out members of P families, the correct derived character was rank 1 in 0.38% using S alone and 0.34% after adding r_P.",4763,474,220,11150,62.98551333193365,32.77346210371614,4.2410245643502,12,4,8,0.0035691790888095,0.0153264749107705,0.0245643501994541,0.0115962719686128,4453.0,4672.939743858912,0.0052487927776611,0.0199454125551123,0.0321226117992861,0.0153866512808813,4044.0,4283.566029813143,0.0016796136888515,0.0046189376443418,0.007558261599832,"Across 4,763 held-out members of P families, the correct derived character was rank 1 in 0.36% using S alone and 0.52% after adding r_P.",0,0,0,0,-5.4377493176569445,1.8475750577367194,3.590174259920219,5,-5,10,-0.00020995171110649996,0.00041990342221290104,0.00020995171110649996,0.00012897175785879858,-219.0,38.30212051228227,0.001889565399958,0.007768213310938498,0.014066764644131799,0.006761483161281801,-1565.0,-693.0293932395543,0.0020995171110643,0.007348309888725499,0.013856812933025299
bge_m3_1024d,zh_char,5,4181,346,215,11150,68.69170055010763,30.590767758909355,0.7175316909830185,6,7,-1,0.003587658454915,0.015307342740971,0.0248744319540779,0.011567097852518,4669.0,4622.764171250897,0.0033484812245874,0.0121980387467113,0.0186558239655584,0.0086370134888739,5612.0,5014.902176512796,-0.0002391772303276,-0.0031093039942597,-0.0062186079885194,,4181,346,215,11150,63.28629514470222,32.28892609423583,4.424778761061947,11,3,8,0.003587658454915,0.016024874431954,0.0248744319540779,0.0118509541708235,4453.0,4677.637168141593,0.0055010762975364,0.0208084190385075,0.0332456350155465,0.015997069700698,4044.0,4283.880889739296,0.0019134178426213,0.0047835446065534,0.0083712030614685,,0,0,0,0,-5.4054054054054035,1.6981583353264789,3.707247070078928,5,-4,9,0.0,0.0007175316909829987,0.0,0.000283856318305499,-216.0,54.87299689069641,0.002152595072949,0.0086103802917962,0.014589811049988098,0.007360056211824098,-1568.0,-731.0212867734999,0.0021525950729488997,0.0078928486008131,0.0145898110499879
bge_m3_1024d,zh_char,8,3313,220,201,11150,68.09538182915786,31.21038333836402,0.6942348324781165,5,7,-2,0.0039239360096589,0.0162994265016601,0.0253546634470268,0.0121305208775454,4381.0,4576.926954421974,0.0033202535466344,0.0117718080289767,0.017506791427709,0.0083735084718122,5616.0,5039.729550256565,-0.0006036824630244,-0.0045276184726833,-0.0078478720193178,,3313,220,201,11150,64.02052520374284,31.632961062481137,4.346513733776034,10,2,8,0.0036220947781466,0.017506791427709,0.0253546634470268,0.0123909335045008,4356.0,4625.731059462722,0.0060368246302444,0.0211288862058557,0.0335043766978569,0.0166979659279514,3886.0,4233.059764563839,0.0024147298520977,0.0036220947781466,0.00814971325083,,0,0,0,0,-4.074856625415023,0.42257772411711514,3.652278901297917,5,-5,10,-0.00030184123151229996,0.0012073649260488997,0.0,0.0002604126269554006,-25.0,48.804105040748254,0.0027165710836099997,0.009357078176879,0.0159975852701479,0.008324457456139198,-1730.0,-806.6697856927258,0.0030184123151221,0.0081497132508299,0.0159975852701478
gte_multilingual_base_768d,cn_def,3,2398,320,177,6039,55.04587155963303,42.91075896580484,2.043369474562135,3,2,1,0.0054211843202668,0.024603836530442,0.0400333611342785,0.0200591601652732,1077.0,1806.6042535446204,0.0058381984987489,0.0233527939949958,0.0442035029190992,0.020544740495949,956.5,1669.8302752293578,0.000417014178482,-0.0012510425354462,0.0041701417848206,"Across 2,398 held-out members of P families, the correct derived character was rank 1 in 0.54% using S alone and 0.58% after adding r_P.",2398,320,177,6039,54.253544620517104,43.53628023352794,2.2101751459549623,3,1,2,0.0041701417848206,0.024603836530442,0.0391993327773144,0.019357235991591,950.0,1657.1259382819017,0.0050041701417848,0.0266889074228523,0.0404503753127606,0.0204180549469673,837.5,1507.9361968306923,0.0008340283569641,0.0020850708924103,0.0012510425354462,"Across 2,398 held-out members of P families, the correct derived character was rank 1 in 0.42% using S alone and 0.50% after adding r_P.",0,0,0,0,-0.7923269391159238,0.6255212677231015,0.1668056713928272,0,-1,1,-0.0012510425354462004,0.0,-0.0008340283569641047,-0.0007019241736822002,-127.0,-149.47831526271875,-0.0008340283569641003,0.0033361134278564984,-0.0037531276063385993,-0.0001266855489816983,-119.0,-161.89407839866544,0.0004170141784821,0.0033361134278564997,-0.0029190992493743997
gte_multilingual_base_768d,cn_def,5,1804,185,164,6039,56.430155210643015,41.29711751662971,2.272727272727273,3,1,2,0.0049889135254988,0.0254988913525498,0.0388026607538802,0.0197719326893479,1075.5,1796.980044345898,0.0060975609756097,0.0232815964523281,0.0437915742793791,0.0205302482951923,952.0,1652.5626385809312,0.0011086474501108,-0.0022172949002217,0.0049889135254988,,1804,185,164,6039,54.988913525498894,42.90465631929046,2.106430155210643,3,1,2,0.003880266075388,0.0249445676274944,0.0393569844789357,0.0190606299114958,949.5,1643.4783813747229,0.0049889135254988,0.0277161862527716,0.041019955654102,0.0206052300485563,830.5,1490.560421286031,0.0011086474501108,0.0027716186252771,0.0016629711751662,,0,0,0,0,-1.4412416851441208,1.6075388026607484,-0.1662971175166299,0,0,0,-0.0011086474501108001,-0.0005543237250554001,0.0005543237250555041,-0.0007113027778520992,-126.0,-153.50166297117516,-0.0011086474501108999,0.004434589800443499,-0.0027716186252771044,7.49817533640014e-05,-121.5,-162.00221729490022,0.0,0.0049889135254988,-0.0033259423503326
gte_multilingual_base_768d,cn_def,8,1112,86,135,6039,56.65467625899281,40.73741007194245,2.6079136690647484,1,0,1,0.0035971223021582,0.0260791366906474,0.0422661870503597,0.0191058210013483,1054.5,1770.5791366906474,0.0044964028776978,0.0242805755395683,0.0449640287769784,0.0195689438774961,927.0,1639.80035971223,0.0008992805755395,-0.0017985611510791,0.0026978417266187,,1112,86,135,6039,55.305755395683455,42.44604316546763,2.2482014388489207,1,1,0,0.0035971223021582,0.0242805755395683,0.0413669064748201,0.0186898981850803,953.5,1638.2571942446043,0.0035971223021582,0.0251798561151079,0.0404676258992805,0.0195615218519523,830.0,1492.0944244604316,0.0,0.0008992805755395,-0.0008992805755395,,0,0,0,0,-1.3489208633093526,1.7086330935251794,-0.35971223021582777,0,1,-1,0.0,-0.0017985611510791012,-0.0008992805755395974,-0.00041592281626799676,-101.0,-132.32194244604307,-0.0008992805755396,0.0008992805755396009,-0.004496402877697904,-7.4220255437996985e-06,-97.0,-147.70593525179834,-0.0008992805755395,0.0026978417266186,-0.0035971223021582
gte_multilingual_base_768d,en_def_translated_cn_def,3,2398,320,177,6039,53.252710592160135,44.91242702251876,1.834862385321101,4,1,3,0.0058381984987489,0.0258548790658882,0.0417014178482068,0.0201177338339114,1061.5,1747.7814845704754,0.0070892410341951,0.0233527939949958,0.0391993327773144,0.0203114724701312,1040.5,1652.2443703085903,0.0012510425354462,-0.0025020850708924,-0.0025020850708924,"Across 2,398 held-out members of P families, the correct derived character was rank 1 in 0.58% using S alone and 0.71% after adding r_P.",2398,320,177,6039,52.50208507089241,45.57964970809007,1.9182652210175144,5,4,1,0.006255212677231,0.0258548790658882,0.0450375312760633,0.0210174685274988,946.0,1705.1255212677231,0.006672226855713,0.0233527939949958,0.0421184320266889,0.0208776571860219,915.0,1597.2952460383651,0.000417014178482,-0.0025020850708924,-0.0029190992493744,"Across 2,398 held-out members of P families, the correct derived character was rank 1 in 0.63% using S alone and 0.67% after adding r_P.",0,0,0,0,-0.7506255212677218,0.6672226855713106,0.08340283569641338,1,3,-2,0.00041701417848210003,0.0,0.003336113427856502,0.0008997346935873986,-115.5,-42.6559633027523,-0.00041701417848210003,0.0,0.0029190992493745016,0.0005661847158907017,-125.5,-54.949124270225184,-0.0008340283569641998,0.0,-0.0004170141784820003
gte_multilingual_base_768d,en_def_translated_cn_def,5,1804,185,164,6039,54.60088691796009,43.62527716186253,1.7738359201773837,4,1,3,0.0049889135254988,0.0271618625277161,0.0437915742793791,0.0201587712341234,1057.0,1757.6064301552103,0.0066518847006651,0.0238359201773835,0.0421286031042128,0.0204876080867871,1060.0,1651.686252771619,0.0016629711751662,-0.0033259423503325,-0.0016629711751662,,1804,185,164,6039,53.713968957871394,44.29046563192905,1.9955654101995564,4,3,1,0.0055432372505543,0.0271618625277161,0.0471175166297117,0.0211349213248289,932.5,1701.4368070953435,0.0060975609756097,0.0238359201773835,0.04490022172949,0.0212395220584781,911.5,1583.6707317073171,0.0005543237250554,-0.0033259423503325,-0.0022172949002217,,0,0,0,0,-0.8869179600886952,0.6651884700665249,0.22172949002217268,0,2,-2,0.0005543237250554998,0.0,0.0033259423503325947,0.0009761500907055007,-124.5,-56.16962305986681,-0.0005543237250554001,0.0,0.0027716186252772015,0.0007519139716910019,-148.5,-68.01552106430177,-0.0011086474501108001,0.0,-0.0005543237250555
gte_multilingual_base_768d,en_def_translated_cn_def,8,1112,86,135,6039,55.57553956834532,42.62589928057554,1.7985611510791366,2,0,2,0.0044964028776978,0.0242805755395683,0.0422661870503597,0.019184962003212,1037.5,1764.2553956834531,0.0062949640287769,0.0224820143884892,0.0422661870503597,0.0199004289478697,1050.5,1663.4163669064749,0.0017985611510791,-0.0017985611510791,0.0,,1112,86,135,6039,54.76618705035972,43.16546762589928,2.068345323741007,2,0,2,0.0044964028776978,0.0242805755395683,0.0458633093525179,0.0200379977300679,966.0,1717.5971223021584,0.0062949640287769,0.0215827338129496,0.0467625899280575,0.0209385747291272,944.5,1600.2491007194244,0.0017985611510791,-0.0026978417266187,0.0008992805755395,,0,0,0,0,-0.8093525179856016,0.5395683453237439,0.2697841726618706,0,0,0,0.0,0.0,0.0035971223021582024,0.0008530357268559004,-71.5,-46.65827338129475,0.0,-0.0008992805755396009,0.0044964028776978,0.0010381457812575004,-106.0,-63.16726618705047,0.0,-0.0008992805755396,0.0008992805755395
gte_multilingual_base_768d,en_gloss_unihan,3,4186,448,211,9152,62.44624940277114,36.76540850453894,0.7883420926899188,22,1,21,0.0031055900621118,0.0105112279025322,0.0186335403726708,0.010413438643172,1299.0,2344.54204491161,0.0081223124701385,0.029144768275203,0.0451505016722408,0.0228992094181539,1071.0,2137.5437171524127,0.0050167224080267,0.0186335403726708,0.0265169612995699,"Across 4,186 held-out members of P families, the correct derived character was rank 1 in 0.31% using S alone and 0.81% after adding r_P.",4186,448,211,9152,66.31629240324892,32.967032967032964,0.716674629718108,18,2,16,0.0028666985188724,0.0105112279025322,0.0169612995699952,0.0100453925841812,1334.0,2323.40635451505,0.0066889632107023,0.0303392259913999,0.046583850931677,0.0228242630311666,962.0,2044.905160057334,0.0038222646918299,0.0198279980888676,0.0296225513616817,"Across 4,186 held-out members of P families, the correct derived character was rank 1 in 0.29% using S alone and 0.67% after adding r_P.",0,0,0,0,3.8700430004777857,-3.798375537505976,-0.07166746297181081,-4,1,-5,-0.00023889154323940027,0.0,-0.0016722408026756015,-0.00036804605899080044,35.0,-21.135690396559767,-0.0014333492594362004,0.0011944577161968999,0.0014333492594362021,-7.494638698729919e-05,-109.0,-92.6385570950788,-0.0011944577161967997,0.0011944577161967992,0.0031055900621118
gte_multilingual_base_768d,en_gloss_unihan,5,3577,312,203,9152,63.600782778864975,35.58848196812971,0.8107352530053118,20,1,19,0.0033547665641599,0.0117416829745596,0.0195694716242661,0.0109662898274152,1278.0,2327.6896840928152,0.0086664802907464,0.0290746435560525,0.0458484763768521,0.0234704695378085,1044.0,2108.0746435560527,0.0053117137265865,0.0173329605814928,0.0262790047525859,,3577,312,203,9152,67.79424098406486,31.506849315068493,0.698909700866648,16,2,14,0.0030752026838132,0.0117416829745596,0.0178920883421861,0.0105561594073279,1278.0,2298.1794800111825,0.0069890970086664,0.0313111545988258,0.0478054235392787,0.0235650610768307,913.0,2006.8244338831423,0.0039138943248532,0.0195694716242661,0.0299133351970925,,0,0,0,0,4.193458205199882,-4.08163265306122,-0.11182555213866374,-4,1,-5,-0.0002795638803467001,0.0,-0.0016773832820799993,-0.0004101304200872999,0.0,-29.510204081632764,-0.0016773832820800002,0.0022365110427733023,0.0019569471624266005,9.459153902219991e-05,-131.0,-101.25020967291039,-0.0013978194017333,0.002236511042773299,0.0036343304445066
gte_multilingual_base_768d,en_gloss_unihan,8,2667,181,190,9152,64.60442444694414,34.72065991751031,0.6749156355455568,19,1,18,0.0026246719160104,0.0116235470566179,0.0209973753280839,0.010634879926331,1262.0,2301.509561304837,0.009373828271466,0.0296212973378327,0.0483689538807649,0.0246444529472873,1048.0,2086.496062992126,0.0067491563554555,0.0179977502812148,0.0273715785526809,,2667,181,190,9152,68.76640419947506,30.55868016497938,0.6749156355455568,14,1,13,0.0018747656542932,0.0112485939257592,0.0183727034120734,0.0097407864483397,1268.0,2282.036745406824,0.0067491563554555,0.0326209223847019,0.0506186726659167,0.024004795645525,913.0,2003.0652418447692,0.0048743907011623,0.0213723284589426,0.0322459692538432,,0,0,0,0,4.161979752530925,-4.161979752530932,0.0,-5,0,-5,-0.0007499062617172003,-0.00037495313085869966,-0.0026246719160104987,-0.0008940934779912996,6.0,-19.47281589801287,-0.0026246719160104995,0.0029996250468691983,0.0022497187851518025,-0.000639657301762301,-135.0,-83.43082114735694,-0.0018747656542932,0.0033745781777277974,0.004874390701162301
gte_multilingual_base_768d,zh_char,3,4763,474,220,11150,66.53369724963258,31.82867940373714,1.637623346630275,7,2,5,0.0039890825110224,0.0136468612219189,0.0251942053327734,0.0122665071114408,4418.0,4333.551753096788,0.0050388410665546,0.0153264749107705,0.0235145916439218,0.0115712923067406,5545.0,4722.099727062776,0.0010497585555322,0.0016796136888515,-0.0016796136888515,"Across 4,763 held-out members of P families, the correct derived character was rank 1 in 0.40% using S alone and 0.50% after adding r_P.",4763,474,220,11150,66.4917069074113,28.385471341591437,5.122821750997271,6,3,3,0.0046189376443418,0.0144866680663447,0.0251942053327734,0.0131297487179862,3737.0,4411.53705647701,0.0052487927776611,0.0182657988662607,0.0314927566659668,0.0155784115496955,3391.0,3910.826579886626,0.0006298551333193,0.003779130799916,0.0062985513331933,"Across 4,763 held-out members of P families, the correct derived character was rank 1 in 0.46% using S alone and 0.52% after adding r_P.",0,0,0,0,-0.04199034222128262,-3.443208062145704,3.4851984043669955,-1,1,-2,0.0006298551333193993,0.0008398068444258004,0.0,0.0008632416065453997,-681.0,77.98530338022192,0.00020995171110649996,0.002939323955490198,0.007978165022045,0.004007119242954899,-2154.0,-811.2731471761499,-0.00041990342221289996,0.0020995171110645,0.007978165022044799
gte_multilingual_base_768d,zh_char,5,4181,346,215,11150,66.77828270748624,31.547476680220043,1.6742406122937097,6,2,4,0.0038268356852427,0.014589811049988,0.0265486725663716,0.0125346216373829,4425.0,4313.606553456111,0.0047835446065534,0.0155465199712987,0.0232001913417842,0.0113206392941767,5577.0,4742.2764888782585,0.0009567089213106,0.0009567089213106,-0.0033484812245874,,4181,346,215,11150,67.3283903372399,27.50538148768237,5.166228175077733,4,3,1,0.0045443673762257,0.0155465199712987,0.027027027027027,0.0134711184919194,3737.0,4407.346089452284,0.0047835446065534,0.0181774695049031,0.0320497488639081,0.0153661432327134,3380.0,3889.9275292992106,0.0002391772303276,0.0026309495336044,0.0050227218368811,,0,0,0,0,0.5501076297536542,-4.042095192537673,3.4919875627840233,-2,1,-3,0.0007175316909829995,0.0009567089213107002,0.0004783544606553995,0.0009364968545365008,-688.0,93.73953599617289,0.0,0.0026309495336044007,0.0088495575221239,0.004045503938536699,-2197.0,-852.3489595790479,-0.000717531690983,0.0016742406122937999,0.0083712030614685
gte_multilingual_base_768d,zh_char,8,3313,220,201,11150,66.73709628735284,31.482040446725023,1.7808632659221248,5,2,3,0.0048294597041955,0.0169031089646845,0.0292785994566857,0.0142342858346189,4197.0,4284.907032900695,0.0057349833987322,0.0181104738907334,0.0253546634470268,0.0127252305976265,5601.0,4748.978267431331,0.0009055236945366,0.0012073649260488,-0.0039239360096589,,3313,220,201,11150,67.52188348928463,27.31663145185632,5.16148505885904,3,2,1,0.00543314216722,0.0181104738907334,0.0307878056142469,0.0151045981139291,3633.0,4374.654089948687,0.0057349833987322,0.0205252037428312,0.035013582855418,0.0169026701279974,3203.0,3858.3591910655,0.0003018412315122,0.0024147298520977,0.0042257772411711,,0,0,0,0,0.7847872019317919,-4.165408994868702,3.3806217929369153,-2,0,-2,0.0006036824630245002,0.0012073649260488997,0.0015092061575612027,0.0008703122793102015,-564.0,89.7470570479918,0.0,0.002414729852097803,0.009658919408391201,0.0041774395303709,-2398.0,-890.619076365831,-0.0006036824630244,0.0012073649260489002,0.008149713250829999
qwen3_0.6b_1024d,cn_def,3,2398,320,177,6039,54.67055879899917,43.57798165137615,1.7514595496246872,4,2,2,0.0050041701417848,0.0216847372810675,0.0379482902418682,0.0183865255197374,1101.0,1710.207673060884,0.0058381984987489,0.0212677231025854,0.0358632193494578,0.0190045241226864,991.0,1585.4028356964136,0.0008340283569641,-0.000417014178482,-0.0020850708924103,"Across 2,398 held-out members of P families, the correct derived character was rank 1 in 0.50% using S alone and 0.58% after adding r_P.",2398,320,177,6039,55.21267723102585,43.2860717264387,1.5012510425354462,3,2,1,0.0054211843202668,0.0225187656380316,0.0391993327773144,0.0194744909783612,1035.0,1676.0900750625522,0.0058381984987489,0.0204336947456213,0.0391993327773144,0.0190916763215843,881.0,1510.2718932443704,0.000417014178482,-0.0020850708924103,0.0,"Across 2,398 held-out members of P families, the correct derived character was rank 1 in 0.54% using S alone and 0.58% after adding r_P.",0,0,0,0,0.5421184320266832,-0.2919099249374497,-0.25020850708924103,-1,0,-1,0.0004170141784820003,0.0008340283569640977,0.0012510425354461951,0.001087965458623802,-66.0,-34.1175979983318,0.0,-0.0008340283569641012,0.003336113427856599,8.715219889789821e-05,-110.0,-75.1309424520432,-0.0004170141784821,-0.0016680567139282997,0.0020850708924103
qwen3_0.6b_1024d,cn_def,5,1804,185,164,6039,55.09977827050998,42.96008869179601,1.9401330376940131,4,1,3,0.0049889135254988,0.0216186252771618,0.0376940133037694,0.0182026168912088,1082.5,1705.4118625277165,0.0066518847006651,0.0210643015521064,0.0354767184035476,0.0195247982653756,1030.5,1583.9739467849224,0.0016629711751662,-0.0005543237250554,-0.0022172949002217,,1804,185,164,6039,55.87583148558758,42.51662971175166,1.6075388026607538,2,1,1,0.0055432372505543,0.0216186252771618,0.0376940133037694,0.0191522721432311,1013.5,1685.5792682926829,0.0060975609756097,0.020509977827051,0.0382483370288248,0.0193757823875412,884.5,1514.2965631929046,0.0005543237250554,-0.0011086474501108,0.0005543237250554,,0,0,0,0,0.7760532150776029,-0.4434589800443476,-0.33259423503325936,-2,0,-2,0.0005543237250554998,0.0,0.0,0.0009496552520222995,-69.0,-19.83259423503364,-0.0005543237250554001,-0.0005543237250554001,0.0027716186252771946,-0.0001490158778343978,-146.0,-69.6773835920178,-0.0011086474501108001,-0.0005543237250554,0.0027716186252771
qwen3_0.6b_1024d,cn_def,8,1112,86,135,6039,56.38489208633094,41.81654676258993,1.7985611510791366,1,1,0,0.0044964028776978,0.0215827338129496,0.0386690647482014,0.0179828936998079,1196.5,1725.1339928057555,0.0044964028776978,0.0188848920863309,0.0368705035971223,0.0180849402536881,1047.5,1590.2005395683452,0.0,-0.0026978417266187,-0.0017985611510791,,1112,86,135,6039,56.29496402877698,42.086330935251794,1.618705035971223,1,1,0,0.0053956834532374,0.0224820143884892,0.0386690647482014,0.0191650011676084,1069.5,1706.6843525179856,0.0053956834532374,0.0179856115107913,0.039568345323741,0.0183061136886787,930.0,1520.033273381295,0.0,-0.0044964028776978,0.0008992805755395,,0,0,0,0,-0.08992805755396205,0.26978417266186483,-0.17985611510791366,0,0,0,0.0008992805755396,0.0008992805755396009,0.0,0.0011821074678005014,-127.0,-18.449640287769853,0.0008992805755396,-0.0008992805755396009,0.002697841726618695,0.0002211734349906007,-117.5,-70.16726618705025,0.0,-0.0017985611510791,0.0026978417266186
qwen3_0.6b_1024d,en_def_translated_cn_def,3,2398,320,177,6039,53.085904920767305,44.99582985821518,1.9182652210175144,0,3,-3,0.0041701417848206,0.0229357798165137,0.0387823185988323,0.0178299406208059,1190.5,1793.4595496246873,0.0029190992493744,0.0225187656380316,0.0387823185988323,0.0168297921344746,1190.5,1736.2572977481234,-0.0012510425354462,-0.000417014178482,0.0,"Across 2,398 held-out members of P families, the correct derived character was rank 1 in 0.42% using S alone and 0.29% after adding r_P.",2398,320,177,6039,54.37864887406172,43.74478732276897,1.876563803169308,0,0,0,0.0041701417848206,0.024603836530442,0.0412844036697247,0.0188524937586505,1044.0,1731.1442869057548,0.0041701417848206,0.0225187656380316,0.0400333611342785,0.0185390823952963,945.5,1594.9633027522937,0.0,-0.0020850708924103,-0.0012510425354462,"Across 2,398 held-out members of P families, the correct derived character was rank 1 in 0.42% using S alone and 0.42% after adding r_P.",0,0,0,0,1.292743953294412,-1.25104253544621,-0.04170141784820647,0,-3,3,0.0,0.0016680567139282995,0.0025020850708923972,0.0010225531378446027,-146.5,-62.315262718932445,0.0012510425354461995,0.0,0.001251042535446202,0.0017092902608216998,-245.0,-141.29399499582973,0.0012510425354462,-0.0016680567139282997,-0.0012510425354462
qwen3_0.6b_1024d,en_def_translated_cn_def,5,1804,185,164,6039,54.76718403547672,43.23725055432372,1.9955654101995564,0,3,-3,0.0055432372505543,0.0227272727272727,0.0404656319290465,0.0186899543608747,1208.0,1817.6873614190688,0.003880266075388,0.0221729490022172,0.0399113082039911,0.017377221949446,1216.0,1741.6308203991132,-0.0016629711751662,-0.0005543237250554,-0.0005543237250554,,1804,185,164,6039,56.1529933481153,42.073170731707314,1.7738359201773837,0,0,0,0.0055432372505543,0.024390243902439,0.0426829268292682,0.0195518631228144,1033.5,1744.1574279379158,0.0055432372505543,0.0216186252771618,0.0404656319290465,0.019235567216877,909.5,1585.1413525498892,0.0,-0.0027716186252771,-0.0022172949002217,,0,0,0,0,1.3858093126385853,-1.164079822616408,-0.22172949002217268,0,-3,3,0.0,0.0016629711751663008,0.0022172949002216974,0.0008619087619397003,-174.5,-73.52993348115297,0.0016629711751663,-0.0005543237250554001,0.0005543237250554001,0.0018583452674310018,-306.5,-156.48946784922396,0.0016629711751662,-0.0022172949002217,-0.0016629711751663
qwen3_0.6b_1024d,en_def_translated_cn_def,8,1112,86,135,6039,55.93525179856115,41.81654676258993,2.2482014388489207,0,3,-3,0.0071942446043165,0.02068345323741,0.0377697841726618,0.0189033952859951,1246.5,1858.2553956834531,0.0044964028776978,0.02068345323741,0.0377697841726618,0.0173324464415886,1237.5,1758.6564748201438,-0.0026978417266187,0.0,0.0,,1112,86,135,6039,57.82374100719424,40.19784172661871,1.9784172661870505,0,0,0,0.0071942446043165,0.0224820143884892,0.0404676258992805,0.0200423914093626,1074.0,1757.9910071942445,0.0071942446043165,0.02068345323741,0.0404676258992805,0.0198589691241058,951.0,1585.931654676259,0.0,-0.0017985611510791,0.0,,0,0,0,0,1.8884892086330964,-1.6187050359712174,-0.26978417266187016,0,-3,3,0.0,0.0017985611510792018,0.002697841726618695,0.0011389961233675,-172.5,-100.26438848920861,0.0026978417266187004,0.0,0.002697841726618695,0.002526522682517199,-286.5,-172.7248201438847,0.0026978417266187,-0.0017985611510791,0.0
qwen3_0.6b_1024d,en_gloss_unihan,3,4186,448,211,9152,59.14954610606784,40.13377926421405,0.716674629718108,19,5,14,0.0031055900621118,0.0095556617295747,0.015527950310559,0.0100106872947435,1280.0,2334.246536072623,0.0064500716674629,0.0322503583373148,0.0489727663640707,0.0227769142165577,1217.0,2266.4027711419017,0.0033444816053511,0.02269469660774,0.0334448160535117,"Across 4,186 held-out members of P families, the correct derived character was rank 1 in 0.31% using S alone and 0.65% after adding r_P.",4186,448,211,9152,63.37792642140469,35.905398948877206,0.716674629718108,18,5,13,0.0028666985188724,0.0105112279025322,0.0148112756808408,0.0094526395087464,1350.0,2379.154801720019,0.0059722885809842,0.0241280458671763,0.0410893454371715,0.0198366986207139,1035.5,2140.9555661729573,0.0031055900621118,0.013616817964644,0.0262780697563306,"Across 4,186 held-out members of P families, the correct derived character was rank 1 in 0.29% using S alone and 0.60% after adding r_P.",0,0,0,0,4.2283803153368495,-4.228380315336842,0.0,-1,0,-1,-0.00023889154323940027,0.0009555661729575005,-0.0007166746297182017,-0.0005580477859970998,70.0,44.90826564739609,-0.0004777830864786999,-0.0081223124701385,-0.007883420926899198,-0.002940215595843801,-181.5,-125.44720496894433,-0.00023889154323929965,-0.009077878643096001,-0.007166746297181097
qwen3_0.6b_1024d,en_gloss_unihan,5,3577,312,203,9152,60.16214705060106,39.138943248532286,0.698909700866648,19,4,15,0.0027956388034665,0.0100642996924797,0.0162147050601062,0.0100814165376786,1249.0,2317.289348616159,0.0069890970086664,0.0335476656415991,0.0506010623427453,0.0237731177568253,1164.0,2238.67766284596,0.0041934582051998,0.0234833659491193,0.034386357282639,,3577,312,203,9152,64.57925636007828,34.66592116298574,0.7548224769359799,14,5,9,0.0027956388034665,0.0109029913335197,0.0150964495387195,0.0096609622510092,1307.0,2365.993570030752,0.0053117137265865,0.0251607492311993,0.0419345820519988,0.0198623359765183,1009.0,2105.99972043612,0.0025160749231199,0.0142577578976796,0.0268381325132792,,0,0,0,0,4.417109309477219,-4.473022085546546,0.05591277606933187,-5,1,-6,0.0,0.0008386916410399996,-0.0011182555213867015,-0.0004204542866694007,58.0,48.70422141459312,-0.0016773832820798995,-0.008386916410399799,-0.0086664802907465,-0.003910781780307002,-155.0,-132.6779424098404,-0.0016773832820798995,-0.0092256080514397,-0.007548224769359801
qwen3_0.6b_1024d,en_gloss_unihan,8,2667,181,190,9152,61.11736032995876,38.13273340832396,0.7499062617172854,14,3,11,0.0026246719160104,0.0104986876640419,0.0168728908886389,0.0103715580780904,1246.0,2292.4469441319834,0.0067491563554555,0.035620547431571,0.0517435320584926,0.0243673336237136,1177.0,2211.1229846269216,0.004124484439445,0.025121859767529,0.0348706411698537,,2667,181,190,9152,65.84176977877765,33.40832395950506,0.7499062617172854,12,4,8,0.0022497187851518,0.0116235470566179,0.0149981252343457,0.0094909112853405,1301.0,2351.3700787401576,0.0052493438320209,0.0288713910761154,0.0449943757030371,0.0210424247883861,979.0,2067.2534683164604,0.0029996250468691,0.0172478440194975,0.0299962504686914,,0,0,0,0,4.724409448818889,-4.724409448818896,0.0,-2,1,-3,-0.00037495313085860035,0.001124859392576,-0.0018747656542932,-0.0008806467927498993,55.0,58.92313460817422,-0.0014998125234346,-0.006749156355455598,-0.0067491563554555045,-0.0033249088353274996,-198.0,-143.86951631046122,-0.0011248593925759,-0.0078740157480315,-0.004874390701162301
qwen3_0.6b_1024d,zh_char,3,4763,474,220,11150,67.83539785849256,30.883896703758136,1.2807054377493177,13,2,11,0.0048288893554482,0.0163762334663027,0.0258240604660928,0.014348931181792,1277.0,2345.711946252362,0.0071383581776191,0.0235145916439218,0.0390510182657988,0.0204377460696972,842.0,2000.8545034642032,0.0023094688221709,0.0071383581776191,0.013226957799706,"Across 4,763 held-out members of P families, the correct derived character was rank 1 in 0.48% using S alone and 0.71% after adding r_P.",4763,474,220,11150,70.27083770732732,28.532437539365947,1.196724753306739,14,1,13,0.0052487927776611,0.0161662817551963,0.0275036741549443,0.0148777471440945,1183.0,2242.380222548814,0.0079781650220449,0.0237245433550283,0.040100776821331,0.0211295995318,756.0,1783.2647491077053,0.0027293722443837,0.007558261599832,0.0125971026663867,"Across 4,763 held-out members of P families, the correct derived character was rank 1 in 0.52% using S alone and 0.80% after adding r_P.",0,0,0,0,2.4354398488347613,-2.351459164392189,-0.08398068444257856,1,-1,2,0.0004199034222129002,-0.00020995171110639935,0.0016796136888515,0.0005288159623025,-94.0,-103.33172370354805,0.0008398068444257995,0.00020995171110649996,0.0010497585555322014,0.0006918534621027997,-86.0,-217.5897543564979,0.0004199034222128,0.0004199034222129002,-0.0006298551333193004
qwen3_0.6b_1024d,zh_char,5,4181,346,215,11150,68.38077015068166,30.20808419038508,1.4111456589332696,12,2,10,0.0052618990672088,0.0176991150442477,0.0272662042573547,0.0149869077761807,1255.0,2318.050466395599,0.0076536713704855,0.0241569002630949,0.0399425974647213,0.0211279441724779,838.0,1964.3405883759865,0.0023917723032767,0.0064577852188471,0.0126763932073666,,4181,346,215,11150,71.25089691461372,27.481463764649604,1.267639320736666,13,1,12,0.0057402535278641,0.0169815833532647,0.0287012676393207,0.015507641737883,1174.0,2232.877062903612,0.0086103802917962,0.0243960774934226,0.040899306386032,0.0217955210298606,746.0,1756.222674001435,0.002870126763932,0.0074144941401578,0.0121980387467113,,0,0,0,0,2.8701267639320633,-2.726620425735476,-0.14350633819660352,1,-1,2,0.00047835446065530064,-0.0007175316909830004,0.0014350633819660008,0.0005207339617023,-81.0,-85.17340349198685,0.000956708921310701,0.0002391772303277015,0.0009567089213107019,0.0006675768573826991,-92.0,-208.11791437455145,0.0004783544606552998,0.0009567089213107002,-0.00047835446065530064
qwen3_0.6b_1024d,zh_char,8,3313,220,201,11150,68.63869604587987,29.821913673407785,1.5393902807123452,9,1,8,0.0051313009357078,0.017506791427709,0.0280712345306368,0.0151454316428659,1222.0,2293.3468155750074,0.0075460307878056,0.0244491397524901,0.0419559311801992,0.021532359540501,834.0,1940.024147298521,0.0024147298520977,0.0069423483247811,0.0138846966495623,,3313,220,201,11150,71.74766073045578,26.95442197404165,1.2979172955025655,10,1,9,0.00543314216722,0.0172049501961968,0.0289767582251735,0.0155631014818523,1134.0,2227.1415635375797,0.00814971325083,0.025656504678539,0.0431632961062481,0.0219358089589404,717.0,1747.0449743434954,0.00271657108361,0.0084515544823422,0.0141865378810745,,0,0,0,0,3.108964684575909,-2.867491699366134,-0.24147298520977967,1,0,1,0.0003018412315121998,-0.0003018412315122024,0.0009055236945367008,0.00041766983898640017,-88.0,-66.20525203742773,0.0006036824630244004,0.0012073649260488997,0.0012073649260488997,0.00040344941843940135,-117.0,-192.97917295502566,0.00030184123151229996,0.0015092061575610995,0.00030184123151220064
qwen3_4b_2560d_int8,cn_def,3,2398,320,177,6039,53.044203502919096,44.28690575479566,2.668890742285237,5,2,3,0.0050041701417848,0.0279399499582985,0.0467055879899916,0.0211459215515921,1051.0,1691.802752293578,0.006255212677231,0.0262718932443703,0.048790658882402,0.0217352451285033,995.0,1597.2944120100085,0.0012510425354462,-0.0016680567139282,0.0020850708924103,"Across 2,398 held-out members of P families, the correct derived character was rank 1 in 0.50% using S alone and 0.63% after adding r_P.",2398,320,177,6039,56.00500417014178,41.95162635529608,2.043369474562135,5,3,2,0.0045871559633027,0.0296080066722268,0.0450375312760633,0.0213241289379926,971.5,1693.386572143453,0.0054211843202668,0.0291909924937447,0.0467055879899916,0.0218750623838565,768.5,1511.8227689741452,0.0008340283569641,-0.000417014178482,0.0016680567139282,"Across 2,398 held-out members of P families, the correct derived character was rank 1 in 0.46% using S alone and 0.54% after adding r_P.",0,0,0,0,2.960800667222685,-2.3352793994995835,-0.6255212677231019,0,1,-1,-0.00041701417848210003,0.0016680567139282995,-0.0016680567139282995,0.00017820738640050154,-79.5,1.583819849874999,-0.0008340283569642001,0.002919099249374401,-0.002085070892410397,0.0001398172553532008,-226.5,-85.47164303586328,-0.0004170141784820999,0.0012510425354462,-0.0004170141784820998
qwen3_4b_2560d_int8,cn_def,5,1804,185,164,6039,52.60532150776053,44.3458980044346,3.048780487804878,3,0,3,0.0049889135254988,0.0271618625277161,0.0476718403547671,0.0208754805453811,1056.0,1679.889689578714,0.0066518847006651,0.0266075388026607,0.0482261640798226,0.0216378505822923,1005.0,1590.7976718403547,0.0016629711751662,-0.0005543237250554,0.0005543237250554,,1804,185,164,6039,56.59645232815964,41.24168514412417,2.161862527716186,3,1,2,0.003880266075388,0.0288248337028824,0.04490022172949,0.020756499004595,970.5,1707.490022172949,0.0049889135254988,0.0293791574279379,0.0471175166297117,0.0214997908815122,788.5,1517.6446784922396,0.0011086474501108,0.0005543237250554,0.0022172949002217,,0,0,0,0,3.991130820399114,-3.104212860310433,-0.8869179600886921,0,1,-1,-0.0011086474501108001,0.0016629711751663008,-0.0027716186252770975,-0.00011898154078610057,-85.5,27.600332594234942,-0.0016629711751663,0.0027716186252772015,-0.0011086474501109042,-0.00013805970078010002,-216.5,-73.15299334811516,-0.0005543237250554001,0.0011086474501108,0.0016629711751663
qwen3_4b_2560d_int8,cn_def,8,1112,86,135,6039,53.68705035971223,42.89568345323741,3.41726618705036,2,0,2,0.0044964028776978,0.0296762589928057,0.0521582733812949,0.0219816097464006,1114.5,1717.6205035971225,0.0062949640287769,0.0287769784172661,0.0530575539568345,0.0224296922187152,993.5,1595.946942446043,0.0017985611510791,-0.0008992805755395,0.0008992805755395,,1112,86,135,6039,58.09352517985612,39.65827338129496,2.2482014388489207,3,0,3,0.0026978417266187,0.0314748201438848,0.0467625899280575,0.0213208573174904,967.5,1731.9892086330935,0.0053956834532374,0.0305755395683453,0.0476618705035971,0.0223703435521369,762.0,1509.3678057553957,0.0026978417266187,-0.0008992805755395,0.0008992805755395,,0,0,0,0,4.406474820143892,-3.237410071942449,-1.1690647482014391,1,0,1,-0.0017985611510791,0.0017985611510791012,-0.005395683453237404,-0.0006607524289101996,-147.0,14.368705035971061,-0.0008992805755395003,0.0017985611510792018,-0.005395683453237404,-5.9348666578300235e-05,-231.5,-86.57913669064737,0.0008992805755396,0.0,0.0
qwen3_4b_2560d_int8,en_def_translated_cn_def,3,2398,320,177,6039,52.83569641367807,44.78732276897415,2.37698081734779,5,3,2,0.0045871559633027,0.0283569641367806,0.0467055879899916,0.0200869563695299,1205.0,1808.9416180150124,0.0054211843202668,0.0275229357798165,0.0479566305254378,0.0207955075756756,1203.5,1766.7356130108424,0.0008340283569641,-0.0008340283569641,0.0012510425354462,"Across 2,398 held-out members of P families, the correct derived character was rank 1 in 0.46% using S alone and 0.54% after adding r_P.",2398,320,177,6039,54.33694745621352,43.8698915763136,1.793160967472894,5,2,3,0.0050041701417848,0.0271059216013344,0.048790658882402,0.02123488956564,977.0,1708.1163469557964,0.006255212677231,0.0283569641367806,0.0467055879899916,0.0222553231563248,857.0,1559.5479566305255,0.0012510425354462,0.0012510425354462,-0.0020850708924103,"Across 2,398 held-out members of P families, the correct derived character was rank 1 in 0.50% using S alone and 0.63% after adding r_P.",0,0,0,0,1.5012510425354506,-0.9174311926605512,-0.5838198498748959,0,-1,1,0.00041701417848210003,-0.0012510425354461986,0.002085070892410397,0.0011479331961101007,-228.0,-100.82527105921599,0.0008340283569642001,0.0008340283569640977,-0.0012510425354461951,0.001459815580649202,-346.5,-207.18765638031687,0.0004170141784820999,0.0020850708924103,-0.0033361134278564997
qwen3_4b_2560d_int8,en_def_translated_cn_def,5,1804,185,164,6039,54.49002217294901,43.23725055432372,2.272727272727273,4,3,1,0.0049889135254988,0.0271618625277161,0.0460088691796008,0.0198241882866479,1190.0,1810.3752771618624,0.0055432372505543,0.0266075388026607,0.0476718403547671,0.020630388227253,1192.0,1761.1635254988914,0.0005543237250554,-0.0005543237250554,0.0016629711751662,,1804,185,164,6039,56.37472283813747,41.85144124168514,1.7738359201773837,4,1,3,0.0055432372505543,0.0254988913525498,0.0504434589800443,0.0211472432277974,967.0,1713.5748337028824,0.0072062084257206,0.0293791574279379,0.048780487804878,0.0229325322027655,840.5,1538.6225055432371,0.0016629711751662,0.003880266075388,-0.0016629711751662,,0,0,0,0,1.8847006651884612,-1.3858093126385853,-0.49889135254988926,0,-2,2,0.0005543237250554998,-0.0016629711751662973,0.004434589800443499,0.0013230549411494992,-223.0,-96.80044345898,0.0016629711751663,0.0027716186252772015,0.0011086474501109042,0.0023021439755125,-351.5,-222.5410199556543,0.0011086474501108001,0.0044345898004434,-0.0033259423503324
qwen3_4b_2560d_int8,en_def_translated_cn_def,8,1112,86,135,6039,55.03597122302158,42.62589928057554,2.338129496402878,3,2,1,0.0053956834532374,0.0287769784172661,0.0476618705035971,0.0206857622683502,1186.0,1863.7742805755397,0.0062949640287769,0.0278776978417266,0.0485611510791366,0.0211744754539205,1172.0,1792.7904676258993,0.0008992805755395,-0.0008992805755395,0.0008992805755395,,1112,86,135,6039,58.27338129496403,40.10791366906475,1.618705035971223,4,1,3,0.0053956834532374,0.026978417266187,0.0521582733812949,0.0218980946568612,964.5,1734.1681654676258,0.0080935251798561,0.0305755395683453,0.0494604316546762,0.0239373688073938,836.5,1536.8075539568345,0.0026978417266187,0.0035971223021582,-0.0026978417266187,,0,0,0,0,3.237410071942449,-2.517985611510788,-0.7194244604316549,1,-1,2,0.0,-0.0017985611510790978,0.004496402877697807,0.0012123323885110011,-221.5,-129.60611510791387,0.0017985611510791992,0.0026978417266186987,0.0008992805755396044,0.0027628933534733016,-335.5,-255.98291366906483,0.0017985611510792,0.0044964028776977,-0.0035971223021582
qwen3_4b_2560d_int8,en_gloss_unihan,3,4186,448,211,9152,59.19732441471572,39.51266125179168,1.2900143334925944,17,5,12,0.0062111801242236,0.0198279980888676,0.0286669851887243,0.0172455559159437,970.0,2136.765169612996,0.009077878643096,0.0315336837075967,0.0539894887720974,0.0263495808403194,938.5,2041.606306736741,0.0028666985188724,0.011705685618729,0.0253225035833731,"Across 4,186 held-out members of P families, the correct derived character was rank 1 in 0.62% using S alone and 0.91% after adding r_P.",4186,448,211,9152,67.05685618729098,31.72479694218825,1.2183468705207836,15,6,9,0.0047778308647873,0.0160057333970377,0.0217391304347826,0.0138306868676458,954.5,2139.729574773053,0.0069278547539417,0.0346392737697085,0.0513616817964644,0.0250791606892076,674.0,1809.816531294792,0.0021500238891543,0.0186335403726708,0.0296225513616818,"Across 4,186 held-out members of P families, the correct derived character was rank 1 in 0.48% using S alone and 0.69% after adding r_P.",0,0,0,0,7.859531772575252,-7.787864309603428,-0.07166746297181081,-2,1,-3,-0.0014333492594363001,-0.0038222646918299012,-0.006927854753941698,-0.003414869048297898,-15.5,2.96440516005714,-0.0021500238891542997,0.0031055900621117932,-0.0026278069756330014,-0.001270420151111798,-264.5,-231.78977544194913,-0.0007166746297180998,0.0069278547539418,0.0043000477783087
qwen3_4b_2560d_int8,en_gloss_unihan,5,3577,312,203,9152,60.10623427453174,38.551859099804304,1.3419066256639642,15,4,11,0.0061504053676265,0.0198490355046128,0.0290746435560525,0.0174367638377398,938.0,2132.9756779424097,0.0092256080514397,0.0327089740005591,0.0570310315907184,0.0270414427736368,871.0,2026.5146771037184,0.0030752026838132,0.0128599384959463,0.0279563880346659,,3577,312,203,9152,68.24154319261952,30.50041934582052,1.2580374615599663,15,5,10,0.0047525859658932,0.0159351411797595,0.0223651104277327,0.0139290243326545,932.0,2139.7551020408164,0.0075482247693597,0.0355046128040257,0.0539558289069052,0.0259261014109721,656.0,1790.7509085826111,0.0027956388034665,0.0195694716242661,0.0315907184791724,,0,0,0,0,8.13530891808778,-8.051439753983782,-0.08386916410399792,0,1,-1,-0.0013978194017333,-0.003913894324853302,-0.006709533128319799,-0.0035077395050852993,-6.0,6.779424098406707,-0.0016773832820799993,0.002795638803466595,-0.0030752026838131996,-0.0011153413626646992,-215.0,-235.7637685211073,-0.0002795638803467001,0.006709533128319799,0.003634330444506499
qwen3_4b_2560d_int8,en_gloss_unihan,8,2667,181,190,9152,61.19235095613048,37.30783652043495,1.4998125234345707,10,4,6,0.0067491563554555,0.0217472815898012,0.0326209223847019,0.0184861680343764,969.0,2163.607424071991,0.0089988751406074,0.0352455943007124,0.0592425946756655,0.027423001855746,900.0,2046.352080989876,0.0022497187851518,0.0134983127109111,0.0266216722909636,,2667,181,190,9152,69.51631046119235,29.133858267716533,1.3498312710911136,12,4,8,0.0044994375703037,0.0172478440194975,0.0243719535058117,0.0142652171263775,932.0,2168.323584551931,0.0074990626171728,0.0363704536932883,0.056617922759655,0.0264989768840549,654.0,1795.574053243345,0.0029996250468691,0.0191226096737907,0.0322459692538432,,0,0,0,0,8.323959505061865,-8.173978252718413,-0.14998125234345716,2,0,2,-0.0022497187851518,-0.004499437570303702,-0.008248968878890199,-0.004220950907998898,-37.0,4.716160479940299,-0.001499812523434601,0.0011248593925759012,-0.0026246719160104987,-0.0009240249716911016,-246.0,-250.77802774653105,0.0007499062617173,0.0056242969628796,0.005624296962879603
qwen3_4b_2560d_int8,zh_char,3,4763,474,220,11150,69.87192945622508,28.40646651270208,1.721604031072853,27,5,22,0.0069284064665127,0.0256141087549863,0.0440898593323535,0.0223405535746215,526.0,1831.0401007768212,0.0115473441108545,0.0424102456435019,0.0745328574427881,0.0350934632158208,313.0,1572.6099097207643,0.0046189376443418,0.0167961368885156,0.0304429981104346,"Across 4,763 held-out members of P families, the correct derived character was rank 1 in 0.69% using S alone and 1.15% after adding r_P.",4763,474,220,11150,76.00251942053328,22.254881377283223,1.742599202183498,30,4,26,0.0071383581776191,0.0264539155994121,0.0434600041990342,0.0223463907150868,522.0,1625.8733991182028,0.0125971026663867,0.0411505353768633,0.069284064665127,0.0354866305596299,272.0,1073.39470921688,0.0054587444887675,0.0146966197774511,0.0258240604660927,"Across 4,763 held-out members of P families, the correct derived character was rank 1 in 0.71% using S alone and 1.26% after adding r_P.",0,0,0,0,6.1305899643082,-6.151585135418859,0.02099517111064486,3,-1,4,0.00020995171110640021,0.0008398068444258021,-0.0006298551333192987,5.837140465300705e-06,-4.0,-205.16670165861842,0.0010497585555321997,-0.0012597102666385973,-0.005248792777661104,0.000393167343809106,-41.0,-499.21520050388426,0.0008398068444257006,-0.0020995171110645017,-0.004618937644341903
qwen3_4b_2560d_int8,zh_char,5,4181,346,215,11150,69.887586701746,28.39033723989476,1.7220760583592445,25,4,21,0.0069361396795025,0.0265486725663716,0.0468787371442238,0.0228414883371311,532.0,1823.29921071514,0.0119588615163836,0.0432910786893087,0.0753408275532169,0.0356699356954294,313.0,1568.0210475962688,0.0050227218368811,0.0167424061229371,0.028462090408993,,4181,346,215,11150,76.22578330542932,22.0043051901459,1.7699115044247788,28,4,24,0.0071753169098301,0.0275053814876823,0.0464003826835685,0.0229746667884615,518.0,1612.783305429323,0.0129155704376943,0.042334369767998,0.0693613967950251,0.0359742550496971,268.0,1059.8079406840468,0.0057402535278641,0.0148289882803157,0.0229610141114565,,0,0,0,0,6.338196603683315,-6.386032049748859,0.04783544606553436,3,0,3,0.00023917723032760001,0.0009567089213106984,-0.00047835446065530585,0.00013317845133039782,-14.0,-210.51590528581687,0.0009567089213107002,-0.000956708921310695,-0.005979430758191809,0.00030431935426769585,-45.0,-508.213106912222,0.0007175316909830004,-0.0019134178426213986,-0.005501076297536503
qwen3_4b_2560d_int8,zh_char,8,3313,220,201,11150,69.99698158768489,28.191971023241774,1.811047389073348,19,4,15,0.0060368246302444,0.0280712345306368,0.0482945970419559,0.0225911933949122,550.0,1825.7736190763655,0.0105644431029278,0.0437669785692725,0.0742529429520072,0.034373326129325,326.0,1588.789616661636,0.0045276184726833,0.0156957440386356,0.0259583459100513,,3313,220,201,11150,76.57712043465136,21.61183217627528,1.811047389073348,21,4,17,0.0066405070932689,0.0283730757621491,0.0479927558104437,0.0229797797078456,528.0,1630.915182613945,0.0117718080289767,0.0419559311801992,0.0670087533957138,0.0350738339782066,280.0,1075.6851795955326,0.0051313009357078,0.0135828554180501,0.0190159975852701,,0,0,0,0,6.580138846966477,-6.580138846966495,0.0,2,0,2,0.0006036824630245002,0.0003018412315122995,-0.00030184123151219544,0.0003885863129334012,-22.0,-194.8584364624205,0.0012073649260488997,-0.0018110473890733045,-0.007244189556293398,0.0007005078488816,-46.0,-513.1044370661034,0.0006036824630245002,-0.0021128886205855,-0.006942348324781199
