edge_id,anchor_char,derived_char,added_component,anchor_role,added_component_role,phonophore_root,recursive_depth,family_id_root,family_id_immediate,edge_structure_pattern,layout,edge_status,edge_confidence,edge_dispute_flag,source_reference,anchor_in_population,anchor_char_raw,phonophore_root_raw,added_component_raw,edge_structure_pattern_raw,anchor_char_normalized,added_component_normalized,edge_structure_pattern_normalized,normalization_applied,normalization_map_id,normalization_rule_category,normalization_confidence,normalization_notes,phonophore_root_normalized,normalization_collapse_group,normalization_collapse_flag,v3_change_type,v2_edge_id,audit_disposition,validation_source_1,validation_source_1_url,validation_source_1_claim,validation_source_2,validation_source_2_url,historical_phonology_support,modern_pronunciation_support,reviewer_notes,review_status,review_date
EDGE-00001,一,戌,戊,phonophore_and_semantic,structural_remainder_presumed_semantic,一,1,ROOT-4E00,IMM-4E00,⿵戊一,surround-from-above,eligible_direct,medium,True,CJKVI ids-analysis: 一亦聲,True,一,一,戊,⿵戊一,一,戊,⿵戊一,False,,,not_applicable,No accepted mapping applied.,一,COLLAPSE-00091,False,disputed,EDGE-00001,ambiguous_or_disputed,CJKVI ids-analysis explicit 聲/亦聲 annotation,https://github.com/cjkvi/cjkvi-ids,CJKVI ids-analysis: 一亦聲,,,not independently revalidated in this audit,not used for retention,Retained as disputed sensitivity edge; not primary-confirmed.,retained_disputed,2026-09-07
EDGE-00014,成,城,土,phonophore_and_semantic,structural_remainder_presumed_semantic,丁,2,ROOT-4E01,IMM-6210,⿰土成,left-right,eligible_direct,medium,True,CJKVI ids-analysis: 成亦聲,True,成,丁,土,⿰土成,成,土,⿰土成,False,,,not_applicable,No accepted mapping applied.,丁,COLLAPSE-03065,False,disputed,EDGE-00014,ambiguous_or_disputed,CJKVI ids-analysis explicit 聲/亦聲 annotation,https://github.com/cjkvi/cjkvi-ids,CJKVI ids-analysis: 成亦聲,,,not independently revalidated in this audit,not used for retention,Retained as disputed sensitivity edge; not primary-confirmed.,retained_disputed,2026-09-07
EDGE-00067,賓,殯,歹,phonophore_and_semantic,structural_remainder_presumed_semantic,𡧍,2,ROOT-219CD,IMM-8CD3,⿰歹賓,left-right,eligible_direct,medium,True,CJKVI ids-analysis: 賓亦聲,True,賓,賓,歹,⿰歹賓,賓,歹,⿰歹賓,False,,,not_applicable,No accepted mapping applied.,𡧍,COLLAPSE-05438,False,disputed,EDGE-00067,ambiguous_or_disputed,CJKVI ids-analysis explicit 聲/亦聲 annotation,https://github.com/cjkvi/cjkvi-ids,CJKVI ids-analysis: 賓亦聲,,,not independently revalidated in this audit,not used for retention,Retained as disputed sensitivity edge; not primary-confirmed.,retained_disputed,2026-09-07
EDGE-00079,丑,羞,羊,phonophore_and_semantic,structural_remainder_presumed_semantic,丑,1,ROOT-4E11,IMM-4E11,⿰羊丑,left-right,eligible_direct,medium,True,CJKVI ids-analysis: 丑亦聲,True,丑,丑,羊,⿰羊丑,丑,羊,⿰羊丑,False,,,not_applicable,No accepted mapping applied.,丑,COLLAPSE-00128,False,disputed,EDGE-00079,ambiguous_or_disputed,CJKVI ids-analysis explicit 聲/亦聲 annotation,https://github.com/cjkvi/cjkvi-ids,CJKVI ids-analysis: 丑亦聲,,,not independently revalidated in this audit,not used for retention,Retained as disputed sensitivity edge; not primary-confirmed.,retained_disputed,2026-09-07
EDGE-00128,平,坪,土,phonophore_and_semantic,structural_remainder_presumed_semantic,平,1,ROOT-5E73,IMM-5E73,⿰土平,left-right,eligible_direct,medium,True,CJKVI ids-analysis: 平亦聲,True,平,平,土,⿰土平,平,土,⿰土平,False,,,not_applicable,No accepted mapping applied.,平,COLLAPSE-02770,False,disputed,EDGE-00128,ambiguous_or_disputed,CJKVI ids-analysis explicit 聲/亦聲 annotation,https://github.com/cjkvi/cjkvi-ids,CJKVI ids-analysis: 平亦聲,,,not independently revalidated in this audit,not used for retention,Retained as disputed sensitivity edge; not primary-confirmed.,retained_disputed,2026-09-07
EDGE-00131,平,枰,木,phonophore_and_semantic,structural_remainder_presumed_semantic,平,1,ROOT-5E73,IMM-5E73,⿰木平,left-right,eligible_direct,medium,True,CJKVI ids-analysis: 平亦聲,True,平,平,木,⿰木平,平,木,⿰木平,False,,,not_applicable,No accepted mapping applied.,平,COLLAPSE-02773,False,disputed,EDGE-00131,ambiguous_or_disputed,CJKVI ids-analysis explicit 聲/亦聲 annotation,https://github.com/cjkvi/cjkvi-ids,CJKVI ids-analysis: 平亦聲,,,not independently revalidated in this audit,not used for retention,Retained as disputed sensitivity edge; not primary-confirmed.,retained_disputed,2026-09-07
EDGE-00148,丩,朻,木,phonophore_and_semantic,structural_remainder_presumed_semantic,丩,1,ROOT-4E29,IMM-4E29,⿰木丩,left-right,missing_anchor_from_frozen_population,medium,True,CJKVI ids-analysis: 丩亦聲,False,丩,丩,木,⿰木丩,丩,木,⿰木丩,False,,,not_applicable,No accepted mapping applied.,丩,COLLAPSE-00183,False,disputed,EDGE-00148,ambiguous_or_disputed,CJKVI ids-analysis explicit 聲/亦聲 annotation,https://github.com/cjkvi/cjkvi-ids,CJKVI ids-analysis: 丩亦聲,,,not independently revalidated in this audit,not used for retention,Retained as disputed sensitivity edge; not primary-confirmed.,retained_disputed,2026-09-07
EDGE-00149,丩,糾,糸,phonophore_and_semantic,structural_remainder_presumed_semantic,丩,1,ROOT-4E29,IMM-4E29,⿰糸丩,left-right,missing_anchor_from_frozen_population,medium,True,CJKVI ids-analysis: 丩亦聲,False,丩,丩,糸,⿰糸丩,丩,糸,⿰糸丩,False,,,not_applicable,No accepted mapping applied.,丩,COLLAPSE-00184,False,disputed,EDGE-00149,ambiguous_or_disputed,CJKVI ids-analysis explicit 聲/亦聲 annotation,https://github.com/cjkvi/cjkvi-ids,CJKVI ids-analysis: 丩亦聲,,,not independently revalidated in this audit,not used for retention,Retained as disputed sensitivity edge; not primary-confirmed.,retained_disputed,2026-09-07
EDGE-00153,中,仲,亻,phonophore_and_semantic,structural_remainder_presumed_semantic,中,1,ROOT-4E2D,IMM-4E2D,⿰亻中,left-right,eligible_direct,medium,True,CJKVI ids-analysis: 中亦聲,True,中,中,亻,⿰亻中,中,亻,⿰亻中,False,,,not_applicable,No accepted mapping applied.,中,COLLAPSE-00188,False,disputed,EDGE-00153,ambiguous_or_disputed,CJKVI ids-analysis explicit 聲/亦聲 annotation,https://github.com/cjkvi/cjkvi-ids,CJKVI ids-analysis: 中亦聲,,,not independently revalidated in this audit,not used for retention,Retained as disputed sensitivity edge; not primary-confirmed.,retained_disputed,2026-09-07
EDGE-00195,丶,主,王,phonophore_and_semantic,structural_remainder_presumed_semantic,丶,1,ROOT-4E36,IMM-4E36,⿱丶王,top-bottom,missing_anchor_from_frozen_population,medium,True,CJKVI ids-analysis: 丶亦聲,False,丶,丶,王,⿱丶王,丶,王,⿱丶王,False,,,not_applicable,No accepted mapping applied.,丶,COLLAPSE-00198,False,disputed,EDGE-00195,ambiguous_or_disputed,CJKVI ids-analysis explicit 聲/亦聲 annotation,https://github.com/cjkvi/cjkvi-ids,CJKVI ids-analysis: 丶亦聲,,,not independently revalidated in this audit,not used for retention,Retained as disputed sensitivity edge; not primary-confirmed.,retained_disputed,2026-09-07
EDGE-00214,𠔾,冬,仌,phonophore_and_semantic,structural_remainder_presumed_semantic,𠔾,1,ROOT-2053E,IMM-2053E,⿵𠔾仌,surround-from-above,missing_anchor_from_frozen_population,medium,True,CJKVI ids-analysis: 𠔾亦聲,False,𠔾,𠔾,仌,⿵𠔾仌,𠔾,仌,⿵𠔾仌,False,,,not_applicable,No accepted mapping applied.,𠔾,COLLAPSE-06074,False,disputed,EDGE-00214,ambiguous_or_disputed,CJKVI ids-analysis explicit 聲/亦聲 annotation,https://github.com/cjkvi/cjkvi-ids,CJKVI ids-analysis: 𠔾亦聲,,,not independently revalidated in this audit,not used for retention,Retained as disputed sensitivity edge; not primary-confirmed.,retained_disputed,2026-09-07
EDGE-00234,延,挻,扌,phonophore_and_semantic,structural_remainder_presumed_semantic,丿,2,ROOT-4E3F,IMM-5EF6,⿰扌延,left-right,eligible_direct,medium,True,CJKVI ids-analysis: 延亦聲,True,延,延,扌,⿰扌延,延,扌,⿰扌延,False,,,not_applicable,No accepted mapping applied.,丿,COLLAPSE-02841,False,disputed,EDGE-00234,ambiguous_or_disputed,CJKVI ids-analysis explicit 聲/亦聲 annotation,https://github.com/cjkvi/cjkvi-ids,CJKVI ids-analysis: 延亦聲,,,not independently revalidated in this audit,not used for retention,Retained as disputed sensitivity edge; not primary-confirmed.,retained_disputed,2026-09-07
EDGE-00536,含,琀,王,phonophore_and_semantic,structural_remainder_presumed_semantic,今,2,ROOT-4ECA,IMM-542B,⿰王含,left-right,eligible_direct,medium,True,CJKVI ids-analysis: 含亦聲,True,含,今,王,⿰王含,含,王,⿰王含,False,,,not_applicable,No accepted mapping applied.,今,COLLAPSE-01592,False,disputed,EDGE-00536,ambiguous_or_disputed,CJKVI ids-analysis explicit 聲/亦聲 annotation,https://github.com/cjkvi/cjkvi-ids,CJKVI ids-analysis: 含亦聲,,,not independently revalidated in this audit,not used for retention,Retained as disputed sensitivity edge; not primary-confirmed.,retained_disputed,2026-09-07
EDGE-00763,先,詵,言,phonophore_and_semantic,structural_remainder_presumed_semantic,先,1,ROOT-5148,IMM-5148,⿰言先,left-right,eligible_direct,medium,True,CJKVI ids-analysis: 先亦聲,True,先,先,言,⿰言先,先,言,⿰言先,False,,,not_applicable,No accepted mapping applied.,先,COLLAPSE-00635,False,disputed,EDGE-00763,ambiguous_or_disputed,CJKVI ids-analysis explicit 聲/亦聲 annotation,https://github.com/cjkvi/cjkvi-ids,CJKVI ids-analysis: 先亦聲,,,not independently revalidated in this audit,not used for retention,Retained as disputed sensitivity edge; not primary-confirmed.,retained_disputed,2026-09-07
EDGE-00801,內,汭,氵,phonophore_and_semantic,structural_remainder_presumed_semantic,入,2,ROOT-5165,IMM-5167,⿰氵內,left-right,eligible_direct,medium,True,CJKVI ids-analysis: 內亦聲,True,內,入,氵,⿰氵內,內,氵,⿰氵內,False,,,not_applicable,No accepted mapping applied.,入,COLLAPSE-00691,False,disputed,EDGE-00801,ambiguous_or_disputed,CJKVI ids-analysis explicit 聲/亦聲 annotation,https://github.com/cjkvi/cjkvi-ids,CJKVI ids-analysis: 內亦聲,,,not independently revalidated in this audit,not used for retention,Retained as disputed sensitivity edge; not primary-confirmed.,retained_disputed,2026-09-07
EDGE-00885,八,匹,匸,phonophore_and_semantic,structural_remainder_presumed_semantic,八,1,ROOT-516B,IMM-516B,⿷匸八,surround-from-left,eligible_direct,medium,True,CJKVI ids-analysis: 八亦聲,True,八,八,匸,⿷匸八,八,匸,⿷匸八,False,,,not_applicable,No accepted mapping applied.,八,COLLAPSE-00731,False,disputed,EDGE-00885,ambiguous_or_disputed,CJKVI ids-analysis explicit 聲/亦聲 annotation,https://github.com/cjkvi/cjkvi-ids,CJKVI ids-analysis: 八亦聲,,,not independently revalidated in this audit,not used for retention,Retained as disputed sensitivity edge; not primary-confirmed.,retained_disputed,2026-09-07
EDGE-00889,穴,泬,氵,phonophore_and_semantic,structural_remainder_presumed_semantic,八,2,ROOT-516B,IMM-7A74,⿰氵穴,left-right,eligible_direct,medium,True,CJKVI ids-analysis: 穴亦聲,True,穴,八,氵,⿰氵穴,穴,氵,⿰氵穴,False,,,not_applicable,No accepted mapping applied.,八,COLLAPSE-04651,False,disputed,EDGE-00889,ambiguous_or_disputed,CJKVI ids-analysis explicit 聲/亦聲 annotation,https://github.com/cjkvi/cjkvi-ids,CJKVI ids-analysis: 穴亦聲,,,not independently revalidated in this audit,not used for retention,Retained as disputed sensitivity edge; not primary-confirmed.,retained_disputed,2026-09-07
EDGE-00923,圥,鼀,𪓑,phonophore_and_semantic,structural_remainder_presumed_semantic,圥,1,ROOT-5725,IMM-5725,⿱圥𪓑,top-bottom,missing_anchor_from_frozen_population,medium,True,CJKVI ids-analysis: 圥亦聲,False,圥,圥,𪓑,⿱圥𪓑,圥,𪓑,⿱圥𪓑,False,,,not_applicable,No accepted mapping applied.,圥,COLLAPSE-01841,False,disputed,EDGE-00923,ambiguous_or_disputed,CJKVI ids-analysis explicit 聲/亦聲 annotation,https://github.com/cjkvi/cjkvi-ids,CJKVI ids-analysis: 圥亦聲,,,not independently revalidated in this audit,not used for retention,Retained as disputed sensitivity edge; not primary-confirmed.,retained_disputed,2026-09-07
EDGE-00999,冒,瑁,王,phonophore_and_semantic,structural_remainder_presumed_semantic,冃,2,ROOT-5183,IMM-5192,⿰王冒,left-right,eligible_direct,medium,True,CJKVI ids-analysis: 冒亦聲,True,冒,冒,王,⿰王冒,冒,王,⿰王冒,False,,,not_applicable,No accepted mapping applied.,冃,COLLAPSE-00807,False,disputed,EDGE-00999,ambiguous_or_disputed,CJKVI ids-analysis explicit 聲/亦聲 annotation,https://github.com/cjkvi/cjkvi-ids,CJKVI ids-analysis: 冒亦聲,,,not independently revalidated in this audit,not used for retention,Retained as disputed sensitivity edge; not primary-confirmed.,retained_disputed,2026-09-07
EDGE-01022,骨,尳,尢,phonophore_and_semantic,structural_remainder_presumed_semantic,冎,2,ROOT-518E,IMM-9AA8,⿺尢骨,surround-lower-left,eligible_direct,medium,True,CJKVI ids-analysis: 骨亦聲,True,骨,骨,尢,⿺尢骨,骨,尢,⿺尢骨,False,,,not_applicable,No accepted mapping applied.,冎,COLLAPSE-05912,False,disputed,EDGE-01022,ambiguous_or_disputed,CJKVI ids-analysis explicit 聲/亦聲 annotation,https://github.com/cjkvi/cjkvi-ids,CJKVI ids-analysis: 骨亦聲,,,not independently revalidated in this audit,not used for retention,Retained as disputed sensitivity edge; not primary-confirmed.,retained_disputed,2026-09-07
EDGE-01051,冖,鼏,鼎,phonophore_and_semantic,structural_remainder_presumed_semantic,冖,1,ROOT-5196,IMM-5196,⿱冖鼎,top-bottom,missing_anchor_from_frozen_population,medium,True,CJKVI ids-analysis: 冖亦聲,False,冖,冖,鼎,⿱冖鼎,冖,鼎,⿱冖鼎,False,,,not_applicable,No accepted mapping applied.,冖,COLLAPSE-00820,False,disputed,EDGE-01051,ambiguous_or_disputed,CJKVI ids-analysis explicit 聲/亦聲 annotation,https://github.com/cjkvi/cjkvi-ids,CJKVI ids-analysis: 冖亦聲,,,not independently revalidated in this audit,not used for retention,Retained as disputed sensitivity edge; not primary-confirmed.,retained_disputed,2026-09-07
EDGE-01070,冥,螟,虫,phonophore_and_semantic,structural_remainder_presumed_semantic,冥,1,ROOT-51A5,IMM-51A5,⿰虫冥,left-right,eligible_direct,medium,True,CJKVI ids-analysis: 冥亦聲,True,冥,冥,虫,⿰虫冥,冥,虫,⿰虫冥,False,,,not_applicable,No accepted mapping applied.,冥,COLLAPSE-00841,False,disputed,EDGE-01070,ambiguous_or_disputed,CJKVI ids-analysis explicit 聲/亦聲 annotation,https://github.com/cjkvi/cjkvi-ids,CJKVI ids-analysis: 冥亦聲,,,not independently revalidated in this audit,not used for retention,Retained as disputed sensitivity edge; not primary-confirmed.,retained_disputed,2026-09-07
EDGE-01077,几,鳧,鳥,phonophore_and_semantic,structural_remainder_presumed_semantic,几,1,ROOT-51E0,IMM-51E0,⿱鳥几,top-bottom,eligible_direct,medium,True,CJKVI ids-analysis: 几亦聲,True,几,几,鳥,⿱鳥几,几,鳥,⿱鳥几,False,,,not_applicable,No accepted mapping applied.,几,COLLAPSE-00855,False,disputed,EDGE-01077,ambiguous_or_disputed,CJKVI ids-analysis explicit 聲/亦聲 annotation,https://github.com/cjkvi/cjkvi-ids,CJKVI ids-analysis: 几亦聲,,,not independently revalidated in this audit,not used for retention,Retained as disputed sensitivity edge; not primary-confirmed.,retained_disputed,2026-09-07
EDGE-01144,召,詔,言,phonophore_and_semantic,structural_remainder_presumed_semantic,刀,2,ROOT-5200,IMM-53EC,⿰言召,left-right,eligible_direct,medium,True,CJKVI ids-analysis: 召亦聲,True,召,刀,言,⿰言召,召,言,⿰言召,False,,,not_applicable,No accepted mapping applied.,刀,COLLAPSE-01435,False,disputed,EDGE-01144,ambiguous_or_disputed,CJKVI ids-analysis explicit 聲/亦聲 annotation,https://github.com/cjkvi/cjkvi-ids,CJKVI ids-analysis: 召亦聲,,,not independently revalidated in this audit,not used for retention,Retained as disputed sensitivity edge; not primary-confirmed.,retained_disputed,2026-09-07
EDGE-01186,分,貧,貝,phonophore_and_semantic,structural_remainder_presumed_semantic,分,1,ROOT-5206,IMM-5206,⿱分貝,top-bottom,eligible_direct,medium,True,CJKVI ids-analysis: 分亦聲,True,分,分,貝,⿱分貝,分,貝,⿱分貝,False,,,not_applicable,No accepted mapping applied.,分,COLLAPSE-00907,False,disputed,EDGE-01186,ambiguous_or_disputed,CJKVI ids-analysis explicit 聲/亦聲 annotation,https://github.com/cjkvi/cjkvi-ids,CJKVI ids-analysis: 分亦聲,,,not independently revalidated in this audit,not used for retention,Retained as disputed sensitivity edge; not primary-confirmed.,retained_disputed,2026-09-07
EDGE-01267,句,拘,扌,phonophore_and_semantic,structural_remainder_presumed_semantic,勹,2,ROOT-52F9,IMM-53E5,⿰扌句,left-right,eligible_direct,medium,True,CJKVI ids-analysis: 句亦聲,True,句,句,扌,⿰扌句,句,扌,⿰扌句,False,,,not_applicable,No accepted mapping applied.,勹,COLLAPSE-01399,False,disputed,EDGE-01267,ambiguous_or_disputed,CJKVI ids-analysis explicit 聲/亦聲 annotation,https://github.com/cjkvi/cjkvi-ids,CJKVI ids-analysis: 句亦聲,,,not independently revalidated in this audit,not used for retention,Retained as disputed sensitivity edge; not primary-confirmed.,retained_disputed,2026-09-07
EDGE-01276,句,笱,竹,phonophore_and_semantic,structural_remainder_presumed_semantic,勹,2,ROOT-52F9,IMM-53E5,⿱竹句,top-bottom,eligible_direct,medium,True,CJKVI ids-analysis: 句亦聲,True,句,句,竹,⿱竹句,句,竹,⿱竹句,False,,,not_applicable,No accepted mapping applied.,勹,COLLAPSE-01407,False,disputed,EDGE-01276,ambiguous_or_disputed,CJKVI ids-analysis explicit 聲/亦聲 annotation,https://github.com/cjkvi/cjkvi-ids,CJKVI ids-analysis: 句亦聲,,,not independently revalidated in this audit,not used for retention,Retained as disputed sensitivity edge; not primary-confirmed.,retained_disputed,2026-09-07
EDGE-01283,句,鉤,釒,phonophore_and_semantic,structural_remainder_presumed_semantic,勹,2,ROOT-52F9,IMM-53E5,⿰釒句,left-right,eligible_direct,medium,True,CJKVI ids-analysis: 句亦聲,True,句,句,釒,⿰釒句,句,釒,⿰釒句,False,,,not_applicable,No accepted mapping applied.,勹,COLLAPSE-01414,False,disputed,EDGE-01283,ambiguous_or_disputed,CJKVI ids-analysis explicit 聲/亦聲 annotation,https://github.com/cjkvi/cjkvi-ids,CJKVI ids-analysis: 句亦聲,,,not independently revalidated in this audit,not used for retention,Retained as disputed sensitivity edge; not primary-confirmed.,retained_disputed,2026-09-07
EDGE-01284,句,雊,隹,phonophore_and_semantic,structural_remainder_presumed_semantic,勹,2,ROOT-52F9,IMM-53E5,⿰句隹,left-right,eligible_direct,medium,True,CJKVI ids-analysis: 句亦聲,True,句,句,隹,⿰句隹,句,隹,⿰句隹,False,,,not_applicable,No accepted mapping applied.,勹,COLLAPSE-01415,False,disputed,EDGE-01284,ambiguous_or_disputed,CJKVI ids-analysis explicit 聲/亦聲 annotation,https://github.com/cjkvi/cjkvi-ids,CJKVI ids-analysis: 句亦聲,,,not independently revalidated in this audit,not used for retention,Retained as disputed sensitivity edge; not primary-confirmed.,retained_disputed,2026-09-07
EDGE-01347,匕,化,亻,phonophore_and_semantic,structural_remainder_presumed_semantic,匕,1,ROOT-5315,IMM-5315,⿰亻匕,left-right,eligible_direct,medium,True,CJKVI ids-analysis: 匕亦聲,True,匕,匕,亻,⿰亻匕,匕,亻,⿰亻匕,False,,,not_applicable,No accepted mapping applied.,匕,COLLAPSE-01040,False,disputed,EDGE-01347,ambiguous_or_disputed,CJKVI ids-analysis explicit 聲/亦聲 annotation,https://github.com/cjkvi/cjkvi-ids,CJKVI ids-analysis: 匕亦聲,,,not independently revalidated in this audit,not used for retention,Retained as disputed sensitivity edge; not primary-confirmed.,retained_disputed,2026-09-07
EDGE-01371,泥,屔,丠,phonophore_and_semantic,structural_remainder_presumed_semantic,匕,3,ROOT-5315,IMM-6CE5,⿰丠泥,left-right,eligible_direct,medium,True,CJKVI ids-analysis: 泥亦聲,True,泥,匕,丠,⿰丠泥,泥,丠,⿰丠泥,False,,,not_applicable,No accepted mapping applied.,匕,COLLAPSE-03954,False,disputed,EDGE-01371,ambiguous_or_disputed,CJKVI ids-analysis explicit 聲/亦聲 annotation,https://github.com/cjkvi/cjkvi-ids,CJKVI ids-analysis: 泥亦聲,,,not independently revalidated in this audit,not used for retention,Retained as disputed sensitivity edge; not primary-confirmed.,retained_disputed,2026-09-07
EDGE-01396,頃,傾,亻,phonophore_and_semantic,structural_remainder_presumed_semantic,匕,2,ROOT-5315,IMM-9803,⿰亻頃,left-right,eligible_direct,medium,True,CJKVI ids-analysis: 頃亦聲,True,頃,匕,亻,⿰亻頃,頃,亻,⿰亻頃,False,,,not_applicable,No accepted mapping applied.,匕,COLLAPSE-05882,False,disputed,EDGE-01396,ambiguous_or_disputed,CJKVI ids-analysis explicit 聲/亦聲 annotation,https://github.com/cjkvi/cjkvi-ids,CJKVI ids-analysis: 頃亦聲,,,not independently revalidated in this audit,not used for retention,Retained as disputed sensitivity edge; not primary-confirmed.,retained_disputed,2026-09-07
EDGE-01456,半,泮,氵,phonophore_and_semantic,structural_remainder_presumed_semantic,半,1,ROOT-534A,IMM-534A,⿰氵半,left-right,eligible_direct,medium,True,CJKVI ids-analysis: 半亦聲,True,半,半,氵,⿰氵半,半,氵,⿰氵半,False,,,not_applicable,No accepted mapping applied.,半,COLLAPSE-01113,False,disputed,EDGE-01456,ambiguous_or_disputed,CJKVI ids-analysis explicit 聲/亦聲 annotation,https://github.com/cjkvi/cjkvi-ids,CJKVI ids-analysis: 半亦聲,,,not independently revalidated in this audit,not used for retention,Retained as disputed sensitivity edge; not primary-confirmed.,retained_disputed,2026-09-07
EDGE-01459,半,胖,肉,phonophore_and_semantic,structural_remainder_presumed_semantic,半,1,ROOT-534A,IMM-534A,⿰肉半,left-right,eligible_direct,medium,True,CJKVI ids-analysis: 半亦聲,True,半,半,肉,⿰肉半,半,肉,⿰肉半,False,,,not_applicable,No accepted mapping applied.,半,COLLAPSE-01116,False,disputed,EDGE-01459,ambiguous_or_disputed,CJKVI ids-analysis explicit 聲/亦聲 annotation,https://github.com/cjkvi/cjkvi-ids,CJKVI ids-analysis: 半亦聲,,,not independently revalidated in this audit,not used for retention,Retained as disputed sensitivity edge; not primary-confirmed.,retained_disputed,2026-09-07
EDGE-01463,卑,婢,女,phonophore_and_semantic,structural_remainder_presumed_semantic,卑,1,ROOT-5351,IMM-5351,⿰女卑,left-right,eligible_direct,medium,True,CJKVI ids-analysis: 卑亦聲,True,卑,卑,女,⿰女卑,卑,女,⿰女卑,False,,,not_applicable,No accepted mapping applied.,卑,COLLAPSE-01120,False,disputed,EDGE-01463,ambiguous_or_disputed,CJKVI ids-analysis explicit 聲/亦聲 annotation,https://github.com/cjkvi/cjkvi-ids,CJKVI ids-analysis: 卑亦聲,,,not independently revalidated in this audit,not used for retention,Retained as disputed sensitivity edge; not primary-confirmed.,retained_disputed,2026-09-07
EDGE-01616,厽,絫,糸,phonophore_and_semantic,structural_remainder_presumed_semantic,厽,1,ROOT-53BD,IMM-53BD,⿱厽糸,top-bottom,missing_anchor_from_frozen_population,medium,True,CJKVI ids-analysis: 厽亦聲,False,厽,厽,糸,⿱厽糸,厽,糸,⿱厽糸,False,,,not_applicable,No accepted mapping applied.,厽,COLLAPSE-01279,False,disputed,EDGE-01616,ambiguous_or_disputed,CJKVI ids-analysis explicit 聲/亦聲 annotation,https://github.com/cjkvi/cjkvi-ids,CJKVI ids-analysis: 厽亦聲,,,not independently revalidated in this audit,not used for retention,Retained as disputed sensitivity edge; not primary-confirmed.,retained_disputed,2026-09-07
EDGE-01623,就,僦,亻,phonophore_and_semantic,structural_remainder_presumed_semantic,又,3,ROOT-53C8,IMM-5C31,⿰亻就,left-right,eligible_direct,medium,True,CJKVI ids-analysis: 就亦聲,True,就,又,亻,⿰亻就,就,亻,⿰亻就,False,,,not_applicable,No accepted mapping applied.,又,COLLAPSE-02526,False,disputed,EDGE-01623,ambiguous_or_disputed,CJKVI ids-analysis explicit 聲/亦聲 annotation,https://github.com/cjkvi/cjkvi-ids,CJKVI ids-analysis: 就亦聲,,,not independently revalidated in this audit,not used for retention,Retained as disputed sensitivity edge; not primary-confirmed.,retained_disputed,2026-09-07
EDGE-01624,就,噈,口,phonophore_and_semantic,structural_remainder_presumed_semantic,又,3,ROOT-53C8,IMM-5C31,⿰口就,left-right,eligible_direct,medium,True,CJKVI ids-analysis: 就亦聲,True,就,又,口,⿰口就,就,口,⿰口就,False,,,not_applicable,No accepted mapping applied.,又,COLLAPSE-02527,False,disputed,EDGE-01624,ambiguous_or_disputed,CJKVI ids-analysis explicit 聲/亦聲 annotation,https://github.com/cjkvi/cjkvi-ids,CJKVI ids-analysis: 就亦聲,,,not independently revalidated in this audit,not used for retention,Retained as disputed sensitivity edge; not primary-confirmed.,retained_disputed,2026-09-07
EDGE-01656,及,汲,氵,phonophore_and_semantic,structural_remainder_presumed_semantic,及,1,ROOT-53CA,IMM-53CA,⿰氵及,left-right,eligible_direct,medium,True,CJKVI ids-analysis: 及亦聲,True,及,及,氵,⿰氵及,及,氵,⿰氵及,False,,,not_applicable,No accepted mapping applied.,及,COLLAPSE-01300,False,disputed,EDGE-01656,ambiguous_or_disputed,CJKVI ids-analysis explicit 聲/亦聲 annotation,https://github.com/cjkvi/cjkvi-ids,CJKVI ids-analysis: 及亦聲,,,not independently revalidated in this audit,not used for retention,Retained as disputed sensitivity edge; not primary-confirmed.,retained_disputed,2026-09-07
EDGE-01663,及,馺,馬,phonophore_and_semantic,structural_remainder_presumed_semantic,及,1,ROOT-53CA,IMM-53CA,⿰馬及,left-right,eligible_direct,medium,True,CJKVI ids-analysis: 及亦聲,True,及,及,馬,⿰馬及,及,馬,⿰馬及,False,,,not_applicable,No accepted mapping applied.,及,COLLAPSE-01307,False,disputed,EDGE-01663,ambiguous_or_disputed,CJKVI ids-analysis explicit 聲/亦聲 annotation,https://github.com/cjkvi/cjkvi-ids,CJKVI ids-analysis: 及亦聲,,,not independently revalidated in this audit,not used for retention,Retained as disputed sensitivity edge; not primary-confirmed.,retained_disputed,2026-09-07
EDGE-01671,反,返,辶,phonophore_and_semantic,structural_remainder_presumed_semantic,反,1,ROOT-53CD,IMM-53CD,⿺辶反,surround-lower-left,eligible_direct,medium,True,CJKVI ids-analysis: 反亦聲,True,反,反,辶,⿺辶反,反,辶,⿺辶反,False,,,not_applicable,No accepted mapping applied.,反,COLLAPSE-01315,False,disputed,EDGE-01671,ambiguous_or_disputed,CJKVI ids-analysis explicit 聲/亦聲 annotation,https://github.com/cjkvi/cjkvi-ids,CJKVI ids-analysis: 反亦聲,,,not independently revalidated in this audit,not used for retention,Retained as disputed sensitivity edge; not primary-confirmed.,retained_disputed,2026-09-07
EDGE-01694,叕,綴,糸,phonophore_and_semantic,structural_remainder_presumed_semantic,叕,1,ROOT-53D5,IMM-53D5,⿰糸叕,left-right,missing_anchor_from_frozen_population,medium,True,CJKVI ids-analysis: 叕亦聲,False,叕,叕,糸,⿰糸叕,叕,糸,⿰糸叕,False,,,not_applicable,No accepted mapping applied.,叕,COLLAPSE-01335,False,disputed,EDGE-01694,ambiguous_or_disputed,CJKVI ids-analysis explicit 聲/亦聲 annotation,https://github.com/cjkvi/cjkvi-ids,CJKVI ids-analysis: 叕亦聲,,,not independently revalidated in this audit,not used for retention,Retained as disputed sensitivity edge; not primary-confirmed.,retained_disputed,2026-09-07
EDGE-01739,口,釦,釒,phonophore_and_semantic,structural_remainder_presumed_semantic,口,1,ROOT-53E3,IMM-53E3,⿰釒口,left-right,eligible_direct,medium,True,CJKVI ids-analysis: 口亦聲,True,口,口,釒,⿰釒口,口,釒,⿰釒口,False,,,not_applicable,No accepted mapping applied.,口,COLLAPSE-01376,False,disputed,EDGE-01739,ambiguous_or_disputed,CJKVI ids-analysis explicit 聲/亦聲 annotation,https://github.com/cjkvi/cjkvi-ids,CJKVI ids-analysis: 口亦聲,,,not independently revalidated in this audit,not used for retention,Retained as disputed sensitivity edge; not primary-confirmed.,retained_disputed,2026-09-07
EDGE-01785,𠀀,可,口,phonophore_and_semantic,structural_remainder_presumed_semantic,𠀀,1,ROOT-20000,IMM-20000,⿹𠀀口,surround-upper-right,missing_anchor_from_frozen_population,medium,True,CJKVI ids-analysis: 𠀀亦聲,False,𠀀,𠀀,口,⿹𠀀口,𠀀,口,⿹𠀀口,False,,,not_applicable,No accepted mapping applied.,𠀀,COLLAPSE-06055,False,disputed,EDGE-01785,ambiguous_or_disputed,CJKVI ids-analysis explicit 聲/亦聲 annotation,https://github.com/cjkvi/cjkvi-ids,CJKVI ids-analysis: 𠀀亦聲,,,not independently revalidated in this audit,not used for retention,Retained as disputed sensitivity edge; not primary-confirmed.,retained_disputed,2026-09-07
EDGE-01891,合,敆,攴,phonophore_and_semantic,structural_remainder_presumed_semantic,合,1,ROOT-5408,IMM-5408,⿰合攴,left-right,eligible_direct,medium,True,CJKVI ids-analysis: 合亦聲,True,合,合,攴,⿰合攴,合,攴,⿰合攴,False,,,not_applicable,No accepted mapping applied.,合,COLLAPSE-01527,False,disputed,EDGE-01891,ambiguous_or_disputed,CJKVI ids-analysis explicit 聲/亦聲 annotation,https://github.com/cjkvi/cjkvi-ids,CJKVI ids-analysis: 合亦聲,,,not independently revalidated in this audit,not used for retention,Retained as disputed sensitivity edge; not primary-confirmed.,retained_disputed,2026-09-07
EDGE-02148,思,諰,言,phonophore_and_semantic,structural_remainder_presumed_semantic,思,1,ROOT-601D,IMM-601D,⿰言思,left-right,eligible_direct,medium,True,CJKVI ids-analysis: 思亦聲,True,思,思,言,⿰言思,思,言,⿰言思,False,,,not_applicable,No accepted mapping applied.,思,COLLAPSE-03017,False,disputed,EDGE-02148,ambiguous_or_disputed,CJKVI ids-analysis explicit 聲/亦聲 annotation,https://github.com/cjkvi/cjkvi-ids,CJKVI ids-analysis: 思亦聲,,,not independently revalidated in this audit,not used for retention,Retained as disputed sensitivity edge; not primary-confirmed.,retained_disputed,2026-09-07
EDGE-02154,因,姻,女,phonophore_and_semantic,structural_remainder_presumed_semantic,因,1,ROOT-56E0,IMM-56E0,⿰女因,left-right,eligible_direct,medium,True,CJKVI ids-analysis: 因亦聲,True,因,因,女,⿰女因,因,女,⿰女因,False,,,not_applicable,No accepted mapping applied.,因,COLLAPSE-01810,False,disputed,EDGE-02154,ambiguous_or_disputed,CJKVI ids-analysis explicit 聲/亦聲 annotation,https://github.com/cjkvi/cjkvi-ids,CJKVI ids-analysis: 因亦聲,,,not independently revalidated in this audit,not used for retention,Retained as disputed sensitivity edge; not primary-confirmed.,retained_disputed,2026-09-07
EDGE-02155,因,恩,心,phonophore_and_semantic,structural_remainder_presumed_semantic,因,1,ROOT-56E0,IMM-56E0,⿱因心,top-bottom,eligible_direct,medium,True,CJKVI ids-analysis: 因亦聲,True,因,因,心,⿱因心,因,心,⿱因心,False,,,not_applicable,No accepted mapping applied.,因,COLLAPSE-01811,False,disputed,EDGE-02155,ambiguous_or_disputed,CJKVI ids-analysis explicit 聲/亦聲 annotation,https://github.com/cjkvi/cjkvi-ids,CJKVI ids-analysis: 因亦聲,,,not independently revalidated in this audit,not used for retention,Retained as disputed sensitivity edge; not primary-confirmed.,retained_disputed,2026-09-07
EDGE-02224,厓,涯,氵,phonophore_and_semantic,structural_remainder_presumed_semantic,厓,1,ROOT-5393,IMM-5393,⿰氵厓,left-right,missing_anchor_from_frozen_population,medium,True,CJKVI ids-analysis: 厓亦聲,False,厓,厓,氵,⿰氵厓,厓,氵,⿰氵厓,False,,,not_applicable,No accepted mapping applied.,厓,COLLAPSE-01235,False,disputed,EDGE-02224,ambiguous_or_disputed,CJKVI ids-analysis explicit 聲/亦聲 annotation,https://github.com/cjkvi/cjkvi-ids,CJKVI ids-analysis: 厓亦聲,,,not independently revalidated in this audit,not used for retention,Retained as disputed sensitivity edge; not primary-confirmed.,retained_disputed,2026-09-07
EDGE-02248,圭,閨,門,phonophore_and_semantic,structural_remainder_presumed_semantic,圭,1,ROOT-572D,IMM-572D,⿵門圭,surround-from-above,eligible_direct,medium,True,CJKVI ids-analysis: 圭亦聲,True,圭,圭,門,⿵門圭,圭,門,⿵門圭,False,,,not_applicable,No accepted mapping applied.,圭,COLLAPSE-01865,False,disputed,EDGE-02248,ambiguous_or_disputed,CJKVI ids-analysis explicit 聲/亦聲 annotation,https://github.com/cjkvi/cjkvi-ids,CJKVI ids-analysis: 圭亦聲,,,not independently revalidated in this audit,not used for retention,Retained as disputed sensitivity edge; not primary-confirmed.,retained_disputed,2026-09-07
EDGE-02292,埶,蓺,艹,phonophore_and_semantic,structural_remainder_presumed_semantic,埶,1,ROOT-57F6,IMM-57F6,⿱艹埶,top-bottom,eligible_direct,medium,True,CJKVI ids-analysis: 埶亦聲,True,埶,埶,艹,⿱艹埶,埶,艹,⿱艹埶,False,,,not_applicable,No accepted mapping applied.,埶,COLLAPSE-01884,False,disputed,EDGE-02292,ambiguous_or_disputed,CJKVI ids-analysis explicit 聲/亦聲 annotation,https://github.com/cjkvi/cjkvi-ids,CJKVI ids-analysis: 埶亦聲,,,not independently revalidated in this audit,not used for retention,Retained as disputed sensitivity edge; not primary-confirmed.,retained_disputed,2026-09-07
EDGE-02294,蓺,藝,云,phonophore_and_semantic,structural_remainder_presumed_semantic,埶,2,ROOT-57F6,IMM-84FA,⿱蓺云,top-bottom,eligible_direct,medium,True,CJKVI ids-analysis: 蓺亦聲,True,蓺,埶,云,⿱蓺云,蓺,云,⿱蓺云,False,,,not_applicable,No accepted mapping applied.,埶,COLLAPSE-05165,False,disputed,EDGE-02294,ambiguous_or_disputed,CJKVI ids-analysis explicit 聲/亦聲 annotation,https://github.com/cjkvi/cjkvi-ids,CJKVI ids-analysis: 蓺亦聲,,,not independently revalidated in this audit,not used for retention,Retained as disputed sensitivity edge; not primary-confirmed.,retained_disputed,2026-09-07
EDGE-02306,壬,妊,女,phonophore_and_semantic,structural_remainder_presumed_semantic,壬,1,ROOT-58EC,IMM-58EC,⿰女壬,left-right,eligible_direct,medium,True,CJKVI ids-analysis: 壬亦聲,True,壬,壬,女,⿰女壬,壬,女,⿰女壬,False,,,not_applicable,No accepted mapping applied.,壬,COLLAPSE-01930,False,disputed,EDGE-02306,ambiguous_or_disputed,CJKVI ids-analysis explicit 聲/亦聲 annotation,https://github.com/cjkvi/cjkvi-ids,CJKVI ids-analysis: 壬亦聲,,,not independently revalidated in this audit,not used for retention,Retained as disputed sensitivity edge; not primary-confirmed.,retained_disputed,2026-09-07
EDGE-02376,宜,誼,言,phonophore_and_semantic,structural_remainder_presumed_semantic,宜,1,ROOT-5B9C,IMM-5B9C,⿰言宜,left-right,eligible_direct,medium,True,CJKVI ids-analysis: 宜亦聲,True,宜,宜,言,⿰言宜,宜,言,⿰言宜,False,,,not_applicable,No accepted mapping applied.,宜,COLLAPSE-02356,False,disputed,EDGE-02376,ambiguous_or_disputed,CJKVI ids-analysis explicit 聲/亦聲 annotation,https://github.com/cjkvi/cjkvi-ids,CJKVI ids-analysis: 宜亦聲,,,not independently revalidated in this audit,not used for retention,Retained as disputed sensitivity edge; not primary-confirmed.,retained_disputed,2026-09-07
EDGE-02434,夰,奡,𦣻,phonophore_and_semantic,structural_remainder_presumed_semantic,夰,1,ROOT-5930,IMM-5930,⿱𦣻夰,top-bottom,missing_anchor_from_frozen_population,medium,True,CJKVI ids-analysis: 夰亦聲,False,夰,夰,𦣻,⿱𦣻夰,夰,𦣻,⿱𦣻夰,False,,,not_applicable,No accepted mapping applied.,夰,COLLAPSE-02058,False,disputed,EDGE-02434,ambiguous_or_disputed,CJKVI ids-analysis explicit 聲/亦聲 annotation,https://github.com/cjkvi/cjkvi-ids,CJKVI ids-analysis: 夰亦聲,,,not independently revalidated in this audit,not used for retention,Retained as disputed sensitivity edge; not primary-confirmed.,retained_disputed,2026-09-07
EDGE-02565,子,字,宀,phonophore_and_semantic,structural_remainder_presumed_semantic,子,1,ROOT-5B50,IMM-5B50,⿱宀子,top-bottom,eligible_direct,medium,True,CJKVI ids-analysis: 子亦聲,True,子,子,宀,⿱宀子,子,宀,⿱宀子,False,,,not_applicable,No accepted mapping applied.,子,COLLAPSE-02247,False,disputed,EDGE-02565,ambiguous_or_disputed,CJKVI ids-analysis explicit 聲/亦聲 annotation,https://github.com/cjkvi/cjkvi-ids,CJKVI ids-analysis: 子亦聲,,,not independently revalidated in this audit,not used for retention,Retained as disputed sensitivity edge; not primary-confirmed.,retained_disputed,2026-09-07
EDGE-02748,𡭴,隙,阝,phonophore_and_semantic,structural_remainder_presumed_semantic,𡭴,1,ROOT-21B74,IMM-21B74,⿰阝𡭴,left-right,missing_anchor_from_frozen_population,medium,True,CJKVI ids-analysis: 𡭴亦聲,False,𡭴,𡭴,阝,⿰阝𡭴,𡭴,阝,⿰阝𡭴,False,,,not_applicable,No accepted mapping applied.,𡭴,COLLAPSE-06090,False,disputed,EDGE-02748,ambiguous_or_disputed,CJKVI ids-analysis explicit 聲/亦聲 annotation,https://github.com/cjkvi/cjkvi-ids,CJKVI ids-analysis: 𡭴亦聲,,,not independently revalidated in this audit,not used for retention,Retained as disputed sensitivity edge; not primary-confirmed.,retained_disputed,2026-09-07
EDGE-02770,屚,漏,氵,phonophore_and_semantic,structural_remainder_presumed_semantic,屚,1,ROOT-5C5A,IMM-5C5A,⿰氵屚,left-right,missing_anchor_from_frozen_population,medium,True,CJKVI ids-analysis: 屚亦聲,False,屚,屚,氵,⿰氵屚,屚,氵,⿰氵屚,False,,,not_applicable,No accepted mapping applied.,屚,COLLAPSE-02561,False,disputed,EDGE-02770,ambiguous_or_disputed,CJKVI ids-analysis explicit 聲/亦聲 annotation,https://github.com/cjkvi/cjkvi-ids,CJKVI ids-analysis: 屚亦聲,,,not independently revalidated in this audit,not used for retention,Retained as disputed sensitivity edge; not primary-confirmed.,retained_disputed,2026-09-07
EDGE-02872,𡿧,災,火,phonophore_and_semantic,structural_remainder_presumed_semantic,𡿧,1,ROOT-21FE7,IMM-21FE7,⿱𡿧火,top-bottom,missing_anchor_from_frozen_population,medium,True,CJKVI ids-analysis: 𡿧亦聲,False,𡿧,𡿧,火,⿱𡿧火,𡿧,火,⿱𡿧火,False,,,not_applicable,No accepted mapping applied.,𡿧,COLLAPSE-06092,False,disputed,EDGE-02872,ambiguous_or_disputed,CJKVI ids-analysis explicit 聲/亦聲 annotation,https://github.com/cjkvi/cjkvi-ids,CJKVI ids-analysis: 𡿧亦聲,,,not independently revalidated in this audit,not used for retention,Retained as disputed sensitivity edge; not primary-confirmed.,retained_disputed,2026-09-07
EDGE-02913,空,腔,肉,phonophore_and_semantic,structural_remainder_presumed_semantic,工,2,ROOT-5DE5,IMM-7A7A,⿰肉空,left-right,eligible_direct,medium,True,CJKVI ids-analysis: 空亦聲,True,空,工,肉,⿰肉空,空,肉,⿰肉空,False,,,not_applicable,No accepted mapping applied.,工,COLLAPSE-04659,False,disputed,EDGE-02913,ambiguous_or_disputed,CJKVI ids-analysis explicit 聲/亦聲 annotation,https://github.com/cjkvi/cjkvi-ids,CJKVI ids-analysis: 空亦聲,,,not independently revalidated in this audit,not used for retention,Retained as disputed sensitivity edge; not primary-confirmed.,retained_disputed,2026-09-07
EDGE-03061,㡀,敝,攵,phonophore_and_semantic,structural_remainder_presumed_semantic,㡀,1,ROOT-3840,IMM-3840,⿰㡀攵,left-right,missing_anchor_from_frozen_population,medium,True,CJKVI ids-analysis: 㡀亦聲,False,㡀,㡀,攵,⿰㡀攵,㡀,攵,⿰㡀攵,False,,,not_applicable,No accepted mapping applied.,㡀,COLLAPSE-00048,False,disputed,EDGE-03061,ambiguous_or_disputed,CJKVI ids-analysis explicit 聲/亦聲 annotation,https://github.com/cjkvi/cjkvi-ids,CJKVI ids-analysis: 㡀亦聲,,,not independently revalidated in this audit,not used for retention,Retained as disputed sensitivity edge; not primary-confirmed.,retained_disputed,2026-09-07
EDGE-03146,𢆶,幽,山,phonophore_and_semantic,structural_remainder_presumed_semantic,𢆶,1,ROOT-221B6,IMM-221B6,⿻山𢆶,overlay,missing_anchor_from_frozen_population,medium,True,CJKVI ids-analysis: 𢆶亦聲,False,𢆶,𢆶,山,⿻山𢆶,𢆶,山,⿻山𢆶,False,,,not_applicable,No accepted mapping applied.,𢆶,COLLAPSE-06098,False,disputed,EDGE-03146,ambiguous_or_disputed,CJKVI ids-analysis explicit 聲/亦聲 annotation,https://github.com/cjkvi/cjkvi-ids,CJKVI ids-analysis: 𢆶亦聲,,,not independently revalidated in this audit,not used for retention,Retained as disputed sensitivity edge; not primary-confirmed.,retained_disputed,2026-09-07
EDGE-03191,貸,蟘,虫,phonophore_and_semantic,structural_remainder_presumed_semantic,弋,3,ROOT-5F0B,IMM-8CB8,⿰虫貸,left-right,eligible_direct,medium,True,CJKVI ids-analysis: 貸亦聲,True,貸,弋,虫,⿰虫貸,貸,虫,⿰虫貸,False,,,not_applicable,No accepted mapping applied.,弋,COLLAPSE-05414,False,disputed,EDGE-03191,ambiguous_or_disputed,CJKVI ids-analysis explicit 聲/亦聲 annotation,https://github.com/cjkvi/cjkvi-ids,CJKVI ids-analysis: 貸亦聲,,,not independently revalidated in this audit,not used for retention,Retained as disputed sensitivity edge; not primary-confirmed.,retained_disputed,2026-09-07
EDGE-03258,彔,剝,刂,phonophore_and_semantic,structural_remainder_presumed_semantic,彔,1,ROOT-5F54,IMM-5F54,⿰彔刂,left-right,eligible_direct,medium,True,CJKVI ids-analysis: 彔亦聲,True,彔,彔,刂,⿰彔刂,彔,刂,⿰彔刂,False,,,not_applicable,No accepted mapping applied.,彔,COLLAPSE-02935,False,disputed,EDGE-03258,ambiguous_or_disputed,CJKVI ids-analysis explicit 聲/亦聲 annotation,https://github.com/cjkvi/cjkvi-ids,CJKVI ids-analysis: 彔亦聲,,,not independently revalidated in this audit,not used for retention,Retained as disputed sensitivity edge; not primary-confirmed.,retained_disputed,2026-09-07
EDGE-03277,彡,彤,丹,phonophore_and_semantic,structural_remainder_presumed_semantic,彡,1,ROOT-5F61,IMM-5F61,⿰丹彡,left-right,missing_anchor_from_frozen_population,medium,True,CJKVI ids-analysis: 彡亦聲,False,彡,彡,丹,⿰丹彡,彡,丹,⿰丹彡,False,,,not_applicable,No accepted mapping applied.,彡,COLLAPSE-02958,False,disputed,EDGE-03277,ambiguous_or_disputed,CJKVI ids-analysis explicit 聲/亦聲 annotation,https://github.com/cjkvi/cjkvi-ids,CJKVI ids-analysis: 彡亦聲,,,not independently revalidated in this audit,not used for retention,Retained as disputed sensitivity edge; not primary-confirmed.,retained_disputed,2026-09-07
EDGE-03536,斬,鏨,金,phonophore_and_semantic,structural_remainder_presumed_semantic,斬,1,ROOT-65AC,IMM-65AC,⿱斬金,top-bottom,eligible_direct,medium,True,CJKVI ids-analysis: 斬亦聲,True,斬,斬,金,⿱斬金,斬,金,⿱斬金,False,,,not_applicable,No accepted mapping applied.,斬,COLLAPSE-03284,False,disputed,EDGE-03536,ambiguous_or_disputed,CJKVI ids-analysis explicit 聲/亦聲 annotation,https://github.com/cjkvi/cjkvi-ids,CJKVI ids-analysis: 斬亦聲,,,not independently revalidated in this audit,not used for retention,Retained as disputed sensitivity edge; not primary-confirmed.,retained_disputed,2026-09-07
EDGE-03602,日,衵,衤,phonophore_and_semantic,structural_remainder_presumed_semantic,日,1,ROOT-65E5,IMM-65E5,⿰衤日,left-right,eligible_direct,medium,True,CJKVI ids-analysis: 日亦聲,True,日,日,衤,⿰衤日,日,衤,⿰衤日,False,,,not_applicable,No accepted mapping applied.,日,COLLAPSE-03341,False,disputed,EDGE-03602,ambiguous_or_disputed,CJKVI ids-analysis explicit 聲/亦聲 annotation,https://github.com/cjkvi/cjkvi-ids,CJKVI ids-analysis: 日亦聲,,,not independently revalidated in this audit,not used for retention,Retained as disputed sensitivity edge; not primary-confirmed.,retained_disputed,2026-09-07
EDGE-03658,昏,婚,女,phonophore_and_semantic,structural_remainder_presumed_semantic,昏,1,ROOT-660F,IMM-660F,⿰女昏,left-right,eligible_direct,medium,True,CJKVI ids-analysis: 昏亦聲,True,昏,昏,女,⿰女昏,昏,女,⿰女昏,False,,,not_applicable,No accepted mapping applied.,昏,COLLAPSE-03393,False,disputed,EDGE-03658,ambiguous_or_disputed,CJKVI ids-analysis explicit 聲/亦聲 annotation,https://github.com/cjkvi/cjkvi-ids,CJKVI ids-analysis: 昏亦聲,,,not independently revalidated in this audit,not used for retention,Retained as disputed sensitivity edge; not primary-confirmed.,retained_disputed,2026-09-07
EDGE-03661,昏,閽,門,phonophore_and_semantic,structural_remainder_presumed_semantic,昏,1,ROOT-660F,IMM-660F,⿵門昏,surround-from-above,eligible_direct,medium,True,CJKVI ids-analysis: 昏亦聲,True,昏,昏,門,⿵門昏,昏,門,⿵門昏,False,,,not_applicable,No accepted mapping applied.,昏,COLLAPSE-03396,False,disputed,EDGE-03661,ambiguous_or_disputed,CJKVI ids-analysis explicit 聲/亦聲 annotation,https://github.com/cjkvi/cjkvi-ids,CJKVI ids-analysis: 昏亦聲,,,not independently revalidated in this audit,not used for retention,Retained as disputed sensitivity edge; not primary-confirmed.,retained_disputed,2026-09-07
EDGE-03770,會,儈,亻,phonophore_and_semantic,structural_remainder_presumed_semantic,會,1,ROOT-6703,IMM-6703,⿰亻會,left-right,eligible_direct,medium,True,CJKVI ids-analysis: 會亦聲,True,會,會,亻,⿰亻會,會,亻,⿰亻會,False,,,not_applicable,No accepted mapping applied.,會,COLLAPSE-03528,False,disputed,EDGE-03770,ambiguous_or_disputed,CJKVI ids-analysis explicit 聲/亦聲 annotation,https://github.com/cjkvi/cjkvi-ids,CJKVI ids-analysis: 會亦聲,,,not independently revalidated in this audit,not used for retention,Retained as disputed sensitivity edge; not primary-confirmed.,retained_disputed,2026-09-07
EDGE-03833,朿,刺,刂,phonophore_and_semantic,structural_remainder_presumed_semantic,朿,1,ROOT-673F,IMM-673F,⿰朿刂,left-right,eligible_direct,medium,True,CJKVI ids-analysis: 朿亦聲,True,朿,朿,刂,⿰朿刂,朿,刂,⿰朿刂,False,,,not_applicable,No accepted mapping applied.,朿,COLLAPSE-03610,False,disputed,EDGE-03833,ambiguous_or_disputed,CJKVI ids-analysis explicit 聲/亦聲 annotation,https://github.com/cjkvi/cjkvi-ids,CJKVI ids-analysis: 朿亦聲,,,not independently revalidated in this audit,not used for retention,Retained as disputed sensitivity edge; not primary-confirmed.,retained_disputed,2026-09-07
EDGE-03837,責,債,亻,phonophore_and_semantic,structural_remainder_presumed_semantic,責,1,ROOT-8CAC,IMM-8CAC,⿰亻責,left-right,eligible_direct,medium,True,CJKVI ids-analysis: 責亦聲,True,責,責,亻,⿰亻責,責,亻,⿰亻責,False,,,not_applicable,No accepted mapping applied.,責,COLLAPSE-05400,False,disputed,EDGE-03837,ambiguous_or_disputed,CJKVI ids-analysis explicit 聲/亦聲 annotation,https://github.com/cjkvi/cjkvi-ids,CJKVI ids-analysis: 責亦聲,,,not independently revalidated in this audit,not used for retention,Retained as disputed sensitivity edge; not primary-confirmed.,retained_disputed,2026-09-07
EDGE-04016,正,政,攵,phonophore_and_semantic,structural_remainder_presumed_semantic,正,1,ROOT-6B63,IMM-6B63,⿰正攵,left-right,eligible_direct,medium,True,CJKVI ids-analysis: 正亦聲,True,正,正,攵,⿰正攵,正,攵,⿰正攵,False,,,not_applicable,No accepted mapping applied.,正,COLLAPSE-03762,False,disputed,EDGE-04016,ambiguous_or_disputed,CJKVI ids-analysis explicit 聲/亦聲 annotation,https://github.com/cjkvi/cjkvi-ids,CJKVI ids-analysis: 正亦聲,,,not independently revalidated in this audit,not used for retention,Retained as disputed sensitivity edge; not primary-confirmed.,retained_disputed,2026-09-07
EDGE-04017,正,整,敕,phonophore_and_semantic,structural_remainder_presumed_semantic,正,1,ROOT-6B63,IMM-6B63,⿱敕正,top-bottom,eligible_direct,medium,True,CJKVI ids-analysis: 正亦聲,True,正,正,敕,⿱敕正,正,敕,⿱敕正,False,,,not_applicable,No accepted mapping applied.,正,COLLAPSE-03763,False,disputed,EDGE-04017,ambiguous_or_disputed,CJKVI ids-analysis explicit 聲/亦聲 annotation,https://github.com/cjkvi/cjkvi-ids,CJKVI ids-analysis: 正亦聲,,,not independently revalidated in this audit,not used for retention,Retained as disputed sensitivity edge; not primary-confirmed.,retained_disputed,2026-09-07
EDGE-04100,氐,低,亻,phonophore_and_semantic,structural_remainder_presumed_semantic,氐,1,ROOT-6C10,IMM-6C10,⿰亻氐,left-right,eligible_direct,medium,True,CJKVI ids-analysis: 氐亦聲,True,氐,氐,亻,⿰亻氐,氐,亻,⿰亻氐,False,,,not_applicable,No accepted mapping applied.,氐,COLLAPSE-03884,False,disputed,EDGE-04100,ambiguous_or_disputed,CJKVI ids-analysis explicit 聲/亦聲 annotation,https://github.com/cjkvi/cjkvi-ids,CJKVI ids-analysis: 氐亦聲,,,not independently revalidated in this audit,not used for retention,Retained as disputed sensitivity edge; not primary-confirmed.,retained_disputed,2026-09-07
EDGE-04135,𠂢,派,氵,phonophore_and_semantic,structural_remainder_presumed_semantic,𠂢,1,ROOT-200A2,IMM-200A2,⿰氵𠂢,left-right,missing_anchor_from_frozen_population,medium,True,CJKVI ids-analysis: 𠂢亦聲,False,𠂢,𠂢,氵,⿰氵𠂢,𠂢,氵,⿰氵𠂢,False,,,not_applicable,No accepted mapping applied.,𠂢,COLLAPSE-06062,False,disputed,EDGE-04135,ambiguous_or_disputed,CJKVI ids-analysis explicit 聲/亦聲 annotation,https://github.com/cjkvi/cjkvi-ids,CJKVI ids-analysis: 𠂢亦聲,,,not independently revalidated in this audit,not used for retention,Retained as disputed sensitivity edge; not primary-confirmed.,retained_disputed,2026-09-07
EDGE-04139,𠂢,覛,見,phonophore_and_semantic,structural_remainder_presumed_semantic,𠂢,1,ROOT-200A2,IMM-200A2,⿰𠂢見,left-right,missing_anchor_from_frozen_population,medium,True,CJKVI ids-analysis: 𠂢亦聲,False,𠂢,𠂢,見,⿰𠂢見,𠂢,見,⿰𠂢見,False,,,not_applicable,No accepted mapping applied.,𠂢,COLLAPSE-06064,False,disputed,EDGE-04139,ambiguous_or_disputed,CJKVI ids-analysis explicit 聲/亦聲 annotation,https://github.com/cjkvi/cjkvi-ids,CJKVI ids-analysis: 𠂢亦聲,,,not independently revalidated in this audit,not used for retention,Retained as disputed sensitivity edge; not primary-confirmed.,retained_disputed,2026-09-07
EDGE-04473,生,姓,女,phonophore_and_semantic,structural_remainder_presumed_semantic,生,1,ROOT-751F,IMM-751F,⿰女生,left-right,eligible_direct,medium,True,CJKVI ids-analysis: 生亦聲,True,生,生,女,⿰女生,生,女,⿰女生,False,,,not_applicable,No accepted mapping applied.,生,COLLAPSE-04186,False,disputed,EDGE-04473,ambiguous_or_disputed,CJKVI ids-analysis explicit 聲/亦聲 annotation,https://github.com/cjkvi/cjkvi-ids,CJKVI ids-analysis: 生亦聲,,,not independently revalidated in this audit,not used for retention,Retained as disputed sensitivity edge; not primary-confirmed.,retained_disputed,2026-09-07
EDGE-04478,星,腥,肉,phonophore_and_semantic,structural_remainder_presumed_semantic,星,1,ROOT-661F,IMM-661F,⿰肉星,left-right,eligible_direct,medium,True,CJKVI ids-analysis: 星亦聲,True,星,星,肉,⿰肉星,星,肉,⿰肉星,False,,,not_applicable,No accepted mapping applied.,星,COLLAPSE-03431,False,disputed,EDGE-04478,ambiguous_or_disputed,CJKVI ids-analysis explicit 聲/亦聲 annotation,https://github.com/cjkvi/cjkvi-ids,CJKVI ids-analysis: 星亦聲,,,not independently revalidated in this audit,not used for retention,Retained as disputed sensitivity edge; not primary-confirmed.,retained_disputed,2026-09-07
EDGE-04618,畫,劃,刂,phonophore_and_semantic,structural_remainder_presumed_semantic,畫,1,ROOT-756B,IMM-756B,⿰畫刂,left-right,eligible_direct,medium,True,CJKVI ids-analysis: 畫亦聲,True,畫,畫,刂,⿰畫刂,畫,刂,⿰畫刂,False,,,not_applicable,No accepted mapping applied.,畫,COLLAPSE-04325,False,disputed,EDGE-04618,ambiguous_or_disputed,CJKVI ids-analysis explicit 聲/亦聲 annotation,https://github.com/cjkvi/cjkvi-ids,CJKVI ids-analysis: 畫亦聲,,,not independently revalidated in this audit,not used for retention,Retained as disputed sensitivity edge; not primary-confirmed.,retained_disputed,2026-09-07
EDGE-04632,畾,櫑,木,phonophore_and_semantic,structural_remainder_presumed_semantic,畾,1,ROOT-757E,IMM-757E,⿰木畾,left-right,missing_anchor_from_frozen_population,medium,True,CJKVI ids-analysis: 畾亦聲,False,畾,畾,木,⿰木畾,畾,木,⿰木畾,False,,,not_applicable,No accepted mapping applied.,畾,COLLAPSE-04340,False,disputed,EDGE-04632,ambiguous_or_disputed,CJKVI ids-analysis explicit 聲/亦聲 annotation,https://github.com/cjkvi/cjkvi-ids,CJKVI ids-analysis: 畾亦聲,,,not independently revalidated in this audit,not used for retention,Retained as disputed sensitivity edge; not primary-confirmed.,retained_disputed,2026-09-07
EDGE-04645,疋,疏,㐬,phonophore_and_semantic,structural_remainder_presumed_semantic,疋,1,ROOT-758B,IMM-758B,⿰疋㐬,left-right,eligible_direct,medium,True,CJKVI ids-analysis: 疋亦聲,True,疋,疋,㐬,⿰疋㐬,疋,㐬,⿰疋㐬,False,,,not_applicable,No accepted mapping applied.,疋,COLLAPSE-04346,False,disputed,EDGE-04645,ambiguous_or_disputed,CJKVI ids-analysis explicit 聲/亦聲 annotation,https://github.com/cjkvi/cjkvi-ids,CJKVI ids-analysis: 疋亦聲,,,not independently revalidated in this audit,not used for retention,Retained as disputed sensitivity edge; not primary-confirmed.,retained_disputed,2026-09-07
EDGE-04731,皕,奭,大,phonophore_and_semantic,structural_remainder_presumed_semantic,皕,1,ROOT-7695,IMM-7695,⿻大皕,overlay,eligible_direct,medium,True,CJKVI ids-analysis: 皕亦聲,True,皕,皕,大,⿻大皕,皕,大,⿻大皕,False,,,not_applicable,No accepted mapping applied.,皕,COLLAPSE-04426,False,disputed,EDGE-04731,ambiguous_or_disputed,CJKVI ids-analysis explicit 聲/亦聲 annotation,https://github.com/cjkvi/cjkvi-ids,CJKVI ids-analysis: 皕亦聲,,,not independently revalidated in this audit,not used for retention,Retained as disputed sensitivity edge; not primary-confirmed.,retained_disputed,2026-09-07
EDGE-04799,䀠,瞿,隹,phonophore_and_semantic,structural_remainder_presumed_semantic,䀠,1,ROOT-4020,IMM-4020,⿱䀠隹,top-bottom,missing_anchor_from_frozen_population,medium,True,CJKVI ids-analysis: 䀠亦聲,False,䀠,䀠,隹,⿱䀠隹,䀠,隹,⿱䀠隹,False,,,not_applicable,No accepted mapping applied.,䀠,COLLAPSE-00062,False,disputed,EDGE-04799,ambiguous_or_disputed,CJKVI ids-analysis explicit 聲/亦聲 annotation,https://github.com/cjkvi/cjkvi-ids,CJKVI ids-analysis: 䀠亦聲,,,not independently revalidated in this audit,not used for retention,Retained as disputed sensitivity edge; not primary-confirmed.,retained_disputed,2026-09-07
EDGE-04824,柔,煣,火,phonophore_and_semantic,structural_remainder_presumed_semantic,矛,2,ROOT-77DB,IMM-67D4,⿰火柔,left-right,eligible_direct,medium,True,CJKVI ids-analysis: 柔亦聲,True,柔,矛,火,⿰火柔,柔,火,⿰火柔,False,,,not_applicable,No accepted mapping applied.,矛,COLLAPSE-03677,False,disputed,EDGE-04824,ambiguous_or_disputed,CJKVI ids-analysis explicit 聲/亦聲 annotation,https://github.com/cjkvi/cjkvi-ids,CJKVI ids-analysis: 柔亦聲,,,not independently revalidated in this audit,not used for retention,Retained as disputed sensitivity edge; not primary-confirmed.,retained_disputed,2026-09-07
EDGE-04829,柔,鞣,革,phonophore_and_semantic,structural_remainder_presumed_semantic,矛,2,ROOT-77DB,IMM-67D4,⿰革柔,left-right,eligible_direct,medium,True,CJKVI ids-analysis: 柔亦聲,True,柔,矛,革,⿰革柔,柔,革,⿰革柔,False,,,not_applicable,No accepted mapping applied.,矛,COLLAPSE-03682,False,disputed,EDGE-04829,ambiguous_or_disputed,CJKVI ids-analysis explicit 聲/亦聲 annotation,https://github.com/cjkvi/cjkvi-ids,CJKVI ids-analysis: 柔亦聲,,,not independently revalidated in this audit,not used for retention,Retained as disputed sensitivity edge; not primary-confirmed.,retained_disputed,2026-09-07
EDGE-04879,石,祏,礻,phonophore_and_semantic,structural_remainder_presumed_semantic,石,1,ROOT-77F3,IMM-77F3,⿰礻石,left-right,eligible_direct,medium,True,CJKVI ids-analysis: 石亦聲,True,石,石,礻,⿰礻石,石,礻,⿰礻石,False,,,not_applicable,No accepted mapping applied.,石,COLLAPSE-04577,False,disputed,EDGE-04879,ambiguous_or_disputed,CJKVI ids-analysis explicit 聲/亦聲 annotation,https://github.com/cjkvi/cjkvi-ids,CJKVI ids-analysis: 石亦聲,,,not independently revalidated in this audit,not used for retention,Retained as disputed sensitivity edge; not primary-confirmed.,retained_disputed,2026-09-07
EDGE-04926,离,魑,鬼,phonophore_and_semantic,structural_remainder_presumed_semantic,离,1,ROOT-79BB,IMM-79BB,⿺鬼离,surround-lower-left,eligible_direct,medium,True,CJKVI ids-analysis: 离亦聲,True,离,离,鬼,⿺鬼离,离,鬼,⿺鬼离,False,,,not_applicable,No accepted mapping applied.,离,COLLAPSE-04620,False,disputed,EDGE-04926,ambiguous_or_disputed,CJKVI ids-analysis explicit 聲/亦聲 annotation,https://github.com/cjkvi/cjkvi-ids,CJKVI ids-analysis: 离亦聲,,,not independently revalidated in this audit,not used for retention,Retained as disputed sensitivity edge; not primary-confirmed.,retained_disputed,2026-09-07
EDGE-05037,迷,謎,言,phonophore_and_semantic,structural_remainder_presumed_semantic,米,2,ROOT-7C73,IMM-8FF7,⿰言迷,left-right,eligible_direct,medium,True,CJKVI ids-analysis: 迷亦聲,True,迷,米,言,⿰言迷,迷,言,⿰言迷,False,,,not_applicable,No accepted mapping applied.,米,COLLAPSE-05560,False,disputed,EDGE-05037,ambiguous_or_disputed,CJKVI ids-analysis explicit 聲/亦聲 annotation,https://github.com/cjkvi/cjkvi-ids,CJKVI ids-analysis: 迷亦聲,,,not independently revalidated in this audit,not used for retention,Retained as disputed sensitivity edge; not primary-confirmed.,retained_disputed,2026-09-07
EDGE-05070,羊,羌,儿,phonophore_and_semantic,structural_remainder_presumed_semantic,羊,1,ROOT-7F8A,IMM-7F8A,⿱羊儿,top-bottom,eligible_direct,medium,True,CJKVI ids-analysis: 羊亦聲,True,羊,羊,儿,⿱羊儿,羊,儿,⿱羊儿,False,,,not_applicable,No accepted mapping applied.,羊,COLLAPSE-04747,False,disputed,EDGE-05070,ambiguous_or_disputed,CJKVI ids-analysis explicit 聲/亦聲 annotation,https://github.com/cjkvi/cjkvi-ids,CJKVI ids-analysis: 羊亦聲,,,not independently revalidated in this audit,not used for retention,Retained as disputed sensitivity edge; not primary-confirmed.,retained_disputed,2026-09-07
EDGE-05142,䊮,糶,出,phonophore_and_semantic,structural_remainder_presumed_semantic,䊮,1,ROOT-42AE,IMM-42AE,⿶䊮出,surround-from-below,missing_anchor_from_frozen_population,medium,True,CJKVI ids-analysis: 䊮亦聲,False,䊮,䊮,出,⿶䊮出,䊮,出,⿶䊮出,False,,,not_applicable,No accepted mapping applied.,䊮,COLLAPSE-00066,False,disputed,EDGE-05142,ambiguous_or_disputed,CJKVI ids-analysis explicit 聲/亦聲 annotation,https://github.com/cjkvi/cjkvi-ids,CJKVI ids-analysis: 䊮亦聲,,,not independently revalidated in this audit,not used for retention,Retained as disputed sensitivity edge; not primary-confirmed.,retained_disputed,2026-09-07
EDGE-05154,而,耏,彡,phonophore_and_semantic,structural_remainder_presumed_semantic,而,1,ROOT-800C,IMM-800C,⿰而彡,left-right,eligible_direct,medium,True,CJKVI ids-analysis: 而亦聲,True,而,而,彡,⿰而彡,而,彡,⿰而彡,False,,,not_applicable,No accepted mapping applied.,而,COLLAPSE-04844,False,disputed,EDGE-05154,ambiguous_or_disputed,CJKVI ids-analysis explicit 聲/亦聲 annotation,https://github.com/cjkvi/cjkvi-ids,CJKVI ids-analysis: 而亦聲,,,not independently revalidated in this audit,not used for retention,Retained as disputed sensitivity edge; not primary-confirmed.,retained_disputed,2026-09-07
EDGE-05167,豈,愷,忄,phonophore_and_semantic,structural_remainder_presumed_semantic,豈,1,ROOT-8C48,IMM-8C48,⿰忄豈,left-right,eligible_direct,medium,True,CJKVI ids-analysis: 豈亦聲,True,豈,豈,忄,⿰忄豈,豈,忄,⿰忄豈,False,,,not_applicable,No accepted mapping applied.,豈,COLLAPSE-05342,False,disputed,EDGE-05167,ambiguous_or_disputed,CJKVI ids-analysis explicit 聲/亦聲 annotation,https://github.com/cjkvi/cjkvi-ids,CJKVI ids-analysis: 豈亦聲,,,not independently revalidated in this audit,not used for retention,Retained as disputed sensitivity edge; not primary-confirmed.,retained_disputed,2026-09-07
EDGE-05180,段,碫,石,phonophore_and_semantic,structural_remainder_presumed_semantic,段,1,ROOT-6BB5,IMM-6BB5,⿰石段,left-right,eligible_direct,medium,True,CJKVI ids-analysis: 段亦聲,True,段,段,石,⿰石段,段,石,⿰石段,False,,,not_applicable,No accepted mapping applied.,段,COLLAPSE-03808,False,disputed,EDGE-05180,ambiguous_or_disputed,CJKVI ids-analysis explicit 聲/亦聲 annotation,https://github.com/cjkvi/cjkvi-ids,CJKVI ids-analysis: 段亦聲,,,not independently revalidated in this audit,not used for retention,Retained as disputed sensitivity edge; not primary-confirmed.,retained_disputed,2026-09-07
EDGE-05204,耳,珥,王,phonophore_and_semantic,structural_remainder_presumed_semantic,耳,1,ROOT-8033,IMM-8033,⿰王耳,left-right,eligible_direct,medium,True,CJKVI ids-analysis: 耳亦聲,True,耳,耳,王,⿰王耳,耳,王,⿰王耳,False,,,not_applicable,No accepted mapping applied.,耳,COLLAPSE-04871,False,disputed,EDGE-05204,ambiguous_or_disputed,CJKVI ids-analysis explicit 聲/亦聲 annotation,https://github.com/cjkvi/cjkvi-ids,CJKVI ids-analysis: 耳亦聲,,,not independently revalidated in this audit,not used for retention,Retained as disputed sensitivity edge; not primary-confirmed.,retained_disputed,2026-09-07
EDGE-05331,臽,窞,穴,phonophore_and_semantic,structural_remainder_presumed_semantic,臽,1,ROOT-81FD,IMM-81FD,⿱穴臽,top-bottom,missing_anchor_from_frozen_population,medium,True,CJKVI ids-analysis: 臽亦聲,False,臽,臽,穴,⿱穴臽,臽,穴,⿱穴臽,False,,,not_applicable,No accepted mapping applied.,臽,COLLAPSE-05013,False,disputed,EDGE-05331,ambiguous_or_disputed,CJKVI ids-analysis explicit 聲/亦聲 annotation,https://github.com/cjkvi/cjkvi-ids,CJKVI ids-analysis: 臽亦聲,,,not independently revalidated in this audit,not used for retention,Retained as disputed sensitivity edge; not primary-confirmed.,retained_disputed,2026-09-07
EDGE-05339,監,覽,見,phonophore_and_semantic,structural_remainder_presumed_semantic,監,1,ROOT-76E3,IMM-76E3,⿱監見,top-bottom,eligible_direct,medium,True,CJKVI ids-analysis: 監亦聲,True,監,監,見,⿱監見,監,見,⿱監見,False,,,not_applicable,No accepted mapping applied.,監,COLLAPSE-04465,False,disputed,EDGE-05339,ambiguous_or_disputed,CJKVI ids-analysis explicit 聲/亦聲 annotation,https://github.com/cjkvi/cjkvi-ids,CJKVI ids-analysis: 監亦聲,,,not independently revalidated in this audit,not used for retention,Retained as disputed sensitivity edge; not primary-confirmed.,retained_disputed,2026-09-07
EDGE-05413,受,授,扌,phonophore_and_semantic,structural_remainder_presumed_semantic,受,1,ROOT-53D7,IMM-53D7,⿰扌受,left-right,eligible_direct,medium,True,CJKVI ids-analysis: 受亦聲,True,受,受,扌,⿰扌受,受,扌,⿰扌受,False,,,not_applicable,No accepted mapping applied.,受,COLLAPSE-01355,False,disputed,EDGE-05413,ambiguous_or_disputed,CJKVI ids-analysis explicit 聲/亦聲 annotation,https://github.com/cjkvi/cjkvi-ids,CJKVI ids-analysis: 受亦聲,,,not independently revalidated in this audit,not used for retention,Retained as disputed sensitivity edge; not primary-confirmed.,retained_disputed,2026-09-07
EDGE-05432,色,赩,赤,phonophore_and_semantic,structural_remainder_presumed_semantic,色,1,ROOT-8272,IMM-8272,⿰赤色,left-right,eligible_direct,medium,True,CJKVI ids-analysis: 色亦聲,True,色,色,赤,⿰赤色,色,赤,⿰赤色,False,,,not_applicable,No accepted mapping applied.,色,COLLAPSE-05077,False,disputed,EDGE-05432,ambiguous_or_disputed,CJKVI ids-analysis explicit 聲/亦聲 annotation,https://github.com/cjkvi/cjkvi-ids,CJKVI ids-analysis: 色亦聲,,,not independently revalidated in this audit,not used for retention,Retained as disputed sensitivity edge; not primary-confirmed.,retained_disputed,2026-09-07
EDGE-05448,芻,犓,牜,phonophore_and_semantic,structural_remainder_presumed_semantic,芻,1,ROOT-82BB,IMM-82BB,⿰牜芻,left-right,eligible_direct,medium,True,CJKVI ids-analysis: 芻亦聲,True,芻,芻,牜,⿰牜芻,芻,牜,⿰牜芻,False,,,not_applicable,No accepted mapping applied.,芻,COLLAPSE-05080,False,disputed,EDGE-05448,ambiguous_or_disputed,CJKVI ids-analysis explicit 聲/亦聲 annotation,https://github.com/cjkvi/cjkvi-ids,CJKVI ids-analysis: 芻亦聲,,,not independently revalidated in this audit,not used for retention,Retained as disputed sensitivity edge; not primary-confirmed.,retained_disputed,2026-09-07
EDGE-05469,敬,憼,心,phonophore_and_semantic,structural_remainder_presumed_semantic,茍,2,ROOT-830D,IMM-656C,⿱敬心,top-bottom,eligible_direct,medium,True,CJKVI ids-analysis: 敬亦聲,True,敬,茍,心,⿱敬心,敬,心,⿱敬心,False,,,not_applicable,No accepted mapping applied.,茍,COLLAPSE-03235,False,disputed,EDGE-05469,ambiguous_or_disputed,CJKVI ids-analysis explicit 聲/亦聲 annotation,https://github.com/cjkvi/cjkvi-ids,CJKVI ids-analysis: 敬亦聲,,,not independently revalidated in this audit,not used for retention,Retained as disputed sensitivity edge; not primary-confirmed.,retained_disputed,2026-09-07
EDGE-05471,敬,警,言,phonophore_and_semantic,structural_remainder_presumed_semantic,茍,2,ROOT-830D,IMM-656C,⿱敬言,top-bottom,eligible_direct,medium,True,CJKVI ids-analysis: 敬亦聲,True,敬,茍,言,⿱敬言,敬,言,⿱敬言,False,,,not_applicable,No accepted mapping applied.,茍,COLLAPSE-03237,False,disputed,EDGE-05471,ambiguous_or_disputed,CJKVI ids-analysis explicit 聲/亦聲 annotation,https://github.com/cjkvi/cjkvi-ids,CJKVI ids-analysis: 敬亦聲,,,not independently revalidated in this audit,not used for retention,Retained as disputed sensitivity edge; not primary-confirmed.,retained_disputed,2026-09-07
EDGE-05476,菐,僕,亻,phonophore_and_semantic,structural_remainder_presumed_semantic,菐,1,ROOT-83D0,IMM-83D0,⿰亻菐,left-right,missing_anchor_from_frozen_population,medium,True,CJKVI ids-analysis: 菐亦聲,False,菐,菐,亻,⿰亻菐,菐,亻,⿰亻菐,False,,,not_applicable,No accepted mapping applied.,菐,COLLAPSE-05131,False,disputed,EDGE-05476,ambiguous_or_disputed,CJKVI ids-analysis explicit 聲/亦聲 annotation,https://github.com/cjkvi/cjkvi-ids,CJKVI ids-analysis: 菐亦聲,,,not independently revalidated in this audit,not used for retention,Retained as disputed sensitivity edge; not primary-confirmed.,retained_disputed,2026-09-07
EDGE-05578,虐,瘧,疒,phonophore_and_semantic,structural_remainder_presumed_semantic,虐,1,ROOT-8650,IMM-8650,⿸疒虐,surround-upper-left,eligible_direct,medium,True,CJKVI ids-analysis: 虐亦聲,True,虐,虐,疒,⿸疒虐,虐,疒,⿸疒虐,False,,,not_applicable,No accepted mapping applied.,虐,COLLAPSE-05182,False,disputed,EDGE-05578,ambiguous_or_disputed,CJKVI ids-analysis explicit 聲/亦聲 annotation,https://github.com/cjkvi/cjkvi-ids,CJKVI ids-analysis: 虐亦聲,,,not independently revalidated in this audit,not used for retention,Retained as disputed sensitivity edge; not primary-confirmed.,retained_disputed,2026-09-07
EDGE-05616,卒,晬,日,phonophore_and_semantic,structural_remainder_presumed_semantic,卒,1,ROOT-5352,IMM-5352,⿰日卒,left-right,eligible_direct,medium,True,CJKVI ids-analysis: 卒亦聲,True,卒,卒,日,⿰日卒,卒,日,⿰日卒,False,,,not_applicable,No accepted mapping applied.,卒,COLLAPSE-01147,False,disputed,EDGE-05616,ambiguous_or_disputed,CJKVI ids-analysis explicit 聲/亦聲 annotation,https://github.com/cjkvi/cjkvi-ids,CJKVI ids-analysis: 卒亦聲,,,not independently revalidated in this audit,not used for retention,Retained as disputed sensitivity edge; not primary-confirmed.,retained_disputed,2026-09-07
EDGE-05633,賈,價,亻,phonophore_and_semantic,structural_remainder_presumed_semantic,襾,2,ROOT-897E,IMM-8CC8,⿰亻賈,left-right,eligible_direct,medium,True,CJKVI ids-analysis: 賈亦聲,True,賈,襾,亻,⿰亻賈,賈,亻,⿰亻賈,False,,,not_applicable,No accepted mapping applied.,襾,COLLAPSE-05429,False,disputed,EDGE-05633,ambiguous_or_disputed,CJKVI ids-analysis explicit 聲/亦聲 annotation,https://github.com/cjkvi/cjkvi-ids,CJKVI ids-analysis: 賈亦聲,,,not independently revalidated in this audit,not used for retention,Retained as disputed sensitivity edge; not primary-confirmed.,retained_disputed,2026-09-07
EDGE-05636,見,晛,日,phonophore_and_semantic,structural_remainder_presumed_semantic,見,1,ROOT-898B,IMM-898B,⿰日見,left-right,eligible_direct,medium,True,CJKVI ids-analysis: 見亦聲,True,見,見,日,⿰日見,見,日,⿰日見,False,,,not_applicable,No accepted mapping applied.,見,COLLAPSE-05267,False,disputed,EDGE-05636,ambiguous_or_disputed,CJKVI ids-analysis explicit 聲/亦聲 annotation,https://github.com/cjkvi/cjkvi-ids,CJKVI ids-analysis: 見亦聲,,,not independently revalidated in this audit,not used for retention,Retained as disputed sensitivity edge; not primary-confirmed.,retained_disputed,2026-09-07
EDGE-05644,見,靦,面,phonophore_and_semantic,structural_remainder_presumed_semantic,見,1,ROOT-898B,IMM-898B,⿰面見,left-right,eligible_direct,medium,True,CJKVI ids-analysis: 見亦聲,True,見,見,面,⿰面見,見,面,⿰面見,False,,,not_applicable,No accepted mapping applied.,見,COLLAPSE-05275,False,disputed,EDGE-05644,ambiguous_or_disputed,CJKVI ids-analysis explicit 聲/亦聲 annotation,https://github.com/cjkvi/cjkvi-ids,CJKVI ids-analysis: 見亦聲,,,not independently revalidated in this audit,not used for retention,Retained as disputed sensitivity edge; not primary-confirmed.,retained_disputed,2026-09-07
EDGE-05687,善,鄯,阝,phonophore_and_semantic,structural_remainder_presumed_semantic,善,1,ROOT-5584,IMM-5584,⿰善阝,left-right,eligible_direct,medium,True,CJKVI ids-analysis: 善亦聲,True,善,善,阝,⿰善阝,善,阝,⿰善阝,False,,,not_applicable,No accepted mapping applied.,善,COLLAPSE-01729,False,disputed,EDGE-05687,ambiguous_or_disputed,CJKVI ids-analysis explicit 聲/亦聲 annotation,https://github.com/cjkvi/cjkvi-ids,CJKVI ids-analysis: 善亦聲,,,not independently revalidated in this audit,not used for retention,Retained as disputed sensitivity edge; not primary-confirmed.,retained_disputed,2026-09-07
EDGE-05720,貝,敗,攵,phonophore_and_semantic,structural_remainder_presumed_semantic,貝,1,ROOT-8C9D,IMM-8C9D,⿰貝攵,left-right,eligible_direct,medium,True,CJKVI ids-analysis: 貝亦聲,True,貝,貝,攵,⿰貝攵,貝,攵,⿰貝攵,False,,,not_applicable,No accepted mapping applied.,貝,COLLAPSE-05386,False,disputed,EDGE-05720,ambiguous_or_disputed,CJKVI ids-analysis explicit 聲/亦聲 annotation,https://github.com/cjkvi/cjkvi-ids,CJKVI ids-analysis: 貝亦聲,,,not independently revalidated in this audit,not used for retention,Retained as disputed sensitivity edge; not primary-confirmed.,retained_disputed,2026-09-07
EDGE-05757,𣪠,轚,車,phonophore_and_semantic,structural_remainder_presumed_semantic,𣪠,1,ROOT-23AA0,IMM-23AA0,⿱𣪠車,top-bottom,missing_anchor_from_frozen_population,medium,True,CJKVI ids-analysis: 𣪠亦聲,False,𣪠,𣪠,車,⿱𣪠車,𣪠,車,⿱𣪠車,False,,,not_applicable,No accepted mapping applied.,𣪠,COLLAPSE-06131,False,disputed,EDGE-05757,ambiguous_or_disputed,CJKVI ids-analysis explicit 聲/亦聲 annotation,https://github.com/cjkvi/cjkvi-ids,CJKVI ids-analysis: 𣪠亦聲,,,not independently revalidated in this audit,not used for retention,Retained as disputed sensitivity edge; not primary-confirmed.,retained_disputed,2026-09-07
EDGE-05758,而,輀,車,phonophore_and_semantic,structural_remainder_presumed_semantic,而,1,ROOT-800C,IMM-800C,⿰車而,left-right,eligible_direct,medium,True,CJKVI ids-analysis: 而亦聲,True,而,而,車,⿰車而,而,車,⿰車而,False,,,not_applicable,No accepted mapping applied.,而,COLLAPSE-04846,False,disputed,EDGE-05758,ambiguous_or_disputed,CJKVI ids-analysis explicit 聲/亦聲 annotation,https://github.com/cjkvi/cjkvi-ids,CJKVI ids-analysis: 而亦聲,,,not independently revalidated in this audit,not used for retention,Retained as disputed sensitivity edge; not primary-confirmed.,retained_disputed,2026-09-07
EDGE-05850,酉,酒,氵,phonophore_and_semantic,structural_remainder_presumed_semantic,酉,1,ROOT-9149,IMM-9149,⿰氵酉,left-right,eligible_direct,medium,True,CJKVI ids-analysis: 酉亦聲,True,酉,酉,氵,⿰氵酉,酉,氵,⿰氵酉,False,,,not_applicable,No accepted mapping applied.,酉,COLLAPSE-05619,False,disputed,EDGE-05850,ambiguous_or_disputed,CJKVI ids-analysis explicit 聲/亦聲 annotation,https://github.com/cjkvi/cjkvi-ids,CJKVI ids-analysis: 酉亦聲,,,not independently revalidated in this audit,not used for retention,Retained as disputed sensitivity edge; not primary-confirmed.,retained_disputed,2026-09-07
EDGE-06063,章,彰,彡,phonophore_and_semantic,structural_remainder_presumed_semantic,章,1,ROOT-7AE0,IMM-7AE0,⿰章彡,left-right,eligible_direct,medium,True,CJKVI ids-analysis: 章亦聲,True,章,章,彡,⿰章彡,章,彡,⿰章彡,False,,,not_applicable,No accepted mapping applied.,章,COLLAPSE-04674,False,disputed,EDGE-06063,ambiguous_or_disputed,CJKVI ids-analysis explicit 聲/亦聲 annotation,https://github.com/cjkvi/cjkvi-ids,CJKVI ids-analysis: 章亦聲,,,not independently revalidated in this audit,not used for retention,Retained as disputed sensitivity edge; not primary-confirmed.,retained_disputed,2026-09-07
EDGE-06101,高,歊,欠,phonophore_and_semantic,structural_remainder_presumed_semantic,高,1,ROOT-9AD8,IMM-9AD8,⿰高欠,left-right,eligible_direct,medium,True,CJKVI ids-analysis: 高亦聲,True,高,高,欠,⿰高欠,高,欠,⿰高欠,False,,,not_applicable,No accepted mapping applied.,高,COLLAPSE-05924,False,disputed,EDGE-06101,ambiguous_or_disputed,CJKVI ids-analysis explicit 聲/亦聲 annotation,https://github.com/cjkvi/cjkvi-ids,CJKVI ids-analysis: 高亦聲,,,not independently revalidated in this audit,not used for retention,Retained as disputed sensitivity edge; not primary-confirmed.,retained_disputed,2026-09-07
EDGE-06136,鬼,餽,飠,phonophore_and_semantic,structural_remainder_presumed_semantic,鬼,1,ROOT-9B3C,IMM-9B3C,⿰飠鬼,left-right,eligible_direct,medium,True,CJKVI ids-analysis: 鬼亦聲,True,鬼,鬼,飠,⿰飠鬼,鬼,飠,⿰飠鬼,False,,,not_applicable,No accepted mapping applied.,鬼,COLLAPSE-05958,False,disputed,EDGE-06136,ambiguous_or_disputed,CJKVI ids-analysis explicit 聲/亦聲 annotation,https://github.com/cjkvi/cjkvi-ids,CJKVI ids-analysis: 鬼亦聲,,,not independently revalidated in this audit,not used for retention,Retained as disputed sensitivity edge; not primary-confirmed.,retained_disputed,2026-09-07
EDGE-06206,店,掂,扌,inherited_component_candidate,indexing_radical_and_structural_remainder,占,2,ROOT-5360,IMM-5E97,⿰扌店,left-right,required_diagnostic_candidate,low,True,CJKVI ids.txt plus Phase IV instruction diagnostic; no CJKVI 聲 label,True,店,占,扌,⿰扌店,店,扌,⿰扌店,False,,,not_applicable,No accepted mapping applied.,占,COLLAPSE-02805,False,disputed,EDGE-06206,ambiguous_or_disputed,CJKVI ids-analysis explicit 聲/亦聲 annotation,https://github.com/cjkvi/cjkvi-ids,CJKVI ids.txt plus Phase IV instruction diagnostic; no CJKVI 聲 label,,,not independently revalidated in this audit,not used for retention,Retained as disputed sensitivity edge; not primary-confirmed.,retained_disputed,2026-09-07
EDGE-06207,店,惦,忄,inherited_component_candidate,indexing_radical_and_structural_remainder,占,2,ROOT-5360,IMM-5E97,⿰忄店,left-right,required_diagnostic_candidate,low,True,CJKVI ids.txt plus Phase IV instruction diagnostic; no CJKVI 聲 label,True,店,占,忄,⿰忄店,店,忄,⿰忄店,False,,,not_applicable,No accepted mapping applied.,占,COLLAPSE-02804,False,disputed,EDGE-06207,ambiguous_or_disputed,CJKVI ids-analysis explicit 聲/亦聲 annotation,https://github.com/cjkvi/cjkvi-ids,CJKVI ids.txt plus Phase IV instruction diagnostic; no CJKVI 聲 label,,,not independently revalidated in this audit,not used for retention,Retained as disputed sensitivity edge; not primary-confirmed.,retained_disputed,2026-09-07
EDGE-V3-06196,青,清,氵,phonophore,semantic_component_independently_validated,青,1,ROOT-9752,IMM-9752,⿰氵青,left-right,eligible_direct,high,False,Taiwan MOE Variants Dictionary: 从水，青聲,True,青,青,氵,⿰氵青,青,氵,⿰氵青,False,,,not_applicable,No A3 normalization required.,青,COLLAPSE-V3-9752-6E05,False,added,,confirmed_edge,Taiwan MOE Dictionary of Chinese Character Variants,https://dict.variants.moe.edu.tw/dictView.jsp?ID=24025,Entry explicitly states 从水，青聲.,"Chinese Text Project, Shuowen Jiezi dictionary entry",https://ctext.org/dictionary.pl?char=%E6%B8%85&if=gb,Shuowen structural statement 青聲; fanqie 七情切.,青 qing / 清 qing exact toneless Mandarin; screening corroboration only.,Added solely from independent lexicographic/historical evidence.,reviewed_confirmed,2026-09-07
